id,external_id,name,simulated,meta
5c96a1394a3f018245c5eac45e612efb,5c96a1394a3f018245c5eac45e612efb,Customer 5c96a1,True,"{""generated_name"": true}"
b919a9e7991eda8bd286ed35446ee463,b919a9e7991eda8bd286ed35446ee463,Customer b919a9,True,"{""generated_name"": true}"
0d5bb565f5c4f342681cc1bbaf817f5d,0d5bb565f5c4f342681cc1bbaf817f5d,Customer 0d5bb5,True,"{""generated_name"": true}"
25e840a7c51ad06c616051ef05610c86,25e840a7c51ad06c616051ef05610c86,Customer 25e840,True,"{""generated_name"": true}"
738ffcf1017b584e9d2684b36e07469c,738ffcf1017b584e9d2684b36e07469c,Customer 738ffc,True,"{""generated_name"": true}"
af721b7063b42fe531599b5fe3f75b59,af721b7063b42fe531599b5fe3f75b59,Customer af721b,True,"{""generated_name"": true}"
c8f4f0e903ec33304d2c7a5301a94c7e,c8f4f0e903ec33304d2c7a5301a94c7e,Customer c8f4f0,True,"{""generated_name"": true}"
3fc38cc525568f74580977683ec6d4ad,3fc38cc525568f74580977683ec6d4ad,Customer 3fc38c,True,"{""generated_name"": true}"
1e77ca4b55d1249c3c4f45b4e41b7767,1e77ca4b55d1249c3c4f45b4e41b7767,Customer 1e77ca,True,"{""generated_name"": true}"
30a81e307f19e822e7199139fe52b1b0,30a81e307f19e822e7199139fe52b1b0,Customer 30a81e,True,"{""generated_name"": true}"
fc3809b4bc01fc63d6135541882299d0,fc3809b4bc01fc63d6135541882299d0,Customer fc3809,True,"{""generated_name"": true}"
f8b71035443a05f1089f98519e97b63e,f8b71035443a05f1089f98519e97b63e,Customer f8b710,True,"{""generated_name"": true}"
35ee5bf590d47cd9c6cf08565382b770,35ee5bf590d47cd9c6cf08565382b770,Customer 35ee5b,True,"{""generated_name"": true}"
dc1dfaa9ef5d24bea5b9103b13d253fc,dc1dfaa9ef5d24bea5b9103b13d253fc,Customer dc1dfa,True,"{""generated_name"": true}"
5b3354f75d78184339b67dfabdeac97b,5b3354f75d78184339b67dfabdeac97b,Customer 5b3354,True,"{""generated_name"": true}"
452342fe6775efdea29aed288b89456d,452342fe6775efdea29aed288b89456d,Customer 452342,True,"{""generated_name"": true}"
31d01917860b026341cdde17c942b59b,31d01917860b026341cdde17c942b59b,Customer 31d019,True,"{""generated_name"": true}"
c5a2c5b988459060be5f07e0a4c01a98,c5a2c5b988459060be5f07e0a4c01a98,Customer c5a2c5,True,"{""generated_name"": true}"
3a65bbea5554e3fc6f568a2526d2bfac,3a65bbea5554e3fc6f568a2526d2bfac,Customer 3a65bb,True,"{""generated_name"": true}"
b1972e951abdf114b6ebc0182b3b31c6,b1972e951abdf114b6ebc0182b3b31c6,Customer b1972e,True,"{""generated_name"": true}"
a438f83805f67b26a97db7536b3a35e3,a438f83805f67b26a97db7536b3a35e3,Customer a438f8,True,"{""generated_name"": true}"
6a09b8412b1e72b3486c67bc14ac42a2,6a09b8412b1e72b3486c67bc14ac42a2,Customer 6a09b8,True,"{""generated_name"": true}"
8af3ab48d408b04c0ea4f59545c45439,8af3ab48d408b04c0ea4f59545c45439,Customer 8af3ab,True,"{""generated_name"": true}"
d32b8ac3cc18fb9f8430e8bb907b3078,d32b8ac3cc18fb9f8430e8bb907b3078,Customer d32b8a,True,"{""generated_name"": true}"
657dec397f46d84dbe64df2b0389b3cc,657dec397f46d84dbe64df2b0389b3cc,Customer 657dec,True,"{""generated_name"": true}"
f09b7e700d193bbd8e00f3ec54ad0195,f09b7e700d193bbd8e00f3ec54ad0195,Customer f09b7e,True,"{""generated_name"": true}"
278c74f960feeb2f4743d48a70f9bdf8,278c74f960feeb2f4743d48a70f9bdf8,Customer 278c74,True,"{""generated_name"": true}"
85a5edce6d603b18b5eb60c05f755e4f,85a5edce6d603b18b5eb60c05f755e4f,Customer 85a5ed,True,"{""generated_name"": true}"
ca59f10d5962ce3f6f7c524f118f5aa3,ca59f10d5962ce3f6f7c524f118f5aa3,Customer ca59f1,True,"{""generated_name"": true}"
bab25785bc0b036a7065bb1c5c5710de,bab25785bc0b036a7065bb1c5c5710de,Customer bab257,True,"{""generated_name"": true}"
fc7b10310fe6110e2a4a967fe04c39a7,fc7b10310fe6110e2a4a967fe04c39a7,Customer fc7b10,True,"{""generated_name"": true}"
ff66d86dd60a80525875a584d0f5d399,ff66d86dd60a80525875a584d0f5d399,Customer ff66d8,True,"{""generated_name"": true}"
b2c10a20dc7be6c0df3715ad93805bdd,b2c10a20dc7be6c0df3715ad93805bdd,Customer b2c10a,True,"{""generated_name"": true}"
da4f9f9ac73ecec9f3a1ee1c0de6d6d9,da4f9f9ac73ecec9f3a1ee1c0de6d6d9,Customer da4f9f,True,"{""generated_name"": true}"
a36f546abad892a0322ac21fda994db1,a36f546abad892a0322ac21fda994db1,Customer a36f54,True,"{""generated_name"": true}"
3ddc223389095845491ea42d872a09dd,3ddc223389095845491ea42d872a09dd,Customer 3ddc22,True,"{""generated_name"": true}"
7d8c7a2965d9a38d34c6e471d125e269,7d8c7a2965d9a38d34c6e471d125e269,Customer 7d8c7a,True,"{""generated_name"": true}"
73601b1eec55943e90ce8d61253d5c09,73601b1eec55943e90ce8d61253d5c09,Customer 73601b,True,"{""generated_name"": true}"
68a7cbc4da3a25cf5da1f4628e2ec1e9,68a7cbc4da3a25cf5da1f4628e2ec1e9,Customer 68a7cb,True,"{""generated_name"": true}"
a45554d9171c5622be450212f6ff0f1a,a45554d9171c5622be450212f6ff0f1a,Customer a45554,True,"{""generated_name"": true}"
447c2071517506f2d8617a89224afa08,447c2071517506f2d8617a89224afa08,Customer 447c20,True,"{""generated_name"": true}"
971b1719d3b2f6221dd8c5d1afb5cf2f,971b1719d3b2f6221dd8c5d1afb5cf2f,Customer 971b17,True,"{""generated_name"": true}"
b38b0ec7d754b2d5e31f854185ef6c01,b38b0ec7d754b2d5e31f854185ef6c01,Customer b38b0e,True,"{""generated_name"": true}"
cf8b814a6c0a336488440154bebfb046,cf8b814a6c0a336488440154bebfb046,Customer cf8b81,True,"{""generated_name"": true}"
48109d2c6b2edba91c3146a83ba631ac,48109d2c6b2edba91c3146a83ba631ac,Customer 48109d,True,"{""generated_name"": true}"
4daa117393e38a804850e13486899605,4daa117393e38a804850e13486899605,Customer 4daa11,True,"{""generated_name"": true}"
1b68d14e3ade3dc6d174ed730f0516f7,1b68d14e3ade3dc6d174ed730f0516f7,Customer 1b68d1,True,"{""generated_name"": true}"
cf2eeb3d980701df47a96b80b31bd5ce,cf2eeb3d980701df47a96b80b31bd5ce,Customer cf2eeb,True,"{""generated_name"": true}"
4be6b69e888b296631d72107b2409276,4be6b69e888b296631d72107b2409276,Customer 4be6b6,True,"{""generated_name"": true}"
e603eedffffb8727efe1100bb564594b,e603eedffffb8727efe1100bb564594b,Customer e603ee,True,"{""generated_name"": true}"
dc675dde53d1a70cdaf8c91326f67280,dc675dde53d1a70cdaf8c91326f67280,Customer dc675d,True,"{""generated_name"": true}"
83dd39563df1fa45fd1a6a7e682b2787,83dd39563df1fa45fd1a6a7e682b2787,Customer 83dd39,True,"{""generated_name"": true}"
0c17966568c69f8f827f574911f8b729,0c17966568c69f8f827f574911f8b729,Customer 0c1796,True,"{""generated_name"": true}"
cf78a9bb84d3893c1d378adb4a42fdf5,cf78a9bb84d3893c1d378adb4a42fdf5,Customer cf78a9,True,"{""generated_name"": true}"
e68142d59d8b0bb613a994dd9c72d356,e68142d59d8b0bb613a994dd9c72d356,Customer e68142,True,"{""generated_name"": true}"
427e0d240e383d4a63ae6ab7dfece988,427e0d240e383d4a63ae6ab7dfece988,Customer 427e0d,True,"{""generated_name"": true}"
4f813bcb1fc6c14a209ca59014318750,4f813bcb1fc6c14a209ca59014318750,Customer 4f813b,True,"{""generated_name"": true}"
c1eed380c5284f6d86f7263653ef215f,c1eed380c5284f6d86f7263653ef215f,Customer c1eed3,True,"{""generated_name"": true}"
e4f70444be096c3988db17b185baa29b,e4f70444be096c3988db17b185baa29b,Customer e4f704,True,"{""generated_name"": true}"
7a3e8038f94725db6da2a8c6b171f880,7a3e8038f94725db6da2a8c6b171f880,Customer 7a3e80,True,"{""generated_name"": true}"
82095d3b7c6a379278d9d6a851248581,82095d3b7c6a379278d9d6a851248581,Customer 82095d,True,"{""generated_name"": true}"
58e64b227af6b30e4e201fe5765c4f76,58e64b227af6b30e4e201fe5765c4f76,Customer 58e64b,True,"{""generated_name"": true}"
4eda116add853323e439c104b7d0824c,4eda116add853323e439c104b7d0824c,Customer 4eda11,True,"{""generated_name"": true}"
e2ce734f0bd635b4b82317b5e5fcd152,e2ce734f0bd635b4b82317b5e5fcd152,Customer e2ce73,True,"{""generated_name"": true}"
a881a409a6410d97b34c81929ef8294f,a881a409a6410d97b34c81929ef8294f,Customer a881a4,True,"{""generated_name"": true}"
d22aa24da72728e2998df9ca9aca4b64,d22aa24da72728e2998df9ca9aca4b64,Customer d22aa2,True,"{""generated_name"": true}"
9717f9d43aea52321082725e4db61e78,9717f9d43aea52321082725e4db61e78,Customer 9717f9,True,"{""generated_name"": true}"
cb5c545d96f39390b7f372aaa88c4a7e,cb5c545d96f39390b7f372aaa88c4a7e,Customer cb5c54,True,"{""generated_name"": true}"
b6cf39bd4b5366458bd15a532baeefa1,b6cf39bd4b5366458bd15a532baeefa1,Customer b6cf39,True,"{""generated_name"": true}"
5bb19317ef9d70891de66fd7f3a8e4e8,5bb19317ef9d70891de66fd7f3a8e4e8,Customer 5bb193,True,"{""generated_name"": true}"
c99a310aa2d94c58c25c532640dc1721,c99a310aa2d94c58c25c532640dc1721,Customer c99a31,True,"{""generated_name"": true}"
11dbfe44e786e8b50df65bb358f352aa,11dbfe44e786e8b50df65bb358f352aa,Customer 11dbfe,True,"{""generated_name"": true}"
e6f14cc50b766632514e291ea5588d04,e6f14cc50b766632514e291ea5588d04,Customer e6f14c,True,"{""generated_name"": true}"
eeeea3e11b9a1e3ce7fccb795bd85c3e,eeeea3e11b9a1e3ce7fccb795bd85c3e,Customer eeeea3,True,"{""generated_name"": true}"
233969687c07d62583272804174101bd,233969687c07d62583272804174101bd,Customer 233969,True,"{""generated_name"": true}"
a4e15c3b37a5bdc379b5d9a8b7b37450,a4e15c3b37a5bdc379b5d9a8b7b37450,Customer a4e15c,True,"{""generated_name"": true}"
17adee22dcf49a12b49cfc38e9f6397f,17adee22dcf49a12b49cfc38e9f6397f,Customer 17adee,True,"{""generated_name"": true}"
a0eaf25d81955744d16309d2954b8a4a,a0eaf25d81955744d16309d2954b8a4a,Customer a0eaf2,True,"{""generated_name"": true}"
cd60953fbe070a440b5967020f76f51c,cd60953fbe070a440b5967020f76f51c,Customer cd6095,True,"{""generated_name"": true}"
5536c239ecfb58b8960053c6f855b4cc,5536c239ecfb58b8960053c6f855b4cc,Customer 5536c2,True,"{""generated_name"": true}"
c2919fbdb45366551c1e80d5cb35cd3f,c2919fbdb45366551c1e80d5cb35cd3f,Customer c2919f,True,"{""generated_name"": true}"
b090fd67efe21ab297f5c0c6cb040e31,b090fd67efe21ab297f5c0c6cb040e31,Customer b090fd,True,"{""generated_name"": true}"
2b8b1eb7ab53ac16a2b1e60e3ab0c4fb,2b8b1eb7ab53ac16a2b1e60e3ab0c4fb,Customer 2b8b1e,True,"{""generated_name"": true}"
3915ea5d3b1ac707a26f87ea92a4d3eb,3915ea5d3b1ac707a26f87ea92a4d3eb,Customer 3915ea,True,"{""generated_name"": true}"
75190022751fc37ea481648582f29503,75190022751fc37ea481648582f29503,Customer 751900,True,"{""generated_name"": true}"
d1c8715bae84b5dce39cbb6aa1945d8c,d1c8715bae84b5dce39cbb6aa1945d8c,Customer d1c871,True,"{""generated_name"": true}"
59d942400cce7ef9f2f2cf6ee4df6c05,59d942400cce7ef9f2f2cf6ee4df6c05,Customer 59d942,True,"{""generated_name"": true}"
2ec2e8e0032d1f21c997fe6276b767ce,2ec2e8e0032d1f21c997fe6276b767ce,Customer 2ec2e8,True,"{""generated_name"": true}"
da4a999adcf6645f862d333271068632,da4a999adcf6645f862d333271068632,Customer da4a99,True,"{""generated_name"": true}"
2b2a8548b5552173e43563660de11e2f,2b2a8548b5552173e43563660de11e2f,Customer 2b2a85,True,"{""generated_name"": true}"
1bd5ffb847db8a89dee6f626e863713c,1bd5ffb847db8a89dee6f626e863713c,Customer 1bd5ff,True,"{""generated_name"": true}"
ad1a4069ee33b2920a5905b2ee117b1e,ad1a4069ee33b2920a5905b2ee117b1e,Customer ad1a40,True,"{""generated_name"": true}"
17be6cead254c429e33adb6da0cb6352,17be6cead254c429e33adb6da0cb6352,Customer 17be6c,True,"{""generated_name"": true}"
686bcbf0796c1627d0b9cef57e94808e,686bcbf0796c1627d0b9cef57e94808e,Customer 686bcb,True,"{""generated_name"": true}"
f944ee56d8467517955c2ddc7b0d486a,f944ee56d8467517955c2ddc7b0d486a,Customer f944ee,True,"{""generated_name"": true}"
cb722b9ae87c28dd0fee3d6e42e5a9bd,cb722b9ae87c28dd0fee3d6e42e5a9bd,Customer cb722b,True,"{""generated_name"": true}"
811a64d5765612c8b8727cd2990e77e6,811a64d5765612c8b8727cd2990e77e6,Customer 811a64,True,"{""generated_name"": true}"
75ff587e87e047a7e00f75bbcab17c00,75ff587e87e047a7e00f75bbcab17c00,Customer 75ff58,True,"{""generated_name"": true}"
4ffd7cf05f22d7a320750a2f9e73f665,4ffd7cf05f22d7a320750a2f9e73f665,Customer 4ffd7c,True,"{""generated_name"": true}"
3e6fd6b2f0d499456a6a6820a40f2d79,3e6fd6b2f0d499456a6a6820a40f2d79,Customer 3e6fd6,True,"{""generated_name"": true}"
1e4cc816f19bd6063bbde77d555bcb53,1e4cc816f19bd6063bbde77d555bcb53,Customer 1e4cc8,True,"{""generated_name"": true}"
53667cd51563647cf8dda0c45b343eb0,53667cd51563647cf8dda0c45b343eb0,Customer 53667c,True,"{""generated_name"": true}"
a14cb3472bf2cfb01f84874affb504c2,a14cb3472bf2cfb01f84874affb504c2,Customer a14cb3,True,"{""generated_name"": true}"
af6fd41490042a993cc1d33e42e859ae,af6fd41490042a993cc1d33e42e859ae,Customer af6fd4,True,"{""generated_name"": true}"
9343b1983b98b641123d716978deb844,9343b1983b98b641123d716978deb844,Customer 9343b1,True,"{""generated_name"": true}"
43234ad7fbde5ca583237e699ecf6941,43234ad7fbde5ca583237e699ecf6941,Customer 43234a,True,"{""generated_name"": true}"
325c0de20cb6d263ccb0d4b4ccd0bf83,325c0de20cb6d263ccb0d4b4ccd0bf83,Customer 325c0d,True,"{""generated_name"": true}"
7c91d411b91063ecbf088d9835b0912c,7c91d411b91063ecbf088d9835b0912c,Customer 7c91d4,True,"{""generated_name"": true}"
876a262de02307eaa2e7c5c07627d850,876a262de02307eaa2e7c5c07627d850,Customer 876a26,True,"{""generated_name"": true}"
da65d809b169852c1817a1939e4839a2,da65d809b169852c1817a1939e4839a2,Customer da65d8,True,"{""generated_name"": true}"
15690fe754d0f93ccba74a474bf31b4b,15690fe754d0f93ccba74a474bf31b4b,Customer 15690f,True,"{""generated_name"": true}"
174a20d05ce3833ac66877e7649aee57,174a20d05ce3833ac66877e7649aee57,Customer 174a20,True,"{""generated_name"": true}"
2311b108adb023be56ce88c35b66ddd1,2311b108adb023be56ce88c35b66ddd1,Customer 2311b1,True,"{""generated_name"": true}"
d20c006baf398a938c2b1fbbf9aa9c54,d20c006baf398a938c2b1fbbf9aa9c54,Customer d20c00,True,"{""generated_name"": true}"
944c48a5eb418eebf66fdddd731b387f,944c48a5eb418eebf66fdddd731b387f,Customer 944c48,True,"{""generated_name"": true}"
5d8f99c602be552d9707f3bd77c24d36,5d8f99c602be552d9707f3bd77c24d36,Customer 5d8f99,True,"{""generated_name"": true}"
4ab734257fb3a7e0ba87961169cb17e5,4ab734257fb3a7e0ba87961169cb17e5,Customer 4ab734,True,"{""generated_name"": true}"
b9012591f0071cffde9744468f7b4103,b9012591f0071cffde9744468f7b4103,Customer b90125,True,"{""generated_name"": true}"
6c37a02a22b0afc98eef8508398a06c2,6c37a02a22b0afc98eef8508398a06c2,Customer 6c37a0,True,"{""generated_name"": true}"
c035cedb61d638d3e8b48521a714a86e,c035cedb61d638d3e8b48521a714a86e,Customer c035ce,True,"{""generated_name"": true}"
d5d5fef2e7bc65667e835cf8b7d8ee15,d5d5fef2e7bc65667e835cf8b7d8ee15,Customer d5d5fe,True,"{""generated_name"": true}"
ed83458aeab7795e07b8b53bc983c008,ed83458aeab7795e07b8b53bc983c008,Customer ed8345,True,"{""generated_name"": true}"
f73623e9a837ef6edaf0c0f958fd5dd3,f73623e9a837ef6edaf0c0f958fd5dd3,Customer f73623,True,"{""generated_name"": true}"
4faddb71b28a095ba04a31c33d1062c8,4faddb71b28a095ba04a31c33d1062c8,Customer 4faddb,True,"{""generated_name"": true}"
fc360164eb368b0eb12c1d5eb2bf5e0d,fc360164eb368b0eb12c1d5eb2bf5e0d,Customer fc3601,True,"{""generated_name"": true}"
974444820df2071adf9a67db0a5a29d9,974444820df2071adf9a67db0a5a29d9,Customer 974444,True,"{""generated_name"": true}"
c9c8c74d8dcfc0780d40a15dea13551b,c9c8c74d8dcfc0780d40a15dea13551b,Customer c9c8c7,True,"{""generated_name"": true}"
ef0d6b4370be581cc86e7c5f4dfaa608,ef0d6b4370be581cc86e7c5f4dfaa608,Customer ef0d6b,True,"{""generated_name"": true}"
8337b30c655f04397bf9d00091475419,8337b30c655f04397bf9d00091475419,Customer 8337b3,True,"{""generated_name"": true}"
7d555efc335e63f35a6ade84172d52fd,7d555efc335e63f35a6ade84172d52fd,Customer 7d555e,True,"{""generated_name"": true}"
bfb4ff02bbd5e54a6a855c1809b42acc,bfb4ff02bbd5e54a6a855c1809b42acc,Customer bfb4ff,True,"{""generated_name"": true}"
ea45fdfe8aaa3f81604b23a652c49fcf,ea45fdfe8aaa3f81604b23a652c49fcf,Customer ea45fd,True,"{""generated_name"": true}"
c1a6e1283669b13f25bd663ebdad7931,c1a6e1283669b13f25bd663ebdad7931,Customer c1a6e1,True,"{""generated_name"": true}"
0f6d099f1459871a9024668427f9c308,0f6d099f1459871a9024668427f9c308,Customer 0f6d09,True,"{""generated_name"": true}"
7baac76b8ecd2581992afa42a7544934,7baac76b8ecd2581992afa42a7544934,Customer 7baac7,True,"{""generated_name"": true}"
3c631f7224998f22c0fa884a2e04e39c,3c631f7224998f22c0fa884a2e04e39c,Customer 3c631f,True,"{""generated_name"": true}"
67eaf8d467b1997da697f2626bd9a179,67eaf8d467b1997da697f2626bd9a179,Customer 67eaf8,True,"{""generated_name"": true}"
d41c136aac45f5b7aa28714fd05b0813,d41c136aac45f5b7aa28714fd05b0813,Customer d41c13,True,"{""generated_name"": true}"
72a3dba8de3d1b2d6f89946e019ad958,72a3dba8de3d1b2d6f89946e019ad958,Customer 72a3db,True,"{""generated_name"": true}"
bfb1a102e6fe99d83c5e78e58370a8de,bfb1a102e6fe99d83c5e78e58370a8de,Customer bfb1a1,True,"{""generated_name"": true}"
6c9c4be72fee6872d9af6242374dcb66,6c9c4be72fee6872d9af6242374dcb66,Customer 6c9c4b,True,"{""generated_name"": true}"
3b05dd546557d202fbbe3c502fa3c009,3b05dd546557d202fbbe3c502fa3c009,Customer 3b05dd,True,"{""generated_name"": true}"
b61ca21a9f10b3373c257ff5a1a1ef65,b61ca21a9f10b3373c257ff5a1a1ef65,Customer b61ca2,True,"{""generated_name"": true}"
ef5947984bf1aad3ed84c0ad7da9f059,ef5947984bf1aad3ed84c0ad7da9f059,Customer ef5947,True,"{""generated_name"": true}"
caadc9a4b4dfe30f56f399821b71c6c3,caadc9a4b4dfe30f56f399821b71c6c3,Customer caadc9,True,"{""generated_name"": true}"
aeb8478d4eba0ec09751b4c9341b3cac,aeb8478d4eba0ec09751b4c9341b3cac,Customer aeb847,True,"{""generated_name"": true}"
0029bd580d3012618731f5abb174a07f,0029bd580d3012618731f5abb174a07f,Customer 0029bd,True,"{""generated_name"": true}"
6bffa9e961fdb229eca8dffbd00d5ccd,6bffa9e961fdb229eca8dffbd00d5ccd,Customer 6bffa9,True,"{""generated_name"": true}"
f273c9986f56530612169a7a40dd9140,f273c9986f56530612169a7a40dd9140,Customer f273c9,True,"{""generated_name"": true}"
47fc77bc7a7c841e6b2f030aff4daf78,47fc77bc7a7c841e6b2f030aff4daf78,Customer 47fc77,True,"{""generated_name"": true}"
0795aec8f109d675adec20dc0023cfe4,0795aec8f109d675adec20dc0023cfe4,Customer 0795ae,True,"{""generated_name"": true}"
96604fae6eebbe739925d9be4a948601,96604fae6eebbe739925d9be4a948601,Customer 96604f,True,"{""generated_name"": true}"
04e692485d67794983507079ece729f3,04e692485d67794983507079ece729f3,Customer 04e692,True,"{""generated_name"": true}"
b46025afbb68faa3eae275eb50eb2966,b46025afbb68faa3eae275eb50eb2966,Customer b46025,True,"{""generated_name"": true}"
005f4b46e70bbd3295a38e2fd28d6566,005f4b46e70bbd3295a38e2fd28d6566,Customer 005f4b,True,"{""generated_name"": true}"
3e32aaf1cc485f176c9f19ab91943a5f,3e32aaf1cc485f176c9f19ab91943a5f,Customer 3e32aa,True,"{""generated_name"": true}"
449865938212a6f6974766a5011247a8,449865938212a6f6974766a5011247a8,Customer 449865,True,"{""generated_name"": true}"
18902585037a6ccfcc4049a182ba5293,18902585037a6ccfcc4049a182ba5293,Customer 189025,True,"{""generated_name"": true}"
930dfe46b364af81db0fb4828bce74c9,930dfe46b364af81db0fb4828bce74c9,Customer 930dfe,True,"{""generated_name"": true}"
922c07831bcff9a602e013a99c48938e,922c07831bcff9a602e013a99c48938e,Customer 922c07,True,"{""generated_name"": true}"
99a9dd526536f7f19971e4f754cbd729,99a9dd526536f7f19971e4f754cbd729,Customer 99a9dd,True,"{""generated_name"": true}"
ea00209a89ce539a19fb7de4a5b8d237,ea00209a89ce539a19fb7de4a5b8d237,Customer ea0020,True,"{""generated_name"": true}"
4c7664fe61ccc32a474b83773c40ce17,4c7664fe61ccc32a474b83773c40ce17,Customer 4c7664,True,"{""generated_name"": true}"
ec7f1811826ab04a27a92197bc40c888,ec7f1811826ab04a27a92197bc40c888,Customer ec7f18,True,"{""generated_name"": true}"
5806b2a3f14eb5221103741839c44284,5806b2a3f14eb5221103741839c44284,Customer 5806b2,True,"{""generated_name"": true}"
5bb8a67ac07b79525183f566a4bd4af1,5bb8a67ac07b79525183f566a4bd4af1,Customer 5bb8a6,True,"{""generated_name"": true}"
5cee614881d2b4cccc3378dcc933578d,5cee614881d2b4cccc3378dcc933578d,Customer 5cee61,True,"{""generated_name"": true}"
f2b309d635229f7ff00c0ec3ca616d92,f2b309d635229f7ff00c0ec3ca616d92,Customer f2b309,True,"{""generated_name"": true}"
23040ee89b8e44fbb6241f46daafbe11,23040ee89b8e44fbb6241f46daafbe11,Customer 23040e,True,"{""generated_name"": true}"
46bb69f1b7665b472b77bdeee838fbd0,46bb69f1b7665b472b77bdeee838fbd0,Customer 46bb69,True,"{""generated_name"": true}"
1a6bd2815ac4d675cef027a2a2359e3d,1a6bd2815ac4d675cef027a2a2359e3d,Customer 1a6bd2,True,"{""generated_name"": true}"
412c6ec29d51104253bcb1095dd03140,412c6ec29d51104253bcb1095dd03140,Customer 412c6e,True,"{""generated_name"": true}"
ce8ca2507641be0b2928a3e72b9c57ca,ce8ca2507641be0b2928a3e72b9c57ca,Customer ce8ca2,True,"{""generated_name"": true}"
2002d869f3d711ac0a55878c9258b7d9,2002d869f3d711ac0a55878c9258b7d9,Customer 2002d8,True,"{""generated_name"": true}"
fa98d9f9af1e16e0e205a601b0ccbe1f,fa98d9f9af1e16e0e205a601b0ccbe1f,Customer fa98d9,True,"{""generated_name"": true}"
38505d03328fe209000f0bfee6709cf4,38505d03328fe209000f0bfee6709cf4,Customer 38505d,True,"{""generated_name"": true}"
e37133c3142336f640823d5facba9b96,e37133c3142336f640823d5facba9b96,Customer e37133,True,"{""generated_name"": true}"
8ef6a280c78d8e779d9555c828a44deb,8ef6a280c78d8e779d9555c828a44deb,Customer 8ef6a2,True,"{""generated_name"": true}"
fb08e5d25419baa8f083307b5dae8db5,fb08e5d25419baa8f083307b5dae8db5,Customer fb08e5,True,"{""generated_name"": true}"
487b4ea515b16a8a3bae87a0c487b438,487b4ea515b16a8a3bae87a0c487b438,Customer 487b4e,True,"{""generated_name"": true}"
80918c373706530b087468cd92a75df0,80918c373706530b087468cd92a75df0,Customer 80918c,True,"{""generated_name"": true}"
22fb6f5179c82d4ce4368c67c1705422,22fb6f5179c82d4ce4368c67c1705422,Customer 22fb6f,True,"{""generated_name"": true}"
d4fc20e1e64c163d80e25a900d9c26c3,d4fc20e1e64c163d80e25a900d9c26c3,Customer d4fc20,True,"{""generated_name"": true}"
e3e71c3b7aa717572a4c6f4cb48fe71d,e3e71c3b7aa717572a4c6f4cb48fe71d,Customer e3e71c,True,"{""generated_name"": true}"
a6d5806c529a9c93a116468d58649ff7,a6d5806c529a9c93a116468d58649ff7,Customer a6d580,True,"{""generated_name"": true}"
745d1fa7ffc6955390e69f1e8c80fdaf,745d1fa7ffc6955390e69f1e8c80fdaf,Customer 745d1f,True,"{""generated_name"": true}"
e3ea2c912c287a7112962ed5bd521712,e3ea2c912c287a7112962ed5bd521712,Customer e3ea2c,True,"{""generated_name"": true}"
f2b2fe87de8d9fa3b7dcd15e60bddc4e,f2b2fe87de8d9fa3b7dcd15e60bddc4e,Customer f2b2fe,True,"{""generated_name"": true}"
8e35b63bc7a8d354aa8aa21612eb4bb8,8e35b63bc7a8d354aa8aa21612eb4bb8,Customer 8e35b6,True,"{""generated_name"": true}"
b810d85e6a77a107537de154d8ff5b01,b810d85e6a77a107537de154d8ff5b01,Customer b810d8,True,"{""generated_name"": true}"
ba29c41ff2fe10d13ee7b7c3ecc649fa,ba29c41ff2fe10d13ee7b7c3ecc649fa,Customer ba29c4,True,"{""generated_name"": true}"
13633f2d37d2ed79773f39acba2e5374,13633f2d37d2ed79773f39acba2e5374,Customer 13633f,True,"{""generated_name"": true}"
0c4de6166473ebccc47d8d045657540e,0c4de6166473ebccc47d8d045657540e,Customer 0c4de6,True,"{""generated_name"": true}"
1efbebfd060752700e4f64aa096396b8,1efbebfd060752700e4f64aa096396b8,Customer 1efbeb,True,"{""generated_name"": true}"
d1b21f16bbd6e71130dbb476a82274d6,d1b21f16bbd6e71130dbb476a82274d6,Customer d1b21f,True,"{""generated_name"": true}"
232e3f357bb1feb6975e76a334813259,232e3f357bb1feb6975e76a334813259,Customer 232e3f,True,"{""generated_name"": true}"
fbab43d9deb62df26f3b5b52f5abf48a,fbab43d9deb62df26f3b5b52f5abf48a,Customer fbab43,True,"{""generated_name"": true}"
894a22f97a7bc517f8d2c0e19ace239c,894a22f97a7bc517f8d2c0e19ace239c,Customer 894a22,True,"{""generated_name"": true}"
04e990f9e49b538e1752899ae51e1b12,04e990f9e49b538e1752899ae51e1b12,Customer 04e990,True,"{""generated_name"": true}"
2563f4f4247f47f05a987635b3189f86,2563f4f4247f47f05a987635b3189f86,Customer 2563f4,True,"{""generated_name"": true}"
e1970a4d5ae756f546f5d50b0d862588,e1970a4d5ae756f546f5d50b0d862588,Customer e1970a,True,"{""generated_name"": true}"
31bfa97f1ea0663a50ebc5c811ebdf4d,31bfa97f1ea0663a50ebc5c811ebdf4d,Customer 31bfa9,True,"{""generated_name"": true}"
26ba94dfa1455f35df98f0272823d02c,26ba94dfa1455f35df98f0272823d02c,Customer 26ba94,True,"{""generated_name"": true}"
ad26a26effb13bc10ea935a97e81d23a,ad26a26effb13bc10ea935a97e81d23a,Customer ad26a2,True,"{""generated_name"": true}"
9cb05885262e3459811af52c1818e354,9cb05885262e3459811af52c1818e354,Customer 9cb058,True,"{""generated_name"": true}"
2647f46ede7b96049fb3405f1f5ae263,2647f46ede7b96049fb3405f1f5ae263,Customer 2647f4,True,"{""generated_name"": true}"
c41b29a1f1a375636331f2cec739bc34,c41b29a1f1a375636331f2cec739bc34,Customer c41b29,True,"{""generated_name"": true}"
19f8fcd23ed70e29220a6a2f13ecd911,19f8fcd23ed70e29220a6a2f13ecd911,Customer 19f8fc,True,"{""generated_name"": true}"
6d3a5d0d75b907650d9d86b756b8352e,6d3a5d0d75b907650d9d86b756b8352e,Customer 6d3a5d,True,"{""generated_name"": true}"
03f36811ed7689b1b01f4ebb1dd4f145,03f36811ed7689b1b01f4ebb1dd4f145,Customer 03f368,True,"{""generated_name"": true}"
601939a99fb9b09770238774701505aa,601939a99fb9b09770238774701505aa,Customer 601939,True,"{""generated_name"": true}"
fe5cd18d036c2dff040713e83b728797,fe5cd18d036c2dff040713e83b728797,Customer fe5cd1,True,"{""generated_name"": true}"
6fa9a7cc1ae70cedadd47d4fe1042917,6fa9a7cc1ae70cedadd47d4fe1042917,Customer 6fa9a7,True,"{""generated_name"": true}"
6304255f37a0e0672ad9d547304192a3,6304255f37a0e0672ad9d547304192a3,Customer 630425,True,"{""generated_name"": true}"
3cc44e5e1e8a00f2de6f1dcde2896336,3cc44e5e1e8a00f2de6f1dcde2896336,Customer 3cc44e,True,"{""generated_name"": true}"
f08e73cf7f4d6403ec07e52497eb01bf,f08e73cf7f4d6403ec07e52497eb01bf,Customer f08e73,True,"{""generated_name"": true}"
f13d5dea2335435fe7c9b8a1901c1d1e,f13d5dea2335435fe7c9b8a1901c1d1e,Customer f13d5d,True,"{""generated_name"": true}"
ca1c7b496a7a43fff06ce5004a13be11,ca1c7b496a7a43fff06ce5004a13be11,Customer ca1c7b,True,"{""generated_name"": true}"
8b3cba4fdea0b36401a5e0783a0178b8,8b3cba4fdea0b36401a5e0783a0178b8,Customer 8b3cba,True,"{""generated_name"": true}"
af3b088cc032929684c5b18cefc67327,af3b088cc032929684c5b18cefc67327,Customer af3b08,True,"{""generated_name"": true}"
814ea47c5ea63f6232386e8696b42252,814ea47c5ea63f6232386e8696b42252,Customer 814ea4,True,"{""generated_name"": true}"
ad45f980fbeb063f41cbbf20bc3e8399,ad45f980fbeb063f41cbbf20bc3e8399,Customer ad45f9,True,"{""generated_name"": true}"
622f869865eac935f83c91cbae73c8d8,622f869865eac935f83c91cbae73c8d8,Customer 622f86,True,"{""generated_name"": true}"
4e2270e45010f34f7308e7fd0ba18b48,4e2270e45010f34f7308e7fd0ba18b48,Customer 4e2270,True,"{""generated_name"": true}"
53b2aa3aafb865f1c2c681804b8eb3b9,53b2aa3aafb865f1c2c681804b8eb3b9,Customer 53b2aa,True,"{""generated_name"": true}"
8bd209813497e7fc9ff84d0922094dd2,8bd209813497e7fc9ff84d0922094dd2,Customer 8bd209,True,"{""generated_name"": true}"
54688ac015c0e130a8e00a28cc34ff92,54688ac015c0e130a8e00a28cc34ff92,Customer 54688a,True,"{""generated_name"": true}"
810ba763835fb927c87eaa0a750b5ca3,810ba763835fb927c87eaa0a750b5ca3,Customer 810ba7,True,"{""generated_name"": true}"
8d3266319640415bd80cda87f8dd1990,8d3266319640415bd80cda87f8dd1990,Customer 8d3266,True,"{""generated_name"": true}"
8e253860d9874c345bfe9075eaa1d460,8e253860d9874c345bfe9075eaa1d460,Customer 8e2538,True,"{""generated_name"": true}"
4eb6fcfd481ef3c2ab3afba135ef4bcc,4eb6fcfd481ef3c2ab3afba135ef4bcc,Customer 4eb6fc,True,"{""generated_name"": true}"
592d090bb075fa8fb9d6aa816a3ed86d,592d090bb075fa8fb9d6aa816a3ed86d,Customer 592d09,True,"{""generated_name"": true}"
51a84d5d858e6d3d5585663267a9ac08,51a84d5d858e6d3d5585663267a9ac08,Customer 51a84d,True,"{""generated_name"": true}"
d8a74baa7029318b3192a2fa3a775660,d8a74baa7029318b3192a2fa3a775660,Customer d8a74b,True,"{""generated_name"": true}"
ac09ed646d92eb26c2fb2365f45e672c,ac09ed646d92eb26c2fb2365f45e672c,Customer ac09ed,True,"{""generated_name"": true}"
96149645eced5018eb9dfaa8c6d1f69b,96149645eced5018eb9dfaa8c6d1f69b,Customer 961496,True,"{""generated_name"": true}"
de34b16117594161a6a89c50b289d35a,de34b16117594161a6a89c50b289d35a,Customer de34b1,True,"{""generated_name"": true}"
af8b2d09c4aa3036566914760882f8b7,af8b2d09c4aa3036566914760882f8b7,Customer af8b2d,True,"{""generated_name"": true}"
189849d663c69ae10f7e25250b973186,189849d663c69ae10f7e25250b973186,Customer 189849,True,"{""generated_name"": true}"
7db23b7aa0bd494f71db93ad8e9c9646,7db23b7aa0bd494f71db93ad8e9c9646,Customer 7db23b,True,"{""generated_name"": true}"
19bedfc18c92d4e7eb6ba318a6c2033c,19bedfc18c92d4e7eb6ba318a6c2033c,Customer 19bedf,True,"{""generated_name"": true}"
3ea35d016eb96bbfede151b359b8da8e,3ea35d016eb96bbfede151b359b8da8e,Customer 3ea35d,True,"{""generated_name"": true}"
52e6877c9c3053d30e44ae424ee6fd6d,52e6877c9c3053d30e44ae424ee6fd6d,Customer 52e687,True,"{""generated_name"": true}"
6ccbb05bf38d868e2a997d0dcf1c32ad,6ccbb05bf38d868e2a997d0dcf1c32ad,Customer 6ccbb0,True,"{""generated_name"": true}"
5657596addb4d7b07b32cd330614bdf8,5657596addb4d7b07b32cd330614bdf8,Customer 565759,True,"{""generated_name"": true}"
57decc4615bafc47183a474e8ccec7ed,57decc4615bafc47183a474e8ccec7ed,Customer 57decc,True,"{""generated_name"": true}"
f81dab4af5a125ab52c4e530ee748493,f81dab4af5a125ab52c4e530ee748493,Customer f81dab,True,"{""generated_name"": true}"
43a8a00e071b8d2962fc44a682ed3d4e,43a8a00e071b8d2962fc44a682ed3d4e,Customer 43a8a0,True,"{""generated_name"": true}"
708284053fdf21f67758dcc2dcce5cb9,708284053fdf21f67758dcc2dcce5cb9,Customer 708284,True,"{""generated_name"": true}"
aa42f160789bc9114cd54d26566b95dc,aa42f160789bc9114cd54d26566b95dc,Customer aa42f1,True,"{""generated_name"": true}"
b0d38d8b148c01bf1722a2f706b00d8d,b0d38d8b148c01bf1722a2f706b00d8d,Customer b0d38d,True,"{""generated_name"": true}"
097c0318a14019eb5fb6de2b84834835,097c0318a14019eb5fb6de2b84834835,Customer 097c03,True,"{""generated_name"": true}"
cf559d0aa778151726948fd3f6744031,cf559d0aa778151726948fd3f6744031,Customer cf559d,True,"{""generated_name"": true}"
3219cc23b3383c61bec7205aa614e778,3219cc23b3383c61bec7205aa614e778,Customer 3219cc,True,"{""generated_name"": true}"
1e3a18d52c7ff0af7a6f8ff80bafc907,1e3a18d52c7ff0af7a6f8ff80bafc907,Customer 1e3a18,True,"{""generated_name"": true}"
550b7832d4792e6f83c735212d89893f,550b7832d4792e6f83c735212d89893f,Customer 550b78,True,"{""generated_name"": true}"
58703c8104494f333026acd373ca9027,58703c8104494f333026acd373ca9027,Customer 58703c,True,"{""generated_name"": true}"
d468040bda183009e4ec5a3efb6350ae,d468040bda183009e4ec5a3efb6350ae,Customer d46804,True,"{""generated_name"": true}"
0cda5b1f319966523ff6f30f42fdab81,0cda5b1f319966523ff6f30f42fdab81,Customer 0cda5b,True,"{""generated_name"": true}"
17fdbc7bf5923361a92c5630bdd80cd6,17fdbc7bf5923361a92c5630bdd80cd6,Customer 17fdbc,True,"{""generated_name"": true}"
1d973c98166abefe7b2601c3d959c0c5,1d973c98166abefe7b2601c3d959c0c5,Customer 1d973c,True,"{""generated_name"": true}"
7bfa212c3943753ed8307180edd5fe89,7bfa212c3943753ed8307180edd5fe89,Customer 7bfa21,True,"{""generated_name"": true}"
9bf81d9e8483c962fbf97dc079976645,9bf81d9e8483c962fbf97dc079976645,Customer 9bf81d,True,"{""generated_name"": true}"
ec9d1e3858c98ea5532e280fd248dad6,ec9d1e3858c98ea5532e280fd248dad6,Customer ec9d1e,True,"{""generated_name"": true}"
72e9f4ec806a2086770e42e156c0e5cc,72e9f4ec806a2086770e42e156c0e5cc,Customer 72e9f4,True,"{""generated_name"": true}"
3b2ae38156cf022ebdaf8a4ead16d30a,3b2ae38156cf022ebdaf8a4ead16d30a,Customer 3b2ae3,True,"{""generated_name"": true}"
9704398cbe84e5bff3a4f84534d401b5,9704398cbe84e5bff3a4f84534d401b5,Customer 970439,True,"{""generated_name"": true}"
78b6b73e92dfd09cd7bc1d5a6d46f094,78b6b73e92dfd09cd7bc1d5a6d46f094,Customer 78b6b7,True,"{""generated_name"": true}"
faa9b3f294b9363727a76d0f75781b14,faa9b3f294b9363727a76d0f75781b14,Customer faa9b3,True,"{""generated_name"": true}"
c1cf3e4c1de440972c612714a45b3f26,c1cf3e4c1de440972c612714a45b3f26,Customer c1cf3e,True,"{""generated_name"": true}"
b96336694477939c9d102438f0c7c9d7,b96336694477939c9d102438f0c7c9d7,Customer b96336,True,"{""generated_name"": true}"
1f51547a6dd337a2f865dab288c851a2,1f51547a6dd337a2f865dab288c851a2,Customer 1f5154,True,"{""generated_name"": true}"
45677f94e9a07652cc2eb351dd542476,45677f94e9a07652cc2eb351dd542476,Customer 45677f,True,"{""generated_name"": true}"
04c30572288c174afe55fdf8cebce643,04c30572288c174afe55fdf8cebce643,Customer 04c305,True,"{""generated_name"": true}"
fcae8ac17ca0c72c867a7a4c0c818305,fcae8ac17ca0c72c867a7a4c0c818305,Customer fcae8a,True,"{""generated_name"": true}"
4341721b8bea3da055c22347ebdea02b,4341721b8bea3da055c22347ebdea02b,Customer 434172,True,"{""generated_name"": true}"
ec0aae9b8d824c714e5acda983a82b56,ec0aae9b8d824c714e5acda983a82b56,Customer ec0aae,True,"{""generated_name"": true}"
3c3e2383f230b811b2532df1bdffe08f,3c3e2383f230b811b2532df1bdffe08f,Customer 3c3e23,True,"{""generated_name"": true}"
ace1a02191cad5678a1c6f53e16be84d,ace1a02191cad5678a1c6f53e16be84d,Customer ace1a0,True,"{""generated_name"": true}"
76cef8c0830232a6298b50d60153fb6c,76cef8c0830232a6298b50d60153fb6c,Customer 76cef8,True,"{""generated_name"": true}"
2f2e2e176fe4bf67bc1b9a8e4d5ecb18,2f2e2e176fe4bf67bc1b9a8e4d5ecb18,Customer 2f2e2e,True,"{""generated_name"": true}"
99290118341a7d7da8516a05c8d02ad8,99290118341a7d7da8516a05c8d02ad8,Customer 992901,True,"{""generated_name"": true}"
6cddaef0ddfb5c32ab2553ccbf27e97c,6cddaef0ddfb5c32ab2553ccbf27e97c,Customer 6cddae,True,"{""generated_name"": true}"
e23cd87e1e05723a24218898962b6ff4,e23cd87e1e05723a24218898962b6ff4,Customer e23cd8,True,"{""generated_name"": true}"
430f484aaec4eb059a1d074f4b0ef762,430f484aaec4eb059a1d074f4b0ef762,Customer 430f48,True,"{""generated_name"": true}"
9d7a7819f035595c50c85e4ec22308d0,9d7a7819f035595c50c85e4ec22308d0,Customer 9d7a78,True,"{""generated_name"": true}"
6b1b676621a55a12546f8eeeaa12d4a7,6b1b676621a55a12546f8eeeaa12d4a7,Customer 6b1b67,True,"{""generated_name"": true}"
92ac3d5a42b57c1441857a4b0bbfde64,92ac3d5a42b57c1441857a4b0bbfde64,Customer 92ac3d,True,"{""generated_name"": true}"
6f61e3b11233a0589a1b7cc29b656ec2,6f61e3b11233a0589a1b7cc29b656ec2,Customer 6f61e3,True,"{""generated_name"": true}"
3ae748b0c0cf7d473b7acac5e07a05ca,3ae748b0c0cf7d473b7acac5e07a05ca,Customer 3ae748,True,"{""generated_name"": true}"
d624a80aa123d00e1e78ae655743ac51,d624a80aa123d00e1e78ae655743ac51,Customer d624a8,True,"{""generated_name"": true}"
155622f6141435b9cbdb9cd89886200f,155622f6141435b9cbdb9cd89886200f,Customer 155622,True,"{""generated_name"": true}"
5146be751c87984f443dab196ba5bd70,5146be751c87984f443dab196ba5bd70,Customer 5146be,True,"{""generated_name"": true}"
9a929d2c704fcfc61537b117d73343c9,9a929d2c704fcfc61537b117d73343c9,Customer 9a929d,True,"{""generated_name"": true}"
d2e88d9c50422550ee9b0fc82c8208c4,d2e88d9c50422550ee9b0fc82c8208c4,Customer d2e88d,True,"{""generated_name"": true}"
03ab83a91e0c343bb0d7aa605338a013,03ab83a91e0c343bb0d7aa605338a013,Customer 03ab83,True,"{""generated_name"": true}"
cd76e52dafb3175406b252a1959aa83d,cd76e52dafb3175406b252a1959aa83d,Customer cd76e5,True,"{""generated_name"": true}"
76655d8b3010c7235a58a9e0678a3857,76655d8b3010c7235a58a9e0678a3857,Customer 76655d,True,"{""generated_name"": true}"
9c5bb4e3494d918764d1c7abe807c9d0,9c5bb4e3494d918764d1c7abe807c9d0,Customer 9c5bb4,True,"{""generated_name"": true}"
0b63b24d8169708a441e38f95f44f3ff,0b63b24d8169708a441e38f95f44f3ff,Customer 0b63b2,True,"{""generated_name"": true}"
13bc0286a7f3ab0b58291344147200af,13bc0286a7f3ab0b58291344147200af,Customer 13bc02,True,"{""generated_name"": true}"
deb7c01a9d320206a6e1502e6e80d7e2,deb7c01a9d320206a6e1502e6e80d7e2,Customer deb7c0,True,"{""generated_name"": true}"
4c63891f8504cd2c882836b549ca9ed1,4c63891f8504cd2c882836b549ca9ed1,Customer 4c6389,True,"{""generated_name"": true}"
34263d90024a9191f248ee8a2c751de1,34263d90024a9191f248ee8a2c751de1,Customer 34263d,True,"{""generated_name"": true}"
695a6fa8320a8e2a9e2117e3c10848e8,695a6fa8320a8e2a9e2117e3c10848e8,Customer 695a6f,True,"{""generated_name"": true}"
75f60ea9e06cc3308210f6fc5eab3c09,75f60ea9e06cc3308210f6fc5eab3c09,Customer 75f60e,True,"{""generated_name"": true}"
5e7643b562ec10d77a4de5dfc2a5d18c,5e7643b562ec10d77a4de5dfc2a5d18c,Customer 5e7643,True,"{""generated_name"": true}"
dab132ef31d0f8034b098624d1545e77,dab132ef31d0f8034b098624d1545e77,Customer dab132,True,"{""generated_name"": true}"
f1d39be267a33e57881986d6a2a42911,f1d39be267a33e57881986d6a2a42911,Customer f1d39b,True,"{""generated_name"": true}"
8588ffeed09487d07cfb0442a51d2b0b,8588ffeed09487d07cfb0442a51d2b0b,Customer 8588ff,True,"{""generated_name"": true}"
743b6b21edcc4f0a9be82e591187e0a8,743b6b21edcc4f0a9be82e591187e0a8,Customer 743b6b,True,"{""generated_name"": true}"
7d10d8a69b9a324de73dbd47850b028e,7d10d8a69b9a324de73dbd47850b028e,Customer 7d10d8,True,"{""generated_name"": true}"
5c60d93d30882cdd81708742077e214a,5c60d93d30882cdd81708742077e214a,Customer 5c60d9,True,"{""generated_name"": true}"
ddca77853118e7de2caec7e1896c5eb8,ddca77853118e7de2caec7e1896c5eb8,Customer ddca77,True,"{""generated_name"": true}"
0cf744fa8ef832c2bd5f9208629d3967,0cf744fa8ef832c2bd5f9208629d3967,Customer 0cf744,True,"{""generated_name"": true}"
1f9729b02f212888228746412a90f421,1f9729b02f212888228746412a90f421,Customer 1f9729,True,"{""generated_name"": true}"
3e9c0b1e800b33f972c4ae67e035f3e2,3e9c0b1e800b33f972c4ae67e035f3e2,Customer 3e9c0b,True,"{""generated_name"": true}"
9b6a169c5966850bb9c65b838d468f98,9b6a169c5966850bb9c65b838d468f98,Customer 9b6a16,True,"{""generated_name"": true}"
a0701efdde78341b097d00c789d35b97,a0701efdde78341b097d00c789d35b97,Customer a0701e,True,"{""generated_name"": true}"
49edba1328b35f23bd65375cf625b546,49edba1328b35f23bd65375cf625b546,Customer 49edba,True,"{""generated_name"": true}"
5f7ec44cc59400e228915ad065285fe8,5f7ec44cc59400e228915ad065285fe8,Customer 5f7ec4,True,"{""generated_name"": true}"
e9fcb1c22404eb2c263c61a842c23055,e9fcb1c22404eb2c263c61a842c23055,Customer e9fcb1,True,"{""generated_name"": true}"
118a4d2ca6098b5df303beca4c208642,118a4d2ca6098b5df303beca4c208642,Customer 118a4d,True,"{""generated_name"": true}"
767e0ad33a0e895fff80604570c885e0,767e0ad33a0e895fff80604570c885e0,Customer 767e0a,True,"{""generated_name"": true}"
c0f65d36aefea8816ca9498185fe6167,c0f65d36aefea8816ca9498185fe6167,Customer c0f65d,True,"{""generated_name"": true}"
86abea0b1511d2e6b8a256580fb49c83,86abea0b1511d2e6b8a256580fb49c83,Customer 86abea,True,"{""generated_name"": true}"
3c721f9508cd151923d3c7b2c5869743,3c721f9508cd151923d3c7b2c5869743,Customer 3c721f,True,"{""generated_name"": true}"
f17619a8db648adb2dd504e94873839a,f17619a8db648adb2dd504e94873839a,Customer f17619,True,"{""generated_name"": true}"
85fb37cacc45dfc2696bfb510fe411f4,85fb37cacc45dfc2696bfb510fe411f4,Customer 85fb37,True,"{""generated_name"": true}"
a1b1ba35bba0f6ad5ec156792d50bde7,a1b1ba35bba0f6ad5ec156792d50bde7,Customer a1b1ba,True,"{""generated_name"": true}"
a33b71268bed518bd63c349f006f2aa8,a33b71268bed518bd63c349f006f2aa8,Customer a33b71,True,"{""generated_name"": true}"
80d1acba72cc1dd62e91c5858bed0ef2,80d1acba72cc1dd62e91c5858bed0ef2,Customer 80d1ac,True,"{""generated_name"": true}"
f64ec6d8dd29940264cd0bbb5ecade8a,f64ec6d8dd29940264cd0bbb5ecade8a,Customer f64ec6,True,"{""generated_name"": true}"
a327e24eb412d88da38902427a3cf4bf,a327e24eb412d88da38902427a3cf4bf,Customer a327e2,True,"{""generated_name"": true}"
08c3ccdcc31144cf6e0159fe71807428,08c3ccdcc31144cf6e0159fe71807428,Customer 08c3cc,True,"{""generated_name"": true}"
e3d7a0d45bdf701f056d1c423f8bf0f8,e3d7a0d45bdf701f056d1c423f8bf0f8,Customer e3d7a0,True,"{""generated_name"": true}"
c7fb8ec1ea35af7e89f989b6e17e2bd8,c7fb8ec1ea35af7e89f989b6e17e2bd8,Customer c7fb8e,True,"{""generated_name"": true}"
1e433d2aca7584032f8f56d51643e605,1e433d2aca7584032f8f56d51643e605,Customer 1e433d,True,"{""generated_name"": true}"
85c30f6989528b01b07b63e28299b9bd,85c30f6989528b01b07b63e28299b9bd,Customer 85c30f,True,"{""generated_name"": true}"
8c532c86e424b28e85997dd891e26d5d,8c532c86e424b28e85997dd891e26d5d,Customer 8c532c,True,"{""generated_name"": true}"
4f4cfd4238efefcaf3e6905ac8bb9e76,4f4cfd4238efefcaf3e6905ac8bb9e76,Customer 4f4cfd,True,"{""generated_name"": true}"
7a41dff0e8b1ea9c1f2a8b290ea80ba5,7a41dff0e8b1ea9c1f2a8b290ea80ba5,Customer 7a41df,True,"{""generated_name"": true}"
68598b654c53799834f0abc847bd4a06,68598b654c53799834f0abc847bd4a06,Customer 68598b,True,"{""generated_name"": true}"
8e3d7e64a92ee5879a360326258c952e,8e3d7e64a92ee5879a360326258c952e,Customer 8e3d7e,True,"{""generated_name"": true}"
325bdb07397fb78bf188c812e3c16ef7,325bdb07397fb78bf188c812e3c16ef7,Customer 325bdb,True,"{""generated_name"": true}"
99251d77284980383662133057fe855b,99251d77284980383662133057fe855b,Customer 99251d,True,"{""generated_name"": true}"
15702b42095b880565ce41d4b1511814,15702b42095b880565ce41d4b1511814,Customer 15702b,True,"{""generated_name"": true}"
6025e80315175e0241fc6e35c42916a9,6025e80315175e0241fc6e35c42916a9,Customer 6025e8,True,"{""generated_name"": true}"
a7657330b1c135f3acd420326e335b2c,a7657330b1c135f3acd420326e335b2c,Customer a76573,True,"{""generated_name"": true}"
996eb644658f838b44eae50e22a48a70,996eb644658f838b44eae50e22a48a70,Customer 996eb6,True,"{""generated_name"": true}"
83b82ec5bf93a47ccfbe05452ea32009,83b82ec5bf93a47ccfbe05452ea32009,Customer 83b82e,True,"{""generated_name"": true}"
bb0aea12660bf8bd536b39fddbc336ee,bb0aea12660bf8bd536b39fddbc336ee,Customer bb0aea,True,"{""generated_name"": true}"
d1690fc33a52a1ffdc2ecde9ee88d7c9,d1690fc33a52a1ffdc2ecde9ee88d7c9,Customer d1690f,True,"{""generated_name"": true}"
d2a784c948d14252def59dd0c2e49170,d2a784c948d14252def59dd0c2e49170,Customer d2a784,True,"{""generated_name"": true}"
0dd8363b55b6c0635a09dd43297e2291,0dd8363b55b6c0635a09dd43297e2291,Customer 0dd836,True,"{""generated_name"": true}"
73c2643a0a458b49f58cea58833b192e,73c2643a0a458b49f58cea58833b192e,Customer 73c264,True,"{""generated_name"": true}"
d5419994a02a55d4b7cd00e77fabdbae,d5419994a02a55d4b7cd00e77fabdbae,Customer d54199,True,"{""generated_name"": true}"
88a5947eba137391941e7c0d9a4532d8,88a5947eba137391941e7c0d9a4532d8,Customer 88a594,True,"{""generated_name"": true}"
ea2823cb06ffee228889fd07321fef42,ea2823cb06ffee228889fd07321fef42,Customer ea2823,True,"{""generated_name"": true}"
5e3e9e897d07a80fc2af58088a84812a,5e3e9e897d07a80fc2af58088a84812a,Customer 5e3e9e,True,"{""generated_name"": true}"
a984da262e44d5df9e224ee3072c3717,a984da262e44d5df9e224ee3072c3717,Customer a984da,True,"{""generated_name"": true}"
386e31ecc3dc1faaa5255e184fea1e5d,386e31ecc3dc1faaa5255e184fea1e5d,Customer 386e31,True,"{""generated_name"": true}"
611009570f605781020550bff8c0d7a5,611009570f605781020550bff8c0d7a5,Customer 611009,True,"{""generated_name"": true}"
2ee77d43be5a64c61343323bd5b1ce16,2ee77d43be5a64c61343323bd5b1ce16,Customer 2ee77d,True,"{""generated_name"": true}"
e035ab2e06d5643295a12b3a0eaf892b,e035ab2e06d5643295a12b3a0eaf892b,Customer e035ab,True,"{""generated_name"": true}"
0a834292f8691cb3cdc64caf600c61c9,0a834292f8691cb3cdc64caf600c61c9,Customer 0a8342,True,"{""generated_name"": true}"
a4fd91dd92817169a032d202f2c1aa06,a4fd91dd92817169a032d202f2c1aa06,Customer a4fd91,True,"{""generated_name"": true}"
647de02f33fb0058d4acb20ef1ce482f,647de02f33fb0058d4acb20ef1ce482f,Customer 647de0,True,"{""generated_name"": true}"
1a674d0bad43d5b5c387fce838e4c428,1a674d0bad43d5b5c387fce838e4c428,Customer 1a674d,True,"{""generated_name"": true}"
2c14869f96fcf1d76d95e4b8e2841fdd,2c14869f96fcf1d76d95e4b8e2841fdd,Customer 2c1486,True,"{""generated_name"": true}"
6dbf40025c492536db00c2ffff44ffff,6dbf40025c492536db00c2ffff44ffff,Customer 6dbf40,True,"{""generated_name"": true}"
05e8b4d95b191ed344b0c2bc3b1dd984,05e8b4d95b191ed344b0c2bc3b1dd984,Customer 05e8b4,True,"{""generated_name"": true}"
0e71681ebdc97df774d7451ce1b4bef9,0e71681ebdc97df774d7451ce1b4bef9,Customer 0e7168,True,"{""generated_name"": true}"
44692492d6bb5c44dc9f7bce39fd7b6e,44692492d6bb5c44dc9f7bce39fd7b6e,Customer 446924,True,"{""generated_name"": true}"
fe80881541b7cb0a0732cf82eed3c82b,fe80881541b7cb0a0732cf82eed3c82b,Customer fe8088,True,"{""generated_name"": true}"
4caa1eddb0d07179c6062964918c87fa,4caa1eddb0d07179c6062964918c87fa,Customer 4caa1e,True,"{""generated_name"": true}"
659bdc990055d4604a50cd848a43b9a3,659bdc990055d4604a50cd848a43b9a3,Customer 659bdc,True,"{""generated_name"": true}"
b21dfdc5d4ff4d72390b2732975a504d,b21dfdc5d4ff4d72390b2732975a504d,Customer b21dfd,True,"{""generated_name"": true}"
2547d56bb668d0543d4902cf3f2e7515,2547d56bb668d0543d4902cf3f2e7515,Customer 2547d5,True,"{""generated_name"": true}"
74d3316a8a3535f05feed75b4df15e7a,74d3316a8a3535f05feed75b4df15e7a,Customer 74d331,True,"{""generated_name"": true}"
c6c590ae0a0b256c4184b2a7352a6736,c6c590ae0a0b256c4184b2a7352a6736,Customer c6c590,True,"{""generated_name"": true}"
74d4c0cfaf825cd15b80dd167bdfa9b4,74d4c0cfaf825cd15b80dd167bdfa9b4,Customer 74d4c0,True,"{""generated_name"": true}"
d15605acc62833da0624a0bd2b50eeb1,d15605acc62833da0624a0bd2b50eeb1,Customer d15605,True,"{""generated_name"": true}"
86888bde47671fa164c9b4ddfa53b9f7,86888bde47671fa164c9b4ddfa53b9f7,Customer 86888b,True,"{""generated_name"": true}"
fd7c41c28fabc3ff2c039b465bb25a35,fd7c41c28fabc3ff2c039b465bb25a35,Customer fd7c41,True,"{""generated_name"": true}"
e423384cbe26938695befbaaaf242864,e423384cbe26938695befbaaaf242864,Customer e42338,True,"{""generated_name"": true}"
9241793ecddc22fd6563685386c85eb5,9241793ecddc22fd6563685386c85eb5,Customer 924179,True,"{""generated_name"": true}"
185246288eb4cea28a37bb3269141e03,185246288eb4cea28a37bb3269141e03,Customer 185246,True,"{""generated_name"": true}"
1f5eec9b918893bafd7b2e88c9abae7e,1f5eec9b918893bafd7b2e88c9abae7e,Customer 1f5eec,True,"{""generated_name"": true}"
7efc49d7862ee114c0ca869b439bf381,7efc49d7862ee114c0ca869b439bf381,Customer 7efc49,True,"{""generated_name"": true}"
3aace94f875e8ed34028832ce922ac5d,3aace94f875e8ed34028832ce922ac5d,Customer 3aace9,True,"{""generated_name"": true}"
08abf792f548422ecfebe3b2217fa9a3,08abf792f548422ecfebe3b2217fa9a3,Customer 08abf7,True,"{""generated_name"": true}"
882023c0b40dc2130beea608b1196262,882023c0b40dc2130beea608b1196262,Customer 882023,True,"{""generated_name"": true}"
d1977d0dffcab41b61db477ceecc3746,d1977d0dffcab41b61db477ceecc3746,Customer d1977d,True,"{""generated_name"": true}"
b826f5a1be01413121dd40956bfb9bda,b826f5a1be01413121dd40956bfb9bda,Customer b826f5,True,"{""generated_name"": true}"
e279ede4d0a73bc22e97ce519415dcd4,e279ede4d0a73bc22e97ce519415dcd4,Customer e279ed,True,"{""generated_name"": true}"
ef9b8ed47a7fa26d0bfab94575ab7964,ef9b8ed47a7fa26d0bfab94575ab7964,Customer ef9b8e,True,"{""generated_name"": true}"
d6e3f8ffe22be51ff7df0880477577a9,d6e3f8ffe22be51ff7df0880477577a9,Customer d6e3f8,True,"{""generated_name"": true}"
f38e382731af9143e1321a49534c395d,f38e382731af9143e1321a49534c395d,Customer f38e38,True,"{""generated_name"": true}"
986c25a5e2ca08ed0a961e8475bfa26d,986c25a5e2ca08ed0a961e8475bfa26d,Customer 986c25,True,"{""generated_name"": true}"
fe5eca6512b89e5786961fa1e8b8fcac,fe5eca6512b89e5786961fa1e8b8fcac,Customer fe5eca,True,"{""generated_name"": true}"
8f20174c2cc13c9646f0ddd675a6d36a,8f20174c2cc13c9646f0ddd675a6d36a,Customer 8f2017,True,"{""generated_name"": true}"
aa01e4499023e8a410adc9476261ce02,aa01e4499023e8a410adc9476261ce02,Customer aa01e4,True,"{""generated_name"": true}"
d55b1d8c88528efb311e84d850c4914e,d55b1d8c88528efb311e84d850c4914e,Customer d55b1d,True,"{""generated_name"": true}"
f0d8077a3a9e24262cba3f1d2ea07368,f0d8077a3a9e24262cba3f1d2ea07368,Customer f0d807,True,"{""generated_name"": true}"
cb7eecf6b3b822c5e3d650d79aff5156,cb7eecf6b3b822c5e3d650d79aff5156,Customer cb7eec,True,"{""generated_name"": true}"
c80acdd5a52315eead0f8eecd4317362,c80acdd5a52315eead0f8eecd4317362,Customer c80acd,True,"{""generated_name"": true}"
36a9da4891b799387b6e7d59173ab8b6,36a9da4891b799387b6e7d59173ab8b6,Customer 36a9da,True,"{""generated_name"": true}"
d0609a36bb71a14bffd247f7201fffb2,d0609a36bb71a14bffd247f7201fffb2,Customer d0609a,True,"{""generated_name"": true}"
cfbf4886ae3c9a97d20957d147e50fbb,cfbf4886ae3c9a97d20957d147e50fbb,Customer cfbf48,True,"{""generated_name"": true}"
db4a068b5f8bcb3e5e45be643f3961b0,db4a068b5f8bcb3e5e45be643f3961b0,Customer db4a06,True,"{""generated_name"": true}"
3f51fe7189074be3c8355f1ac51679c7,3f51fe7189074be3c8355f1ac51679c7,Customer 3f51fe,True,"{""generated_name"": true}"
095822a49be101736ea0508b80fb827d,095822a49be101736ea0508b80fb827d,Customer 095822,True,"{""generated_name"": true}"
4e87a86e491f833e7a0347295a2e025e,4e87a86e491f833e7a0347295a2e025e,Customer 4e87a8,True,"{""generated_name"": true}"
0e4c314bf70adc07db976ac1131a8d0e,0e4c314bf70adc07db976ac1131a8d0e,Customer 0e4c31,True,"{""generated_name"": true}"
ec2c939a56b9d792f75a3132ee47c2ec,ec2c939a56b9d792f75a3132ee47c2ec,Customer ec2c93,True,"{""generated_name"": true}"
5b83a6e579043f9d293af671b3fde86a,5b83a6e579043f9d293af671b3fde86a,Customer 5b83a6,True,"{""generated_name"": true}"
05128663fa180b637c99c17d8ce05949,05128663fa180b637c99c17d8ce05949,Customer 051286,True,"{""generated_name"": true}"
77a5529971c407965806a921949a2d62,77a5529971c407965806a921949a2d62,Customer 77a552,True,"{""generated_name"": true}"
3f5c45742c7aa9f895b8b0902587c137,3f5c45742c7aa9f895b8b0902587c137,Customer 3f5c45,True,"{""generated_name"": true}"
2fc5e667ccf2a1c87a798be23f1c920a,2fc5e667ccf2a1c87a798be23f1c920a,Customer 2fc5e6,True,"{""generated_name"": true}"
61b390579bdb1d9ab9562b7b231955dc,61b390579bdb1d9ab9562b7b231955dc,Customer 61b390,True,"{""generated_name"": true}"
105b90bd13985a707ab2cc4567cb7c58,105b90bd13985a707ab2cc4567cb7c58,Customer 105b90,True,"{""generated_name"": true}"
029939dc94df37cac6ac39bb3e55562f,029939dc94df37cac6ac39bb3e55562f,Customer 029939,True,"{""generated_name"": true}"
3cd86c600cc096464ad1f49a47dcf59c,3cd86c600cc096464ad1f49a47dcf59c,Customer 3cd86c,True,"{""generated_name"": true}"
efc96f2b0d64a87eab5fda58be1f6c57,efc96f2b0d64a87eab5fda58be1f6c57,Customer efc96f,True,"{""generated_name"": true}"
7c5cd64106c9160122fd28b026cec28b,7c5cd64106c9160122fd28b026cec28b,Customer 7c5cd6,True,"{""generated_name"": true}"
1e24bcbf79c2fe9dfbfc065e1a6c4780,1e24bcbf79c2fe9dfbfc065e1a6c4780,Customer 1e24bc,True,"{""generated_name"": true}"
7b8613dd80f23830102271dcf047f27e,7b8613dd80f23830102271dcf047f27e,Customer 7b8613,True,"{""generated_name"": true}"
c1247f49e4171bb71b390a4eea026a56,c1247f49e4171bb71b390a4eea026a56,Customer c1247f,True,"{""generated_name"": true}"
423f9e0c39ec9e6ca5b4aea2791393e1,423f9e0c39ec9e6ca5b4aea2791393e1,Customer 423f9e,True,"{""generated_name"": true}"
95295e9cda1d086d82030c9485f14c74,95295e9cda1d086d82030c9485f14c74,Customer 95295e,True,"{""generated_name"": true}"
464522fecc7b52a42faf755f562c1048,464522fecc7b52a42faf755f562c1048,Customer 464522,True,"{""generated_name"": true}"
d16c23f187530d1aba8bd8cd58b8cec9,d16c23f187530d1aba8bd8cd58b8cec9,Customer d16c23,True,"{""generated_name"": true}"
6948c3ead81cb5ad121a53836d6bd858,6948c3ead81cb5ad121a53836d6bd858,Customer 6948c3,True,"{""generated_name"": true}"
578d11a64d1b03dc76793ce64f4d65a9,578d11a64d1b03dc76793ce64f4d65a9,Customer 578d11,True,"{""generated_name"": true}"
d37b5d5b492f667ea230e377a97fe859,d37b5d5b492f667ea230e377a97fe859,Customer d37b5d,True,"{""generated_name"": true}"
3d079dcf2a5e4a0517f8ed0af8fe0b6a,3d079dcf2a5e4a0517f8ed0af8fe0b6a,Customer 3d079d,True,"{""generated_name"": true}"
5278be4edc434fcbd9c86f8574bae5d7,5278be4edc434fcbd9c86f8574bae5d7,Customer 5278be,True,"{""generated_name"": true}"
818424e02ee185318b30b99bf7f9cd29,818424e02ee185318b30b99bf7f9cd29,Customer 818424,True,"{""generated_name"": true}"
6f2013debda201c8ffa9b4a783ef1622,6f2013debda201c8ffa9b4a783ef1622,Customer 6f2013,True,"{""generated_name"": true}"
9a81c7dc0ab471b009bc6c0b3fd8ec1d,9a81c7dc0ab471b009bc6c0b3fd8ec1d,Customer 9a81c7,True,"{""generated_name"": true}"
7faa5e8b6dfa50377c3c5f482cf83d8d,7faa5e8b6dfa50377c3c5f482cf83d8d,Customer 7faa5e,True,"{""generated_name"": true}"
6d394722d5fc5e721aee6875a218d8db,6d394722d5fc5e721aee6875a218d8db,Customer 6d3947,True,"{""generated_name"": true}"
ec926d74ab971660d5584693e3c317dc,ec926d74ab971660d5584693e3c317dc,Customer ec926d,True,"{""generated_name"": true}"
e620be18eb7152ef8303a266641a5cf5,e620be18eb7152ef8303a266641a5cf5,Customer e620be,True,"{""generated_name"": true}"
82ff394fc2b8861825166bfc7ec12644,82ff394fc2b8861825166bfc7ec12644,Customer 82ff39,True,"{""generated_name"": true}"
c54b688917ba01fd1529c189c1f593d3,c54b688917ba01fd1529c189c1f593d3,Customer c54b68,True,"{""generated_name"": true}"
ddc7e78822511e9ba4ef62aee5f0ec6b,ddc7e78822511e9ba4ef62aee5f0ec6b,Customer ddc7e7,True,"{""generated_name"": true}"
548c8c880671355a078b42dd9198405b,548c8c880671355a078b42dd9198405b,Customer 548c8c,True,"{""generated_name"": true}"
8e7798dd3d11650d0702e888c0ea37ff,8e7798dd3d11650d0702e888c0ea37ff,Customer 8e7798,True,"{""generated_name"": true}"
8cfe342553b4a1db7bc8ba9e2f98b596,8cfe342553b4a1db7bc8ba9e2f98b596,Customer 8cfe34,True,"{""generated_name"": true}"
37f8fa0b4ce75bc83caf2a6a3052dce8,37f8fa0b4ce75bc83caf2a6a3052dce8,Customer 37f8fa,True,"{""generated_name"": true}"
c242a0771386d44b6875be1fbb88a538,c242a0771386d44b6875be1fbb88a538,Customer c242a0,True,"{""generated_name"": true}"
2d462921bfc3604f732bb3109d5e7259,2d462921bfc3604f732bb3109d5e7259,Customer 2d4629,True,"{""generated_name"": true}"
f153272ca75661659630de82f3f2084d,f153272ca75661659630de82f3f2084d,Customer f15327,True,"{""generated_name"": true}"
715506d20bbcdf6e2665aef32c378cc8,715506d20bbcdf6e2665aef32c378cc8,Customer 715506,True,"{""generated_name"": true}"
30638e9176bb2e8c6edf015710f8c8fa,30638e9176bb2e8c6edf015710f8c8fa,Customer 30638e,True,"{""generated_name"": true}"
00575b2023dedcc0f3e81a938834689b,00575b2023dedcc0f3e81a938834689b,Customer 00575b,True,"{""generated_name"": true}"
1d514d88794bb46123db575f387bf739,1d514d88794bb46123db575f387bf739,Customer 1d514d,True,"{""generated_name"": true}"
081da3a79ed883f702a083f1e963900c,081da3a79ed883f702a083f1e963900c,Customer 081da3,True,"{""generated_name"": true}"
c32eefe4715ca1180e41d4e67c6978ba,c32eefe4715ca1180e41d4e67c6978ba,Customer c32eef,True,"{""generated_name"": true}"
37e06dc2d138214d1562fa194a2f4fae,37e06dc2d138214d1562fa194a2f4fae,Customer 37e06d,True,"{""generated_name"": true}"
e2af42f42a86805055a8e71af58ee71e,e2af42f42a86805055a8e71af58ee71e,Customer e2af42,True,"{""generated_name"": true}"
02b9defff3fd946df37af806a194a49b,02b9defff3fd946df37af806a194a49b,Customer 02b9de,True,"{""generated_name"": true}"
e7421fd9e84363b840f3ef9d6e879b4e,e7421fd9e84363b840f3ef9d6e879b4e,Customer e7421f,True,"{""generated_name"": true}"
cdba7ccee20eda71daddbfceb0e1cea1,cdba7ccee20eda71daddbfceb0e1cea1,Customer cdba7c,True,"{""generated_name"": true}"
44a22a3351d7f1bb3d337d1be11b41fb,44a22a3351d7f1bb3d337d1be11b41fb,Customer 44a22a,True,"{""generated_name"": true}"
74e79d184c9d0034b5ee498813abbc7b,74e79d184c9d0034b5ee498813abbc7b,Customer 74e79d,True,"{""generated_name"": true}"
dec0b0af1827fb725bf3a9d98063d2b4,dec0b0af1827fb725bf3a9d98063d2b4,Customer dec0b0,True,"{""generated_name"": true}"
340eb5fa89140c45f5be0a7a4cbb571b,340eb5fa89140c45f5be0a7a4cbb571b,Customer 340eb5,True,"{""generated_name"": true}"
0f5a5218812ded0d641b87f580c47ca9,0f5a5218812ded0d641b87f580c47ca9,Customer 0f5a52,True,"{""generated_name"": true}"
ecf034665697bb068f20143aa3fd4e8e,ecf034665697bb068f20143aa3fd4e8e,Customer ecf034,True,"{""generated_name"": true}"
fbbc90758764567a8630c142c3b84402,fbbc90758764567a8630c142c3b84402,Customer fbbc90,True,"{""generated_name"": true}"
3eac075c434a1fece6c3a94430746cc7,3eac075c434a1fece6c3a94430746cc7,Customer 3eac07,True,"{""generated_name"": true}"
a85021416086b65d3e8dd1b205988fe0,a85021416086b65d3e8dd1b205988fe0,Customer a85021,True,"{""generated_name"": true}"
93c698e1c95478c1e46c375c8d588ae1,93c698e1c95478c1e46c375c8d588ae1,Customer 93c698,True,"{""generated_name"": true}"
3649e61287fc6b7d763d7555342b1def,3649e61287fc6b7d763d7555342b1def,Customer 3649e6,True,"{""generated_name"": true}"
8fa772a05f9db0319b6537f94d1eec58,8fa772a05f9db0319b6537f94d1eec58,Customer 8fa772,True,"{""generated_name"": true}"
8148a04267b770094c93db158285ffd3,8148a04267b770094c93db158285ffd3,Customer 8148a0,True,"{""generated_name"": true}"
b993981240043cefcacd680e731fffe9,b993981240043cefcacd680e731fffe9,Customer b99398,True,"{""generated_name"": true}"
5692f45005b99d929b723b96408957ec,5692f45005b99d929b723b96408957ec,Customer 5692f4,True,"{""generated_name"": true}"
ae927677d2eeaba059c05cc2154902ce,ae927677d2eeaba059c05cc2154902ce,Customer ae9276,True,"{""generated_name"": true}"
b0c5e02d315f15318e37d7aab7ebb289,b0c5e02d315f15318e37d7aab7ebb289,Customer b0c5e0,True,"{""generated_name"": true}"
14576e3c4cbda70c7fc84decdd33214f,14576e3c4cbda70c7fc84decdd33214f,Customer 14576e,True,"{""generated_name"": true}"
531707a5ce57f7d05a0697fe81587687,531707a5ce57f7d05a0697fe81587687,Customer 531707,True,"{""generated_name"": true}"
0d4f16ef5e1cafae6327a3440c180629,0d4f16ef5e1cafae6327a3440c180629,Customer 0d4f16,True,"{""generated_name"": true}"
b7f8a7b85fdd98bc5fd951c67b6e1684,b7f8a7b85fdd98bc5fd951c67b6e1684,Customer b7f8a7,True,"{""generated_name"": true}"
8d683e4913e8e224595a5c273dac554a,8d683e4913e8e224595a5c273dac554a,Customer 8d683e,True,"{""generated_name"": true}"
de6d0cc54acbe9c1a7d7967e29fbb899,de6d0cc54acbe9c1a7d7967e29fbb899,Customer de6d0c,True,"{""generated_name"": true}"
bc5d06f01d205ccbe00aa95fc6672f0b,bc5d06f01d205ccbe00aa95fc6672f0b,Customer bc5d06,True,"{""generated_name"": true}"
66c4cb83cabf31a7dd19db539d2a9b68,66c4cb83cabf31a7dd19db539d2a9b68,Customer 66c4cb,True,"{""generated_name"": true}"
fcc16c0b2588529f1f5b7a871b1ec018,fcc16c0b2588529f1f5b7a871b1ec018,Customer fcc16c,True,"{""generated_name"": true}"
1f773c8d8bfac690beddb97b2864f74f,1f773c8d8bfac690beddb97b2864f74f,Customer 1f773c,True,"{""generated_name"": true}"
252e03cd7121b3b9d61d9398a6db7647,252e03cd7121b3b9d61d9398a6db7647,Customer 252e03,True,"{""generated_name"": true}"
fe87efb2a10c5be210f09f813108a433,fe87efb2a10c5be210f09f813108a433,Customer fe87ef,True,"{""generated_name"": true}"
a48b10541da559f610aa549f4eb59538,a48b10541da559f610aa549f4eb59538,Customer a48b10,True,"{""generated_name"": true}"
641584b3ec3027aaf8fa9c088f1a1a00,641584b3ec3027aaf8fa9c088f1a1a00,Customer 641584,True,"{""generated_name"": true}"
3dee4ec14c3ac9f45636ac5862ac0e94,3dee4ec14c3ac9f45636ac5862ac0e94,Customer 3dee4e,True,"{""generated_name"": true}"
c85df1c6ef6f7bb605e1c49d34f172ee,c85df1c6ef6f7bb605e1c49d34f172ee,Customer c85df1,True,"{""generated_name"": true}"
47a71b49f98984efd3c62cb213f977e8,47a71b49f98984efd3c62cb213f977e8,Customer 47a71b,True,"{""generated_name"": true}"
4b7f5e85252a59d2b30d15b9e8d5c0cb,4b7f5e85252a59d2b30d15b9e8d5c0cb,Customer 4b7f5e,True,"{""generated_name"": true}"
79c38419d77b549344a137b38f0ee31a,79c38419d77b549344a137b38f0ee31a,Customer 79c384,True,"{""generated_name"": true}"
e20081fc203c5b78fad87517631f5e99,e20081fc203c5b78fad87517631f5e99,Customer e20081,True,"{""generated_name"": true}"
ac96769b758dad3bd572bc5e3fcb8511,ac96769b758dad3bd572bc5e3fcb8511,Customer ac9676,True,"{""generated_name"": true}"
65c6b170ceaa4ae3ee5bd6c46c0df5fa,65c6b170ceaa4ae3ee5bd6c46c0df5fa,Customer 65c6b1,True,"{""generated_name"": true}"
7c438259d88d8eefb977be5432d761c1,7c438259d88d8eefb977be5432d761c1,Customer 7c4382,True,"{""generated_name"": true}"
128cf57442889ee76a3d51908f735c79,128cf57442889ee76a3d51908f735c79,Customer 128cf5,True,"{""generated_name"": true}"
38963cccac7ddbf4819da22bdd569be7,38963cccac7ddbf4819da22bdd569be7,Customer 38963c,True,"{""generated_name"": true}"
8af6dc185ec6635edfa865375cfcffec,8af6dc185ec6635edfa865375cfcffec,Customer 8af6dc,True,"{""generated_name"": true}"
7c7a4d0678fb2f5a4b3e2875a30ebe5f,7c7a4d0678fb2f5a4b3e2875a30ebe5f,Customer 7c7a4d,True,"{""generated_name"": true}"
473ccd2f03685490c92e20a120aa7dba,473ccd2f03685490c92e20a120aa7dba,Customer 473ccd,True,"{""generated_name"": true}"
2536a4c43bcd30e6e1f5188b2c781437,2536a4c43bcd30e6e1f5188b2c781437,Customer 2536a4,True,"{""generated_name"": true}"
5d754f8207d351d98f314c7c7c1a971d,5d754f8207d351d98f314c7c7c1a971d,Customer 5d754f,True,"{""generated_name"": true}"
d159a5181c39c1f2902c86d2e6bb37e8,d159a5181c39c1f2902c86d2e6bb37e8,Customer d159a5,True,"{""generated_name"": true}"
f1aff05a3d7dd7a5b84d3e68504bb669,f1aff05a3d7dd7a5b84d3e68504bb669,Customer f1aff0,True,"{""generated_name"": true}"
a2ec34c17bddf46369fb937db73f57c2,a2ec34c17bddf46369fb937db73f57c2,Customer a2ec34,True,"{""generated_name"": true}"
46f999c7216a7dabe82b5ce58a1792ce,46f999c7216a7dabe82b5ce58a1792ce,Customer 46f999,True,"{""generated_name"": true}"
0f521a5df860500124a598e7a0db89b8,0f521a5df860500124a598e7a0db89b8,Customer 0f521a,True,"{""generated_name"": true}"
6c03b71412e22bfc2300d5a03dc4f20d,6c03b71412e22bfc2300d5a03dc4f20d,Customer 6c03b7,True,"{""generated_name"": true}"
111004975efcc926fc61c8a640709a32,111004975efcc926fc61c8a640709a32,Customer 111004,True,"{""generated_name"": true}"
8faf7d578c01ac864da5b942a4a0a3c7,8faf7d578c01ac864da5b942a4a0a3c7,Customer 8faf7d,True,"{""generated_name"": true}"
05041293eb4002c27c3bebf636dbd308,05041293eb4002c27c3bebf636dbd308,Customer 050412,True,"{""generated_name"": true}"
fc86194d31d21e9c13ac0055f0c9e27d,fc86194d31d21e9c13ac0055f0c9e27d,Customer fc8619,True,"{""generated_name"": true}"
e696aa94a87c8e7c24562a26491c2e69,e696aa94a87c8e7c24562a26491c2e69,Customer e696aa,True,"{""generated_name"": true}"
620b2eae304c046f8945c3a326807307,620b2eae304c046f8945c3a326807307,Customer 620b2e,True,"{""generated_name"": true}"
0ad7cb4f48f2a2cf5080e3c19c7cf98c,0ad7cb4f48f2a2cf5080e3c19c7cf98c,Customer 0ad7cb,True,"{""generated_name"": true}"
d888af68574687ee61490379f13f687f,d888af68574687ee61490379f13f687f,Customer d888af,True,"{""generated_name"": true}"
cda31ad527f32bfe5d75029c8aa9c0bd,cda31ad527f32bfe5d75029c8aa9c0bd,Customer cda31a,True,"{""generated_name"": true}"
d78c12d22bb74c07f4a55c5c3a76b39d,d78c12d22bb74c07f4a55c5c3a76b39d,Customer d78c12,True,"{""generated_name"": true}"
62e1ae4534034e997766c534abf8f22d,62e1ae4534034e997766c534abf8f22d,Customer 62e1ae,True,"{""generated_name"": true}"
6dcd617b8df9d73079529b8719ec904a,6dcd617b8df9d73079529b8719ec904a,Customer 6dcd61,True,"{""generated_name"": true}"
d36992438cf455a0810b43f8c63215a4,d36992438cf455a0810b43f8c63215a4,Customer d36992,True,"{""generated_name"": true}"
44f4e30c7aa3df7983d97f2b96c3a0ea,44f4e30c7aa3df7983d97f2b96c3a0ea,Customer 44f4e3,True,"{""generated_name"": true}"
c459f4dd69a0d9468e3e170cf0c26d8f,c459f4dd69a0d9468e3e170cf0c26d8f,Customer c459f4,True,"{""generated_name"": true}"
f3b2eb3359ceec0c944d6eaaff458072,f3b2eb3359ceec0c944d6eaaff458072,Customer f3b2eb,True,"{""generated_name"": true}"
8627dec75c84b5477661ad7af63c95e8,8627dec75c84b5477661ad7af63c95e8,Customer 8627de,True,"{""generated_name"": true}"
9f2edafc17f2d2141c6a7f63d0119cd3,9f2edafc17f2d2141c6a7f63d0119cd3,Customer 9f2eda,True,"{""generated_name"": true}"
3d312265fc9d391f8dcda6be3c0605c5,3d312265fc9d391f8dcda6be3c0605c5,Customer 3d3122,True,"{""generated_name"": true}"
5d3002cbe1d063e8510d5a7ad59ba35e,5d3002cbe1d063e8510d5a7ad59ba35e,Customer 5d3002,True,"{""generated_name"": true}"
328027d573d3b5c58a2f13f21bf8bc92,328027d573d3b5c58a2f13f21bf8bc92,Customer 328027,True,"{""generated_name"": true}"
3906f8113531d94413a0b6b7cbe11bef,3906f8113531d94413a0b6b7cbe11bef,Customer 3906f8,True,"{""generated_name"": true}"
f64051691a2eaa6c39c8a546ff92220e,f64051691a2eaa6c39c8a546ff92220e,Customer f64051,True,"{""generated_name"": true}"
b2ed6ed08d758a308f53dad5d0340548,b2ed6ed08d758a308f53dad5d0340548,Customer b2ed6e,True,"{""generated_name"": true}"
72e79d08a90aa4e10f7e5aa76e65b258,72e79d08a90aa4e10f7e5aa76e65b258,Customer 72e79d,True,"{""generated_name"": true}"
073667f98c8956621ffdacb34d7ab922,073667f98c8956621ffdacb34d7ab922,Customer 073667,True,"{""generated_name"": true}"
22757c044f096bef19c36c5d6ffc51d5,22757c044f096bef19c36c5d6ffc51d5,Customer 22757c,True,"{""generated_name"": true}"
b6b5af827ac97711a48b71a26e986cc2,b6b5af827ac97711a48b71a26e986cc2,Customer b6b5af,True,"{""generated_name"": true}"
4da5e4516dfe9be3e6c06902659e0c9c,4da5e4516dfe9be3e6c06902659e0c9c,Customer 4da5e4,True,"{""generated_name"": true}"
3fc3fe30f14b0eed5a5b99a1832656d1,3fc3fe30f14b0eed5a5b99a1832656d1,Customer 3fc3fe,True,"{""generated_name"": true}"
29b3f53b1aa56b499f8433ff696cb94c,29b3f53b1aa56b499f8433ff696cb94c,Customer 29b3f5,True,"{""generated_name"": true}"
cd99a9eef357a06bf370cb0584c412c0,cd99a9eef357a06bf370cb0584c412c0,Customer cd99a9,True,"{""generated_name"": true}"
1976cf27dc816eae1657095cc52d4ff4,1976cf27dc816eae1657095cc52d4ff4,Customer 1976cf,True,"{""generated_name"": true}"
f079f24421070c48eda95468f1842707,f079f24421070c48eda95468f1842707,Customer f079f2,True,"{""generated_name"": true}"
5b75fed624dfb67890f5d9345f4dc062,5b75fed624dfb67890f5d9345f4dc062,Customer 5b75fe,True,"{""generated_name"": true}"
ad2ba9ffc25294bd578b5662b79adc2a,ad2ba9ffc25294bd578b5662b79adc2a,Customer ad2ba9,True,"{""generated_name"": true}"
91dda3852e8a4757ed73fc91360cfa5f,91dda3852e8a4757ed73fc91360cfa5f,Customer 91dda3,True,"{""generated_name"": true}"
3d20f9eb3b573ac7c42e3888c339467f,3d20f9eb3b573ac7c42e3888c339467f,Customer 3d20f9,True,"{""generated_name"": true}"
9c77ef5c10eb297b09aa326cadd6b4e8,9c77ef5c10eb297b09aa326cadd6b4e8,Customer 9c77ef,True,"{""generated_name"": true}"
acbdb96ba80617e88d7aee420c0a11e7,acbdb96ba80617e88d7aee420c0a11e7,Customer acbdb9,True,"{""generated_name"": true}"
f3614734af84686da8c277c2e041761b,f3614734af84686da8c277c2e041761b,Customer f36147,True,"{""generated_name"": true}"
82c0bc25523807a4246382561020ca5b,82c0bc25523807a4246382561020ca5b,Customer 82c0bc,True,"{""generated_name"": true}"
c1a4b53b842e8d216fb21eead6bd42b3,c1a4b53b842e8d216fb21eead6bd42b3,Customer c1a4b5,True,"{""generated_name"": true}"
20ab68e0683c4154beea6981ddfd9955,20ab68e0683c4154beea6981ddfd9955,Customer 20ab68,True,"{""generated_name"": true}"
688f5342ea5ff47d612126908c38f7f0,688f5342ea5ff47d612126908c38f7f0,Customer 688f53,True,"{""generated_name"": true}"
d0a89a3601ed45679e53689fe39763de,d0a89a3601ed45679e53689fe39763de,Customer d0a89a,True,"{""generated_name"": true}"
eab55d94c67aaf17eb72cc436a269711,eab55d94c67aaf17eb72cc436a269711,Customer eab55d,True,"{""generated_name"": true}"
e68adbdac93c15c8035827ac6634ad0e,e68adbdac93c15c8035827ac6634ad0e,Customer e68adb,True,"{""generated_name"": true}"
8d26367d9632f8b98d75c91aca86147e,8d26367d9632f8b98d75c91aca86147e,Customer 8d2636,True,"{""generated_name"": true}"
1e7494c847d6a45f6503c7ac3eb4222c,1e7494c847d6a45f6503c7ac3eb4222c,Customer 1e7494,True,"{""generated_name"": true}"
c7cbfde15c23e2adb6234e650d2ab92e,c7cbfde15c23e2adb6234e650d2ab92e,Customer c7cbfd,True,"{""generated_name"": true}"
a493e7ed9815ba5cb18de1cbcd24c68b,a493e7ed9815ba5cb18de1cbcd24c68b,Customer a493e7,True,"{""generated_name"": true}"
d27a98f493218188dbeafb7a4afff8fa,d27a98f493218188dbeafb7a4afff8fa,Customer d27a98,True,"{""generated_name"": true}"
dc7db033534dd88c993be14c98ac7de6,dc7db033534dd88c993be14c98ac7de6,Customer dc7db0,True,"{""generated_name"": true}"
8c9ca7a5718a991b4f765b8c3d569b85,8c9ca7a5718a991b4f765b8c3d569b85,Customer 8c9ca7,True,"{""generated_name"": true}"
a6946426d0c88e33bbe84a9a3196b0b9,a6946426d0c88e33bbe84a9a3196b0b9,Customer a69464,True,"{""generated_name"": true}"
73782acd986b766778b686b42441bf0e,73782acd986b766778b686b42441bf0e,Customer 73782a,True,"{""generated_name"": true}"
12728eaaef44ecf87a76083fd1e442c3,12728eaaef44ecf87a76083fd1e442c3,Customer 12728e,True,"{""generated_name"": true}"
db1cce77026a6c7b2fe3553ce05d71ed,db1cce77026a6c7b2fe3553ce05d71ed,Customer db1cce,True,"{""generated_name"": true}"
9e68775971541ca8a79b6fce848e7aee,9e68775971541ca8a79b6fce848e7aee,Customer 9e6877,True,"{""generated_name"": true}"
55fb9192213bf782857b13d56eb0ec80,55fb9192213bf782857b13d56eb0ec80,Customer 55fb91,True,"{""generated_name"": true}"
bd9e8963c5cc40946d3e404fec35ab9c,bd9e8963c5cc40946d3e404fec35ab9c,Customer bd9e89,True,"{""generated_name"": true}"
0a04ef49753f87dcfed8d37f19f8dea4,0a04ef49753f87dcfed8d37f19f8dea4,Customer 0a04ef,True,"{""generated_name"": true}"
4dd90242272ee2cabb138d66d95012dc,4dd90242272ee2cabb138d66d95012dc,Customer 4dd902,True,"{""generated_name"": true}"
1c31e9e0651dcb9bb941ff68c87365ee,1c31e9e0651dcb9bb941ff68c87365ee,Customer 1c31e9,True,"{""generated_name"": true}"
52685285a351700c230d7360fe1a5617,52685285a351700c230d7360fe1a5617,Customer 526852,True,"{""generated_name"": true}"
2d4ae260c92aac1d323cb1a872eb9c20,2d4ae260c92aac1d323cb1a872eb9c20,Customer 2d4ae2,True,"{""generated_name"": true}"
be2020ecbdb297610a13fd963cf78f31,be2020ecbdb297610a13fd963cf78f31,Customer be2020,True,"{""generated_name"": true}"
1aefdb169d82d349ff074518bab4876a,1aefdb169d82d349ff074518bab4876a,Customer 1aefdb,True,"{""generated_name"": true}"
3b89c5ae5ede6cc774386d606ded6e77,3b89c5ae5ede6cc774386d606ded6e77,Customer 3b89c5,True,"{""generated_name"": true}"
6a7ee8caad3b24acd1400d10ec62bf64,6a7ee8caad3b24acd1400d10ec62bf64,Customer 6a7ee8,True,"{""generated_name"": true}"
9a0ebd74a3b2f4f460405fa665807864,9a0ebd74a3b2f4f460405fa665807864,Customer 9a0ebd,True,"{""generated_name"": true}"
42b25604b2a8dd76ed934e07a0aa1ca0,42b25604b2a8dd76ed934e07a0aa1ca0,Customer 42b256,True,"{""generated_name"": true}"
9199d4b03f114560011e2e878eb9d9fd,9199d4b03f114560011e2e878eb9d9fd,Customer 9199d4,True,"{""generated_name"": true}"
d56879f3551bb3b35caa7950ef7e7dd1,d56879f3551bb3b35caa7950ef7e7dd1,Customer d56879,True,"{""generated_name"": true}"
a89c1b6ce77fa159fa11e282c1f48299,a89c1b6ce77fa159fa11e282c1f48299,Customer a89c1b,True,"{""generated_name"": true}"
cb85e26bc7feed69b59cdd1bc1aecb86,cb85e26bc7feed69b59cdd1bc1aecb86,Customer cb85e2,True,"{""generated_name"": true}"
93cb1651a79ef0fa3c8af11866054d9b,93cb1651a79ef0fa3c8af11866054d9b,Customer 93cb16,True,"{""generated_name"": true}"
dc8a6cdc8426f5ceede410e0dd67aa22,dc8a6cdc8426f5ceede410e0dd67aa22,Customer dc8a6c,True,"{""generated_name"": true}"
3201915c3f25b7f281e5a5e0a89fab6d,3201915c3f25b7f281e5a5e0a89fab6d,Customer 320191,True,"{""generated_name"": true}"
6001c49233ae204da889cac6fbb71ee4,6001c49233ae204da889cac6fbb71ee4,Customer 6001c4,True,"{""generated_name"": true}"
5c555b5e0d044f377f7da3011ba0655a,5c555b5e0d044f377f7da3011ba0655a,Customer 5c555b,True,"{""generated_name"": true}"
4aceb8c7e323505487fb7ad6775f177b,4aceb8c7e323505487fb7ad6775f177b,Customer 4aceb8,True,"{""generated_name"": true}"
d31877e6feecf887ec4e9b95c30e6422,d31877e6feecf887ec4e9b95c30e6422,Customer d31877,True,"{""generated_name"": true}"
43f797685f3789d5d81995ec61777b95,43f797685f3789d5d81995ec61777b95,Customer 43f797,True,"{""generated_name"": true}"
b413c4606ef07dbf8eec895fdff606d9,b413c4606ef07dbf8eec895fdff606d9,Customer b413c4,True,"{""generated_name"": true}"
3d7680ce87086effbf73c8ca1e2f48bb,3d7680ce87086effbf73c8ca1e2f48bb,Customer 3d7680,True,"{""generated_name"": true}"
e5eed5d0afc1ee8620468918995df9f6,e5eed5d0afc1ee8620468918995df9f6,Customer e5eed5,True,"{""generated_name"": true}"
18887503eefa84ee51a6fcdca1e71240,18887503eefa84ee51a6fcdca1e71240,Customer 188875,True,"{""generated_name"": true}"
3a131e6c88849b1d0b28020c3809ea29,3a131e6c88849b1d0b28020c3809ea29,Customer 3a131e,True,"{""generated_name"": true}"
6b0746a7e01fcf5053470173fbe80240,6b0746a7e01fcf5053470173fbe80240,Customer 6b0746,True,"{""generated_name"": true}"
67cce2f1e7855cac590025a05419dc6b,67cce2f1e7855cac590025a05419dc6b,Customer 67cce2,True,"{""generated_name"": true}"
6db51553e2c20e18d99b2cad5d06be76,6db51553e2c20e18d99b2cad5d06be76,Customer 6db515,True,"{""generated_name"": true}"
85730e226e2f3a1608433546133793e1,85730e226e2f3a1608433546133793e1,Customer 85730e,True,"{""generated_name"": true}"
8505734f21396405b5477c75a45734fe,8505734f21396405b5477c75a45734fe,Customer 850573,True,"{""generated_name"": true}"
df18b55cc16528b438bed221135c2dd5,df18b55cc16528b438bed221135c2dd5,Customer df18b5,True,"{""generated_name"": true}"
51e5603fc75c806835b85d5dfee5ed78,51e5603fc75c806835b85d5dfee5ed78,Customer 51e560,True,"{""generated_name"": true}"
fd6692516c7c9fbc14eba639f54339f6,fd6692516c7c9fbc14eba639f54339f6,Customer fd6692,True,"{""generated_name"": true}"
c9b3b24308b1a4587ffa3e60fafc2b1f,c9b3b24308b1a4587ffa3e60fafc2b1f,Customer c9b3b2,True,"{""generated_name"": true}"
f7a9e1dae3c51a82111886d637af688d,f7a9e1dae3c51a82111886d637af688d,Customer f7a9e1,True,"{""generated_name"": true}"
5e15e6aa831179d018ee6caafe4ac330,5e15e6aa831179d018ee6caafe4ac330,Customer 5e15e6,True,"{""generated_name"": true}"
6b3fb73cdfc7d680d94676a78c105f19,6b3fb73cdfc7d680d94676a78c105f19,Customer 6b3fb7,True,"{""generated_name"": true}"
6c9871f7c55b411fabb59d9130b51e6d,6c9871f7c55b411fabb59d9130b51e6d,Customer 6c9871,True,"{""generated_name"": true}"
39c27daff7dd7ad6f534c53970fe8e3b,39c27daff7dd7ad6f534c53970fe8e3b,Customer 39c27d,True,"{""generated_name"": true}"
2d62c1ea4c3b6b96960799107a1bf5e3,2d62c1ea4c3b6b96960799107a1bf5e3,Customer 2d62c1,True,"{""generated_name"": true}"
0333b2fc6ba7014702e08ef613850270,0333b2fc6ba7014702e08ef613850270,Customer 0333b2,True,"{""generated_name"": true}"
afc789e24a84241112316aaaba8664f8,afc789e24a84241112316aaaba8664f8,Customer afc789,True,"{""generated_name"": true}"
d9eb68c5371db8543ced02a5937b9805,d9eb68c5371db8543ced02a5937b9805,Customer d9eb68,True,"{""generated_name"": true}"
d54b9a83d89e3d7dbfb98101f3790bd9,d54b9a83d89e3d7dbfb98101f3790bd9,Customer d54b9a,True,"{""generated_name"": true}"
048dbdf8f9bbd1be87b25868d1408311,048dbdf8f9bbd1be87b25868d1408311,Customer 048dbd,True,"{""generated_name"": true}"
147fae04ca79eb0e3a3617428b43eed6,147fae04ca79eb0e3a3617428b43eed6,Customer 147fae,True,"{""generated_name"": true}"
24af9d33418188ade58994554fe2fa30,24af9d33418188ade58994554fe2fa30,Customer 24af9d,True,"{""generated_name"": true}"
34559b7e3e0742c1952c9d905e0604cc,34559b7e3e0742c1952c9d905e0604cc,Customer 34559b,True,"{""generated_name"": true}"
3a2dd9ed30322ef11af9f31f8bbd498c,3a2dd9ed30322ef11af9f31f8bbd498c,Customer 3a2dd9,True,"{""generated_name"": true}"
74ac946f1e9d688ca07e592a8dc816ef,74ac946f1e9d688ca07e592a8dc816ef,Customer 74ac94,True,"{""generated_name"": true}"
f11a80ef32241a111971c84a01760dac,f11a80ef32241a111971c84a01760dac,Customer f11a80,True,"{""generated_name"": true}"
c5752c026096348f9d760b778b250e75,c5752c026096348f9d760b778b250e75,Customer c5752c,True,"{""generated_name"": true}"
42f791f74ef1f0e1befd3eb3f117c8c2,42f791f74ef1f0e1befd3eb3f117c8c2,Customer 42f791,True,"{""generated_name"": true}"
dc066efc5d97d0ddf6d4cc1794cf1fd8,dc066efc5d97d0ddf6d4cc1794cf1fd8,Customer dc066e,True,"{""generated_name"": true}"
d9f9ec2e8b0b960bb670070fca4d6274,d9f9ec2e8b0b960bb670070fca4d6274,Customer d9f9ec,True,"{""generated_name"": true}"
5e14026973c4b71ae2e86aa64cde17bf,5e14026973c4b71ae2e86aa64cde17bf,Customer 5e1402,True,"{""generated_name"": true}"
5266b70050919a41e3e263746facd2a2,5266b70050919a41e3e263746facd2a2,Customer 5266b7,True,"{""generated_name"": true}"
e1cc10593186c139b7467649bf686743,e1cc10593186c139b7467649bf686743,Customer e1cc10,True,"{""generated_name"": true}"
e3c774521d475de71b7deb0610632b27,e3c774521d475de71b7deb0610632b27,Customer e3c774,True,"{""generated_name"": true}"
0da12f504835aca6dd7ca0701c736219,0da12f504835aca6dd7ca0701c736219,Customer 0da12f,True,"{""generated_name"": true}"
ba7fa0a94a106bbf587f5813d19b63b6,ba7fa0a94a106bbf587f5813d19b63b6,Customer ba7fa0,True,"{""generated_name"": true}"
17f019dd38d171db5acf7c7f038b5e06,17f019dd38d171db5acf7c7f038b5e06,Customer 17f019,True,"{""generated_name"": true}"
64b208f893dcb7b86cf71fc8a1149788,64b208f893dcb7b86cf71fc8a1149788,Customer 64b208,True,"{""generated_name"": true}"
712c4abfd9b054e7872aad2021a4aee3,712c4abfd9b054e7872aad2021a4aee3,Customer 712c4a,True,"{""generated_name"": true}"
e557f27be2ff15a34d71e2932d83bea0,e557f27be2ff15a34d71e2932d83bea0,Customer e557f2,True,"{""generated_name"": true}"
c9f633ba06746056943f5e6d4bf1f1cd,c9f633ba06746056943f5e6d4bf1f1cd,Customer c9f633,True,"{""generated_name"": true}"
842c82a05fe60d689e341d5c9f33f73a,842c82a05fe60d689e341d5c9f33f73a,Customer 842c82,True,"{""generated_name"": true}"
86cb5b442aff3b8e9b29b18d5947c245,86cb5b442aff3b8e9b29b18d5947c245,Customer 86cb5b,True,"{""generated_name"": true}"
2583866968d72b2503e08837f6698689,2583866968d72b2503e08837f6698689,Customer 258386,True,"{""generated_name"": true}"
b2cdf76962cdd5c1c1534af71e82ebeb,b2cdf76962cdd5c1c1534af71e82ebeb,Customer b2cdf7,True,"{""generated_name"": true}"
0b704ed6ca67840f360498ffe905d8da,0b704ed6ca67840f360498ffe905d8da,Customer 0b704e,True,"{""generated_name"": true}"
21325012e96d5549c44148c2d65ca3ee,21325012e96d5549c44148c2d65ca3ee,Customer 213250,True,"{""generated_name"": true}"
b8a11136550032517dcc9183f87c057c,b8a11136550032517dcc9183f87c057c,Customer b8a111,True,"{""generated_name"": true}"
96a297162b4d82e37dea33271fe02b11,96a297162b4d82e37dea33271fe02b11,Customer 96a297,True,"{""generated_name"": true}"
7fadcf53222cf52db5c311cc711b6d2e,7fadcf53222cf52db5c311cc711b6d2e,Customer 7fadcf,True,"{""generated_name"": true}"
82f341134c3e8d0a25958d4bb4f05e4b,82f341134c3e8d0a25958d4bb4f05e4b,Customer 82f341,True,"{""generated_name"": true}"
d1744e4b88a060e0c2f919c5eccc33ff,d1744e4b88a060e0c2f919c5eccc33ff,Customer d1744e,True,"{""generated_name"": true}"
a31dc47d85fb26c44fa0e00db1972190,a31dc47d85fb26c44fa0e00db1972190,Customer a31dc4,True,"{""generated_name"": true}"
3fabb2d53935aee311d331d0f0480da2,3fabb2d53935aee311d331d0f0480da2,Customer 3fabb2,True,"{""generated_name"": true}"
90e57819e51c6f3f589ee122451616fe,90e57819e51c6f3f589ee122451616fe,Customer 90e578,True,"{""generated_name"": true}"
a4d6f5e61e07e006e41e7ec382f3db1b,a4d6f5e61e07e006e41e7ec382f3db1b,Customer a4d6f5,True,"{""generated_name"": true}"
f4cb29a2884554c257a90856b70d2f54,f4cb29a2884554c257a90856b70d2f54,Customer f4cb29,True,"{""generated_name"": true}"
cf1f3832efb4b882a8ce2c7ccbe4db1b,cf1f3832efb4b882a8ce2c7ccbe4db1b,Customer cf1f38,True,"{""generated_name"": true}"
1650819cd492bbf4b9d189c7d4126475,1650819cd492bbf4b9d189c7d4126475,Customer 165081,True,"{""generated_name"": true}"
f4c41fdf263354b73b5b86b02c8f8492,f4c41fdf263354b73b5b86b02c8f8492,Customer f4c41f,True,"{""generated_name"": true}"
2f118e666b41b76a61d8cdbbc19f7735,2f118e666b41b76a61d8cdbbc19f7735,Customer 2f118e,True,"{""generated_name"": true}"
bc7b9e0d078c0c01f622b38cfcd7ee9c,bc7b9e0d078c0c01f622b38cfcd7ee9c,Customer bc7b9e,True,"{""generated_name"": true}"
5f2360a071c8251e652488064a26200c,5f2360a071c8251e652488064a26200c,Customer 5f2360,True,"{""generated_name"": true}"
1e962724461d2c0db4644277169082e3,1e962724461d2c0db4644277169082e3,Customer 1e9627,True,"{""generated_name"": true}"
58835ea10a8191c85f9c0da34a51b0e9,58835ea10a8191c85f9c0da34a51b0e9,Customer 58835e,True,"{""generated_name"": true}"
8a97a930c86c83b79d033300afc68fac,8a97a930c86c83b79d033300afc68fac,Customer 8a97a9,True,"{""generated_name"": true}"
9ef4905006f939a993f4794df18564c7,9ef4905006f939a993f4794df18564c7,Customer 9ef490,True,"{""generated_name"": true}"
48a5a17d697d2da4735f51e37dfbdc50,48a5a17d697d2da4735f51e37dfbdc50,Customer 48a5a1,True,"{""generated_name"": true}"
161e5b2b4513edb336986a8909218365,161e5b2b4513edb336986a8909218365,Customer 161e5b,True,"{""generated_name"": true}"
6bbdb2486a1b142e632b8128dc22cc3e,6bbdb2486a1b142e632b8128dc22cc3e,Customer 6bbdb2,True,"{""generated_name"": true}"
4ecdcc06343fcc71cbd3d0905e74a45b,4ecdcc06343fcc71cbd3d0905e74a45b,Customer 4ecdcc,True,"{""generated_name"": true}"
b790018858eedb8acf351b01ec841ee1,b790018858eedb8acf351b01ec841ee1,Customer b79001,True,"{""generated_name"": true}"
102ede583b4c21f958423ea7f91d3b87,102ede583b4c21f958423ea7f91d3b87,Customer 102ede,True,"{""generated_name"": true}"
590820515e9a622e73ddbe545fc1eb86,590820515e9a622e73ddbe545fc1eb86,Customer 590820,True,"{""generated_name"": true}"
f01cce5639ad2767abee41dd4621d804,f01cce5639ad2767abee41dd4621d804,Customer f01cce,True,"{""generated_name"": true}"
581c85ba0bfacbdb3f21e5ac6fd2187a,581c85ba0bfacbdb3f21e5ac6fd2187a,Customer 581c85,True,"{""generated_name"": true}"
17323e6778c10b4a781bb9564ce5f498,17323e6778c10b4a781bb9564ce5f498,Customer 17323e,True,"{""generated_name"": true}"
9c101a1e40d02a431e8f6e0008529772,9c101a1e40d02a431e8f6e0008529772,Customer 9c101a,True,"{""generated_name"": true}"
fdde232a70739feb7bff709ca09a6b1d,fdde232a70739feb7bff709ca09a6b1d,Customer fdde23,True,"{""generated_name"": true}"
0da5247e3af1907adfb86f93c6f769f9,0da5247e3af1907adfb86f93c6f769f9,Customer 0da524,True,"{""generated_name"": true}"
cea24d7104b107365c53eb0cc5c4eb66,cea24d7104b107365c53eb0cc5c4eb66,Customer cea24d,True,"{""generated_name"": true}"
f08bcc2665bfd28bcdbc5530efa21cd5,f08bcc2665bfd28bcdbc5530efa21cd5,Customer f08bcc,True,"{""generated_name"": true}"
6f4102ac174b0bf17f1495f81a6f27a3,6f4102ac174b0bf17f1495f81a6f27a3,Customer 6f4102,True,"{""generated_name"": true}"
d022f60348d070258d57c290636badea,d022f60348d070258d57c290636badea,Customer d022f6,True,"{""generated_name"": true}"
e9b846d808ccf1823115501829ee7e18,e9b846d808ccf1823115501829ee7e18,Customer e9b846,True,"{""generated_name"": true}"
3abcdd9f2adabfc152ffc2c348ab5644,3abcdd9f2adabfc152ffc2c348ab5644,Customer 3abcdd,True,"{""generated_name"": true}"
7ee80de1a077e0aeae1783715ec36476,7ee80de1a077e0aeae1783715ec36476,Customer 7ee80d,True,"{""generated_name"": true}"
7d6aacf8eb406bd16f8cca2be7163c75,7d6aacf8eb406bd16f8cca2be7163c75,Customer 7d6aac,True,"{""generated_name"": true}"
7e6494e69991e3b31bcbe9cf32533b29,7e6494e69991e3b31bcbe9cf32533b29,Customer 7e6494,True,"{""generated_name"": true}"
abb988a3a19147f2a4dbaf0e71bd9e37,abb988a3a19147f2a4dbaf0e71bd9e37,Customer abb988,True,"{""generated_name"": true}"
d8498f6b01c50238faa7fbc56682c34f,d8498f6b01c50238faa7fbc56682c34f,Customer d8498f,True,"{""generated_name"": true}"
b35dd02a8fb5287993b96bee8a8e4238,b35dd02a8fb5287993b96bee8a8e4238,Customer b35dd0,True,"{""generated_name"": true}"
e0dd737c37017dd45daddee7b4976993,e0dd737c37017dd45daddee7b4976993,Customer e0dd73,True,"{""generated_name"": true}"
ce5007556ca6f785f4d43f910c733700,ce5007556ca6f785f4d43f910c733700,Customer ce5007,True,"{""generated_name"": true}"
fc72a2e33eb83c94038e5e973d632fe7,fc72a2e33eb83c94038e5e973d632fe7,Customer fc72a2,True,"{""generated_name"": true}"
3af45fe3c1c22f5b1a03de0637741bc6,3af45fe3c1c22f5b1a03de0637741bc6,Customer 3af45f,True,"{""generated_name"": true}"
1d9f8ceef15c2c222c7452f380371627,1d9f8ceef15c2c222c7452f380371627,Customer 1d9f8c,True,"{""generated_name"": true}"
028f21bc914b92ebd3d90710df2363b0,028f21bc914b92ebd3d90710df2363b0,Customer 028f21,True,"{""generated_name"": true}"
530536811a54b54504e35183447a8ecf,530536811a54b54504e35183447a8ecf,Customer 530536,True,"{""generated_name"": true}"
0b8f48c242246419f92b6c43b0165010,0b8f48c242246419f92b6c43b0165010,Customer 0b8f48,True,"{""generated_name"": true}"
a28f687bf746de141e0827d034d6132c,a28f687bf746de141e0827d034d6132c,Customer a28f68,True,"{""generated_name"": true}"
76469f1d0d75d1b8c83fd75610f84c23,76469f1d0d75d1b8c83fd75610f84c23,Customer 76469f,True,"{""generated_name"": true}"
8d39f6fecda2476bd70895d99291e3bf,8d39f6fecda2476bd70895d99291e3bf,Customer 8d39f6,True,"{""generated_name"": true}"
8610d4722d4bcdaf55f53cbeb8cf3c14,8610d4722d4bcdaf55f53cbeb8cf3c14,Customer 8610d4,True,"{""generated_name"": true}"
ab017161bffa67a5a68d762fc993a35d,ab017161bffa67a5a68d762fc993a35d,Customer ab0171,True,"{""generated_name"": true}"
291fbe0bef77808ae14b772b922cab74,291fbe0bef77808ae14b772b922cab74,Customer 291fbe,True,"{""generated_name"": true}"
37d35206031031985cbe5577eacbd0f1,37d35206031031985cbe5577eacbd0f1,Customer 37d352,True,"{""generated_name"": true}"
c97d551073edc0d8962ce1a32e0c4d7f,c97d551073edc0d8962ce1a32e0c4d7f,Customer c97d55,True,"{""generated_name"": true}"
a6f9ff98ef3cedac9d8a2b88afc89972,a6f9ff98ef3cedac9d8a2b88afc89972,Customer a6f9ff,True,"{""generated_name"": true}"
718028dee40c5253ab23fad0a46a9eb0,718028dee40c5253ab23fad0a46a9eb0,Customer 718028,True,"{""generated_name"": true}"
89698c8bbd68babe5edec47450537a05,89698c8bbd68babe5edec47450537a05,Customer 89698c,True,"{""generated_name"": true}"
77426f7a06e493a618f5eec875ee7450,77426f7a06e493a618f5eec875ee7450,Customer 77426f,True,"{""generated_name"": true}"
7bd3bf5cf286d73c6876f46cf03b7595,7bd3bf5cf286d73c6876f46cf03b7595,Customer 7bd3bf,True,"{""generated_name"": true}"
7a717553d8ea2eaf29cace2e5876f634,7a717553d8ea2eaf29cace2e5876f634,Customer 7a7175,True,"{""generated_name"": true}"
766c363986fc269b65ca0bd173b39691,766c363986fc269b65ca0bd173b39691,Customer 766c36,True,"{""generated_name"": true}"
aa9140fe3ea21e933f6da620bb720ebc,aa9140fe3ea21e933f6da620bb720ebc,Customer aa9140,True,"{""generated_name"": true}"
0470135d506f45f407a71c9094f62d6d,0470135d506f45f407a71c9094f62d6d,Customer 047013,True,"{""generated_name"": true}"
9594f9dfee250981a281169d2c721e78,9594f9dfee250981a281169d2c721e78,Customer 9594f9,True,"{""generated_name"": true}"
050edcc983b8b15a8c076355d0a784bd,050edcc983b8b15a8c076355d0a784bd,Customer 050edc,True,"{""generated_name"": true}"
bdbf120a9e9c361afc155b0c6c0164bd,bdbf120a9e9c361afc155b0c6c0164bd,Customer bdbf12,True,"{""generated_name"": true}"
4df5d0ec15a5deb0a865846805fa3eab,4df5d0ec15a5deb0a865846805fa3eab,Customer 4df5d0,True,"{""generated_name"": true}"
6a6f22ad7d0ef9a767fce278780c91cd,6a6f22ad7d0ef9a767fce278780c91cd,Customer 6a6f22,True,"{""generated_name"": true}"
f7eaae0982d5d8ff27c56373895d97de,f7eaae0982d5d8ff27c56373895d97de,Customer f7eaae,True,"{""generated_name"": true}"
8f2c2bb85004d6fb8eaae044d3c4096d,8f2c2bb85004d6fb8eaae044d3c4096d,Customer 8f2c2b,True,"{""generated_name"": true}"
506d6cf0a8806f688cd5b05626819e2c,506d6cf0a8806f688cd5b05626819e2c,Customer 506d6c,True,"{""generated_name"": true}"
28ce0e637b032b627bbcd5bf6bfcb973,28ce0e637b032b627bbcd5bf6bfcb973,Customer 28ce0e,True,"{""generated_name"": true}"
3ed6263b3fdb5ddbb4bd8c42fd817a4d,3ed6263b3fdb5ddbb4bd8c42fd817a4d,Customer 3ed626,True,"{""generated_name"": true}"
92492db1c6d3523933a19481c6d5eb8d,92492db1c6d3523933a19481c6d5eb8d,Customer 92492d,True,"{""generated_name"": true}"
f3e45727fafa5c1b70c7d2dd052c11aa,f3e45727fafa5c1b70c7d2dd052c11aa,Customer f3e457,True,"{""generated_name"": true}"
cb824a5ce7a9fd74bca8f9b0e1943415,cb824a5ce7a9fd74bca8f9b0e1943415,Customer cb824a,True,"{""generated_name"": true}"
e3d5e814512a05f84dbb36d52eac433c,e3d5e814512a05f84dbb36d52eac433c,Customer e3d5e8,True,"{""generated_name"": true}"
60b8395018e55124548d780d23b9c02d,60b8395018e55124548d780d23b9c02d,Customer 60b839,True,"{""generated_name"": true}"
001ae44fa04911a9e9577356dce6c63c,001ae44fa04911a9e9577356dce6c63c,Customer 001ae4,True,"{""generated_name"": true}"
e9d6ce102dcb8ab8a3387021b5040f70,e9d6ce102dcb8ab8a3387021b5040f70,Customer e9d6ce,True,"{""generated_name"": true}"
29c50454ab44ffc215c1689ffc1fe783,29c50454ab44ffc215c1689ffc1fe783,Customer 29c504,True,"{""generated_name"": true}"
3b8e35acc6e08d9146f097dc1efbf471,3b8e35acc6e08d9146f097dc1efbf471,Customer 3b8e35,True,"{""generated_name"": true}"
8ec49be0447d11c4deb5fcdcf43407cc,8ec49be0447d11c4deb5fcdcf43407cc,Customer 8ec49b,True,"{""generated_name"": true}"
7f0d5c5f31339b90635c9bf99651dfa0,7f0d5c5f31339b90635c9bf99651dfa0,Customer 7f0d5c,True,"{""generated_name"": true}"
06a46121174f129a77f8e50824a5710d,06a46121174f129a77f8e50824a5710d,Customer 06a461,True,"{""generated_name"": true}"
4d1816adb92709672c1c049f8756f542,4d1816adb92709672c1c049f8756f542,Customer 4d1816,True,"{""generated_name"": true}"
cc744cdbcc1c3e74f8995202a910cbd9,cc744cdbcc1c3e74f8995202a910cbd9,Customer cc744c,True,"{""generated_name"": true}"
f31ac54af6af7097bddd1053011e7a3a,f31ac54af6af7097bddd1053011e7a3a,Customer f31ac5,True,"{""generated_name"": true}"
a6e10bbbfb7af7122f5feb0f19268baa,a6e10bbbfb7af7122f5feb0f19268baa,Customer a6e10b,True,"{""generated_name"": true}"
286d8f01f94a8061cef05c7c49efd8a9,286d8f01f94a8061cef05c7c49efd8a9,Customer 286d8f,True,"{""generated_name"": true}"
cdb1c37a2495de449b7967018ccec0bd,cdb1c37a2495de449b7967018ccec0bd,Customer cdb1c3,True,"{""generated_name"": true}"
9716aa0359703cd7753c5696c45823e0,9716aa0359703cd7753c5696c45823e0,Customer 9716aa,True,"{""generated_name"": true}"
fa776b9116f0db0aa31fce6fb9f453db,fa776b9116f0db0aa31fce6fb9f453db,Customer fa776b,True,"{""generated_name"": true}"
a577a200a23467257794210152357aab,a577a200a23467257794210152357aab,Customer a577a2,True,"{""generated_name"": true}"
555ff7c7aa057a4f340c8ec9e26986f2,555ff7c7aa057a4f340c8ec9e26986f2,Customer 555ff7,True,"{""generated_name"": true}"
3602e0472e2ec22ab176b0b211e7c306,3602e0472e2ec22ab176b0b211e7c306,Customer 3602e0,True,"{""generated_name"": true}"
7bd5bf0ed6c9eab79b2b7abb88a1e0f5,7bd5bf0ed6c9eab79b2b7abb88a1e0f5,Customer 7bd5bf,True,"{""generated_name"": true}"
c37f529bed2058784033a0ea12498852,c37f529bed2058784033a0ea12498852,Customer c37f52,True,"{""generated_name"": true}"
867193fe010661994dea5056c27d6f7c,867193fe010661994dea5056c27d6f7c,Customer 867193,True,"{""generated_name"": true}"
4191bcfd448dc07138d2951ea4d10008,4191bcfd448dc07138d2951ea4d10008,Customer 4191bc,True,"{""generated_name"": true}"
cb36a3e948bd39985972470cffff43c5,cb36a3e948bd39985972470cffff43c5,Customer cb36a3,True,"{""generated_name"": true}"
6636a7466f6ffd32760ad04721d2da48,6636a7466f6ffd32760ad04721d2da48,Customer 6636a7,True,"{""generated_name"": true}"
39685be2d4d774ca90b320c50884efd4,39685be2d4d774ca90b320c50884efd4,Customer 39685b,True,"{""generated_name"": true}"
b856a09d550eae86152c1c6918cb01ea,b856a09d550eae86152c1c6918cb01ea,Customer b856a0,True,"{""generated_name"": true}"
1522cc6491aaf3f36b443ff465b02df4,1522cc6491aaf3f36b443ff465b02df4,Customer 1522cc,True,"{""generated_name"": true}"
4b72a0663701b53014f308b56a8d7b44,4b72a0663701b53014f308b56a8d7b44,Customer 4b72a0,True,"{""generated_name"": true}"
02fff5ce59fcb575447d2ce02f721ca0,02fff5ce59fcb575447d2ce02f721ca0,Customer 02fff5,True,"{""generated_name"": true}"
a03bed47efff02de7b59d0da789f0dcf,a03bed47efff02de7b59d0da789f0dcf,Customer a03bed,True,"{""generated_name"": true}"
0abc80472fc67b10dcfa56041a9b72b9,0abc80472fc67b10dcfa56041a9b72b9,Customer 0abc80,True,"{""generated_name"": true}"
2bd9d2f3cc5d99b1b3d9ff5acd81bd5e,2bd9d2f3cc5d99b1b3d9ff5acd81bd5e,Customer 2bd9d2,True,"{""generated_name"": true}"
0b046317996aebdb7c05c8748a56c97c,0b046317996aebdb7c05c8748a56c97c,Customer 0b0463,True,"{""generated_name"": true}"
58b1f95484a1b2945c69403389426bd0,58b1f95484a1b2945c69403389426bd0,Customer 58b1f9,True,"{""generated_name"": true}"
a7a55071159ec47b5a820b95ed5cad13,a7a55071159ec47b5a820b95ed5cad13,Customer a7a550,True,"{""generated_name"": true}"
0676ed36c5d0ebe8fa2466b73043bb4d,0676ed36c5d0ebe8fa2466b73043bb4d,Customer 0676ed,True,"{""generated_name"": true}"
3fb316b932251d79d4bf4778964c2acb,3fb316b932251d79d4bf4778964c2acb,Customer 3fb316,True,"{""generated_name"": true}"
bf0627436135c129fa7d967439780b16,bf0627436135c129fa7d967439780b16,Customer bf0627,True,"{""generated_name"": true}"
abaf68165a86b0e8ef85cac8f562a482,abaf68165a86b0e8ef85cac8f562a482,Customer abaf68,True,"{""generated_name"": true}"
c7fa86b24c5659adf36cb075a5e27459,c7fa86b24c5659adf36cb075a5e27459,Customer c7fa86,True,"{""generated_name"": true}"
fbd9bc53c3eba9807d3e246b2104b2e9,fbd9bc53c3eba9807d3e246b2104b2e9,Customer fbd9bc,True,"{""generated_name"": true}"
de2f388db6027d874119e19f1074f080,de2f388db6027d874119e19f1074f080,Customer de2f38,True,"{""generated_name"": true}"
2685d4322702a9078fd677ad64566dcb,2685d4322702a9078fd677ad64566dcb,Customer 2685d4,True,"{""generated_name"": true}"
214d4e74738e2c03bcb4f6bbe69a20bf,214d4e74738e2c03bcb4f6bbe69a20bf,Customer 214d4e,True,"{""generated_name"": true}"
f5e127d63aa0dc285c7336c96d04f4a6,f5e127d63aa0dc285c7336c96d04f4a6,Customer f5e127,True,"{""generated_name"": true}"
7b4d9a68fc8cb79d8bc35bed1d4d9ed5,7b4d9a68fc8cb79d8bc35bed1d4d9ed5,Customer 7b4d9a,True,"{""generated_name"": true}"
bf62f39b275704a9bbd38fdffe10af45,bf62f39b275704a9bbd38fdffe10af45,Customer bf62f3,True,"{""generated_name"": true}"
eb8707b8661dab96edd562cd748e3d25,eb8707b8661dab96edd562cd748e3d25,Customer eb8707,True,"{""generated_name"": true}"
9d96ad6d5b8b75dd83e9bd2da641e9a0,9d96ad6d5b8b75dd83e9bd2da641e9a0,Customer 9d96ad,True,"{""generated_name"": true}"
5d5ac1c01829be6245079d47754087af,5d5ac1c01829be6245079d47754087af,Customer 5d5ac1,True,"{""generated_name"": true}"
d8a89dc47bde7dc0b83a3434cc017ee1,d8a89dc47bde7dc0b83a3434cc017ee1,Customer d8a89d,True,"{""generated_name"": true}"
ec029cf7407b885488d9268c18a0651f,ec029cf7407b885488d9268c18a0651f,Customer ec029c,True,"{""generated_name"": true}"
b86b13f832d20a80daac6a473cb62457,b86b13f832d20a80daac6a473cb62457,Customer b86b13,True,"{""generated_name"": true}"
2c6a91479a7dc00d8c9d650d8dee88ca,2c6a91479a7dc00d8c9d650d8dee88ca,Customer 2c6a91,True,"{""generated_name"": true}"
9721502e392ede0ba494d605b89dedba,9721502e392ede0ba494d605b89dedba,Customer 972150,True,"{""generated_name"": true}"
6d1d129c5d436ab5291628643ca34343,6d1d129c5d436ab5291628643ca34343,Customer 6d1d12,True,"{""generated_name"": true}"
b1fd7f78dc2341d5bede5ecf7dc953cc,b1fd7f78dc2341d5bede5ecf7dc953cc,Customer b1fd7f,True,"{""generated_name"": true}"
95f11049c0e67e9e65edbd1bd220223b,95f11049c0e67e9e65edbd1bd220223b,Customer 95f110,True,"{""generated_name"": true}"
a3f7e1a9311dac0970c1bb2dd47c9a2b,a3f7e1a9311dac0970c1bb2dd47c9a2b,Customer a3f7e1,True,"{""generated_name"": true}"
b647de9a726557749e15366078e10172,b647de9a726557749e15366078e10172,Customer b647de,True,"{""generated_name"": true}"
8909a7693ff3690ba586a5c17a09b3c5,8909a7693ff3690ba586a5c17a09b3c5,Customer 8909a7,True,"{""generated_name"": true}"
8291b8ed19153d9a5963404db18ece91,8291b8ed19153d9a5963404db18ece91,Customer 8291b8,True,"{""generated_name"": true}"
0302cb107f96a675ad5ec12fdb72635d,0302cb107f96a675ad5ec12fdb72635d,Customer 0302cb,True,"{""generated_name"": true}"
2e88baab9c2ef8e9e915a90d0c7fb5ae,2e88baab9c2ef8e9e915a90d0c7fb5ae,Customer 2e88ba,True,"{""generated_name"": true}"
5d7f220dd3cd7c3cf75aac537076c60a,5d7f220dd3cd7c3cf75aac537076c60a,Customer 5d7f22,True,"{""generated_name"": true}"
5635216314a6c805bd733cbbf6d777b4,5635216314a6c805bd733cbbf6d777b4,Customer 563521,True,"{""generated_name"": true}"
aaa3bb03f41b0d1717519d6752df97c1,aaa3bb03f41b0d1717519d6752df97c1,Customer aaa3bb,True,"{""generated_name"": true}"
940f79613f505ade14e5954470d25660,940f79613f505ade14e5954470d25660,Customer 940f79,True,"{""generated_name"": true}"
90e28a883386c71de943515d91f72a39,90e28a883386c71de943515d91f72a39,Customer 90e28a,True,"{""generated_name"": true}"
aee5f6629ae32b0042736c75b6e67368,aee5f6629ae32b0042736c75b6e67368,Customer aee5f6,True,"{""generated_name"": true}"
269404584333ceb567d7ffa0c068699d,269404584333ceb567d7ffa0c068699d,Customer 269404,True,"{""generated_name"": true}"
f365eaab05cff577be2283c5296978c0,f365eaab05cff577be2283c5296978c0,Customer f365ea,True,"{""generated_name"": true}"
c50984e329b68d48f871999e8b9a6db7,c50984e329b68d48f871999e8b9a6db7,Customer c50984,True,"{""generated_name"": true}"
0fd39b61ec94864f92e18e5d7144bc6c,0fd39b61ec94864f92e18e5d7144bc6c,Customer 0fd39b,True,"{""generated_name"": true}"
9589981c026da7bc1ea6ad3d6380ed23,9589981c026da7bc1ea6ad3d6380ed23,Customer 958998,True,"{""generated_name"": true}"
8a36caf2ed634c8838b1f679359bec97,8a36caf2ed634c8838b1f679359bec97,Customer 8a36ca,True,"{""generated_name"": true}"
01531f72337b960a58cdba9c94e96d1a,01531f72337b960a58cdba9c94e96d1a,Customer 01531f,True,"{""generated_name"": true}"
369f99c790405f8aa32ba167bf3fdfb2,369f99c790405f8aa32ba167bf3fdfb2,Customer 369f99,True,"{""generated_name"": true}"
57687546c853c106a30036e7c483dc7d,57687546c853c106a30036e7c483dc7d,Customer 576875,True,"{""generated_name"": true}"
d2849832d839524a7d36a391434ac16e,d2849832d839524a7d36a391434ac16e,Customer d28498,True,"{""generated_name"": true}"
7f2a3dc84179df69e42a45f5a9a7d6b1,7f2a3dc84179df69e42a45f5a9a7d6b1,Customer 7f2a3d,True,"{""generated_name"": true}"
b83753cbd6fece26b5ce9a32267d2462,b83753cbd6fece26b5ce9a32267d2462,Customer b83753,True,"{""generated_name"": true}"
04370c96850ca795aa0c01a7c57dd1a6,04370c96850ca795aa0c01a7c57dd1a6,Customer 04370c,True,"{""generated_name"": true}"
b63103e7e7a35aba509576b116bad9c3,b63103e7e7a35aba509576b116bad9c3,Customer b63103,True,"{""generated_name"": true}"
a5ef8e6ba939abfac503451bf8a0759c,a5ef8e6ba939abfac503451bf8a0759c,Customer a5ef8e,True,"{""generated_name"": true}"
8bd394096fe3c0b6536a35812de0f403,8bd394096fe3c0b6536a35812de0f403,Customer 8bd394,True,"{""generated_name"": true}"
b246b9430aa5bf06109d85f7409eb902,b246b9430aa5bf06109d85f7409eb902,Customer b246b9,True,"{""generated_name"": true}"
ca1448701a463d1ae2c115bfc89fc2f1,ca1448701a463d1ae2c115bfc89fc2f1,Customer ca1448,True,"{""generated_name"": true}"
6226735364f81ba783e917c9b4b941f7,6226735364f81ba783e917c9b4b941f7,Customer 622673,True,"{""generated_name"": true}"
6eff1cd9cc7f4dde6e1cbb679e219a50,6eff1cd9cc7f4dde6e1cbb679e219a50,Customer 6eff1c,True,"{""generated_name"": true}"
637ce5e0131db1f083a9996a8dfc3b2b,637ce5e0131db1f083a9996a8dfc3b2b,Customer 637ce5,True,"{""generated_name"": true}"
66d37fee8c1d4294327a9d54a7404138,66d37fee8c1d4294327a9d54a7404138,Customer 66d37f,True,"{""generated_name"": true}"
0b4a0719cfa52fe0f2de1fe8c10fa0b5,0b4a0719cfa52fe0f2de1fe8c10fa0b5,Customer 0b4a07,True,"{""generated_name"": true}"
c18f0ac19217b1a23f563cc1968c499f,c18f0ac19217b1a23f563cc1968c499f,Customer c18f0a,True,"{""generated_name"": true}"
167d383796431b64c2272cc414b9633b,167d383796431b64c2272cc414b9633b,Customer 167d38,True,"{""generated_name"": true}"
87f0e5d5fbf0dfb671baf8ccd87b5c66,87f0e5d5fbf0dfb671baf8ccd87b5c66,Customer 87f0e5,True,"{""generated_name"": true}"
c48466ed1f411eed0a0798f2388ccaf4,c48466ed1f411eed0a0798f2388ccaf4,Customer c48466,True,"{""generated_name"": true}"
e83a792a0d5847ad8bcb2d9fd206fa87,e83a792a0d5847ad8bcb2d9fd206fa87,Customer e83a79,True,"{""generated_name"": true}"
76fe66b3ce1eec54d618b0e23161c69c,76fe66b3ce1eec54d618b0e23161c69c,Customer 76fe66,True,"{""generated_name"": true}"
e511245e5b0f82d2619cd33c726e810b,e511245e5b0f82d2619cd33c726e810b,Customer e51124,True,"{""generated_name"": true}"
d9ffaef986305a5a589b198d8568f211,d9ffaef986305a5a589b198d8568f211,Customer d9ffae,True,"{""generated_name"": true}"
3f5534bf8c9378ee05b7dd684cb20e8a,3f5534bf8c9378ee05b7dd684cb20e8a,Customer 3f5534,True,"{""generated_name"": true}"
27994d62e7ec39656f6c8b2c39a19431,27994d62e7ec39656f6c8b2c39a19431,Customer 27994d,True,"{""generated_name"": true}"
3e00bcc9aa892a783fe0ef73a02b6686,3e00bcc9aa892a783fe0ef73a02b6686,Customer 3e00bc,True,"{""generated_name"": true}"
eaa475564576403a32ab075f36755a11,eaa475564576403a32ab075f36755a11,Customer eaa475,True,"{""generated_name"": true}"
0b209d54ce95005e6dd01239d4146ec2,0b209d54ce95005e6dd01239d4146ec2,Customer 0b209d,True,"{""generated_name"": true}"
229ceec915e6e4a4f87225031ca010f8,229ceec915e6e4a4f87225031ca010f8,Customer 229cee,True,"{""generated_name"": true}"
81dea9a8d236dcc15823cc53f0eff2bf,81dea9a8d236dcc15823cc53f0eff2bf,Customer 81dea9,True,"{""generated_name"": true}"
cdf5eab044412e953f612ae5ef37a21d,cdf5eab044412e953f612ae5ef37a21d,Customer cdf5ea,True,"{""generated_name"": true}"
c8d290f02486b6ce9c184950b92334a8,c8d290f02486b6ce9c184950b92334a8,Customer c8d290,True,"{""generated_name"": true}"
e765ef66654cfd874784b36c7d0040a2,e765ef66654cfd874784b36c7d0040a2,Customer e765ef,True,"{""generated_name"": true}"
18fe8848721297d7931b46ff9e6c4bfb,18fe8848721297d7931b46ff9e6c4bfb,Customer 18fe88,True,"{""generated_name"": true}"
87e4174511608b3c3c252e87fd74c0de,87e4174511608b3c3c252e87fd74c0de,Customer 87e417,True,"{""generated_name"": true}"
f8654118fdfe85e9e286165ac2f7f66a,f8654118fdfe85e9e286165ac2f7f66a,Customer f86541,True,"{""generated_name"": true}"
ae6ebd1ea96fc64aaa3e0b502b92bf9c,ae6ebd1ea96fc64aaa3e0b502b92bf9c,Customer ae6ebd,True,"{""generated_name"": true}"
ac4608633d6d8d850b874a1a7d17de4c,ac4608633d6d8d850b874a1a7d17de4c,Customer ac4608,True,"{""generated_name"": true}"
700a5f7e65dfd8b3fb6be10dff7e1065,700a5f7e65dfd8b3fb6be10dff7e1065,Customer 700a5f,True,"{""generated_name"": true}"
cde21887e86a254eab4799aec212b7b7,cde21887e86a254eab4799aec212b7b7,Customer cde218,True,"{""generated_name"": true}"
62c54bb25534d79bbbd52c3d9de4c1bc,62c54bb25534d79bbbd52c3d9de4c1bc,Customer 62c54b,True,"{""generated_name"": true}"
8e2d83373060244a2767c06b7b4e7a66,8e2d83373060244a2767c06b7b4e7a66,Customer 8e2d83,True,"{""generated_name"": true}"
1fc82729e465372e65390083c1ff22fe,1fc82729e465372e65390083c1ff22fe,Customer 1fc827,True,"{""generated_name"": true}"
353ec5031b3cf8a8011bf0e43260ffef,353ec5031b3cf8a8011bf0e43260ffef,Customer 353ec5,True,"{""generated_name"": true}"
42e35f263bfc894dd0d9a3114c608b9f,42e35f263bfc894dd0d9a3114c608b9f,Customer 42e35f,True,"{""generated_name"": true}"
2b2d0c9e11b425a1722f121e8031ee7f,2b2d0c9e11b425a1722f121e8031ee7f,Customer 2b2d0c,True,"{""generated_name"": true}"
a3d0d7369347537badfd5baa917348db,a3d0d7369347537badfd5baa917348db,Customer a3d0d7,True,"{""generated_name"": true}"
f6d542c63daee6bf582e288e075a8f32,f6d542c63daee6bf582e288e075a8f32,Customer f6d542,True,"{""generated_name"": true}"
bd810a9ad3e742094af678699a265574,bd810a9ad3e742094af678699a265574,Customer bd810a,True,"{""generated_name"": true}"
fad3c89098c5e008e93d79dc390a16ea,fad3c89098c5e008e93d79dc390a16ea,Customer fad3c8,True,"{""generated_name"": true}"
851eefea71a07755f017e75fae31f2fd,851eefea71a07755f017e75fae31f2fd,Customer 851eef,True,"{""generated_name"": true}"
a1e8f99ab1bf0d38a945e84ad1431fe2,a1e8f99ab1bf0d38a945e84ad1431fe2,Customer a1e8f9,True,"{""generated_name"": true}"
ca038431c2e790746c08570871870889,ca038431c2e790746c08570871870889,Customer ca0384,True,"{""generated_name"": true}"
aff6957885833ad8da7dc66469836773,aff6957885833ad8da7dc66469836773,Customer aff695,True,"{""generated_name"": true}"
d03ef07218f01af47507ef451e478ffe,d03ef07218f01af47507ef451e478ffe,Customer d03ef0,True,"{""generated_name"": true}"
44f203d7ebae3a4c784d30ccb45b20a3,44f203d7ebae3a4c784d30ccb45b20a3,Customer 44f203,True,"{""generated_name"": true}"
d29d20c2b98be8a4cdfb197a5e0a391d,d29d20c2b98be8a4cdfb197a5e0a391d,Customer d29d20,True,"{""generated_name"": true}"
452cbd8b8bde0d91625ee847c9192da9,452cbd8b8bde0d91625ee847c9192da9,Customer 452cbd,True,"{""generated_name"": true}"
443ab4f989f1ee12c26f675dea465bb4,443ab4f989f1ee12c26f675dea465bb4,Customer 443ab4,True,"{""generated_name"": true}"
8c17fce83254376c3d3cbbea68f116d2,8c17fce83254376c3d3cbbea68f116d2,Customer 8c17fc,True,"{""generated_name"": true}"
6f37b095c7a94e5a6356230e2f337dd6,6f37b095c7a94e5a6356230e2f337dd6,Customer 6f37b0,True,"{""generated_name"": true}"
7903689bafe7ce39335eaf8db300dc76,7903689bafe7ce39335eaf8db300dc76,Customer 790368,True,"{""generated_name"": true}"
661d5fb4ba175a473be68268caed1651,661d5fb4ba175a473be68268caed1651,Customer 661d5f,True,"{""generated_name"": true}"
74aca8cba124970ec7b909d592bef175,74aca8cba124970ec7b909d592bef175,Customer 74aca8,True,"{""generated_name"": true}"
b1770db9129bacc8c377c98a1ab14c73,b1770db9129bacc8c377c98a1ab14c73,Customer b1770d,True,"{""generated_name"": true}"
5ad0e968609e6a0cfe73c6274efb7a27,5ad0e968609e6a0cfe73c6274efb7a27,Customer 5ad0e9,True,"{""generated_name"": true}"
3fd88e8dcac55f1e51d6c70be672ed3d,3fd88e8dcac55f1e51d6c70be672ed3d,Customer 3fd88e,True,"{""generated_name"": true}"
998053f7d066301a9fa0f6e884046056,998053f7d066301a9fa0f6e884046056,Customer 998053,True,"{""generated_name"": true}"
00adeda9b742746c0c66e10d00ea1b74,00adeda9b742746c0c66e10d00ea1b74,Customer 00aded,True,"{""generated_name"": true}"
677dfc9b7b34e53c11278c25dbc22709,677dfc9b7b34e53c11278c25dbc22709,Customer 677dfc,True,"{""generated_name"": true}"
e5d0fb67add1702e8fdc93634910b5e8,e5d0fb67add1702e8fdc93634910b5e8,Customer e5d0fb,True,"{""generated_name"": true}"
a429bbde0a056a11524a63d5c8824d2f,a429bbde0a056a11524a63d5c8824d2f,Customer a429bb,True,"{""generated_name"": true}"
0ffff36c012096ead36aa8fe815337d4,0ffff36c012096ead36aa8fe815337d4,Customer 0ffff3,True,"{""generated_name"": true}"
e677e3ecf81af42f9bb403785fff0904,e677e3ecf81af42f9bb403785fff0904,Customer e677e3,True,"{""generated_name"": true}"
6f884c366e43f1675025265af19b7612,6f884c366e43f1675025265af19b7612,Customer 6f884c,True,"{""generated_name"": true}"
fba83d1eacc91d190e85e16a920f0a0b,fba83d1eacc91d190e85e16a920f0a0b,Customer fba83d,True,"{""generated_name"": true}"
4cd1a7f6c61d7ef23f654bcc8d6476f1,4cd1a7f6c61d7ef23f654bcc8d6476f1,Customer 4cd1a7,True,"{""generated_name"": true}"
5215a65efcc60e786eb268a4c01bcc6e,5215a65efcc60e786eb268a4c01bcc6e,Customer 5215a6,True,"{""generated_name"": true}"
439f0525481a44b09ae940effded2fd7,439f0525481a44b09ae940effded2fd7,Customer 439f05,True,"{""generated_name"": true}"
4a43ababa4b9ea24697b695514415527,4a43ababa4b9ea24697b695514415527,Customer 4a43ab,True,"{""generated_name"": true}"
b5e4462426d75ffafaf0b1a6c912b257,b5e4462426d75ffafaf0b1a6c912b257,Customer b5e446,True,"{""generated_name"": true}"
dce74c1dd36580049757d8ba40aeb115,dce74c1dd36580049757d8ba40aeb115,Customer dce74c,True,"{""generated_name"": true}"
cc83350a9ee5b12f4df0a64860ef5d07,cc83350a9ee5b12f4df0a64860ef5d07,Customer cc8335,True,"{""generated_name"": true}"
d2ebf7e1ac744c96ba6e3a80e466518f,d2ebf7e1ac744c96ba6e3a80e466518f,Customer d2ebf7,True,"{""generated_name"": true}"
81b72ea18e532f09927886cfb8966ef1,81b72ea18e532f09927886cfb8966ef1,Customer 81b72e,True,"{""generated_name"": true}"
adb359c7a3a7d05971f87478bbafbe7f,adb359c7a3a7d05971f87478bbafbe7f,Customer adb359,True,"{""generated_name"": true}"
42a2c164877a24a321720fe7bb31c1a1,42a2c164877a24a321720fe7bb31c1a1,Customer 42a2c1,True,"{""generated_name"": true}"
703ad0f8e84588554b834ea24c894ea5,703ad0f8e84588554b834ea24c894ea5,Customer 703ad0,True,"{""generated_name"": true}"
7747498b010895040e48fbeceabc0768,7747498b010895040e48fbeceabc0768,Customer 774749,True,"{""generated_name"": true}"
7430c8599914c7eabc07887a6edc1c6a,7430c8599914c7eabc07887a6edc1c6a,Customer 7430c8,True,"{""generated_name"": true}"
5ec923ab8b42bee304595138015f7a47,5ec923ab8b42bee304595138015f7a47,Customer 5ec923,True,"{""generated_name"": true}"
8f04fef2dce91c11e36b75f180161620,8f04fef2dce91c11e36b75f180161620,Customer 8f04fe,True,"{""generated_name"": true}"
be272c0ec875163253ca0a577ff4848f,be272c0ec875163253ca0a577ff4848f,Customer be272c,True,"{""generated_name"": true}"
c515d225a46c74127e6f6cce939fead6,c515d225a46c74127e6f6cce939fead6,Customer c515d2,True,"{""generated_name"": true}"
8b4c199a342397dfa923eafbd568df83,8b4c199a342397dfa923eafbd568df83,Customer 8b4c19,True,"{""generated_name"": true}"
8424f8f0fa1628643859fd076e1019a6,8424f8f0fa1628643859fd076e1019a6,Customer 8424f8,True,"{""generated_name"": true}"
356da39c873d00bbc6a01feaaaea5726,356da39c873d00bbc6a01feaaaea5726,Customer 356da3,True,"{""generated_name"": true}"
bb94f621137b2052f1c3683d9ef3e48e,bb94f621137b2052f1c3683d9ef3e48e,Customer bb94f6,True,"{""generated_name"": true}"
1b61b6490c6d609224d6e8bb4bc415a4,1b61b6490c6d609224d6e8bb4bc415a4,Customer 1b61b6,True,"{""generated_name"": true}"
b548b867f81bcfa918b0dfd616317e4f,b548b867f81bcfa918b0dfd616317e4f,Customer b548b8,True,"{""generated_name"": true}"
5ce76a5803a4c02f25d6c133d9be2266,5ce76a5803a4c02f25d6c133d9be2266,Customer 5ce76a,True,"{""generated_name"": true}"
23e1e01cf6452c0b079b172465044559,23e1e01cf6452c0b079b172465044559,Customer 23e1e0,True,"{""generated_name"": true}"
f56e9b265ee45f4184eed20e928bc55b,f56e9b265ee45f4184eed20e928bc55b,Customer f56e9b,True,"{""generated_name"": true}"
9300ffeb6ecbaeb37ebdb2120a28e1aa,9300ffeb6ecbaeb37ebdb2120a28e1aa,Customer 9300ff,True,"{""generated_name"": true}"
40317a394c047692f51599811ba5234c,40317a394c047692f51599811ba5234c,Customer 40317a,True,"{""generated_name"": true}"
fcf285146acb98f615135944b2471b35,fcf285146acb98f615135944b2471b35,Customer fcf285,True,"{""generated_name"": true}"
041b7e4ea440a4636a6c77ca8397128c,041b7e4ea440a4636a6c77ca8397128c,Customer 041b7e,True,"{""generated_name"": true}"
a84f29c40d59b6527ca4c8ac8f8c87bc,a84f29c40d59b6527ca4c8ac8f8c87bc,Customer a84f29,True,"{""generated_name"": true}"
aaa346447b09efdc442a08b80e86d77a,aaa346447b09efdc442a08b80e86d77a,Customer aaa346,True,"{""generated_name"": true}"
68bda3e3fdb706aa1bea19deffba043a,68bda3e3fdb706aa1bea19deffba043a,Customer 68bda3,True,"{""generated_name"": true}"
2ccfac3d2d47192d87f701dad23f82af,2ccfac3d2d47192d87f701dad23f82af,Customer 2ccfac,True,"{""generated_name"": true}"
05c53729b47c59ee7131cf59a3ea0de1,05c53729b47c59ee7131cf59a3ea0de1,Customer 05c537,True,"{""generated_name"": true}"
bf1756899b17c6f3771bf2436f86819b,bf1756899b17c6f3771bf2436f86819b,Customer bf1756,True,"{""generated_name"": true}"
2c8360a0e6e2b719c070ff3a84179dc6,2c8360a0e6e2b719c070ff3a84179dc6,Customer 2c8360,True,"{""generated_name"": true}"
372fd0b0c5639c2ee48401110b6918f8,372fd0b0c5639c2ee48401110b6918f8,Customer 372fd0,True,"{""generated_name"": true}"
49f6a7f15c818ee1638d4cfbb7cdc675,49f6a7f15c818ee1638d4cfbb7cdc675,Customer 49f6a7,True,"{""generated_name"": true}"
b1cf8d49a04154f58aa89edd28a8bca2,b1cf8d49a04154f58aa89edd28a8bca2,Customer b1cf8d,True,"{""generated_name"": true}"
9d74adedec2d8b3f568c85f97e0563c5,9d74adedec2d8b3f568c85f97e0563c5,Customer 9d74ad,True,"{""generated_name"": true}"
d2438db391aee59bac16f4a9d3825b9d,d2438db391aee59bac16f4a9d3825b9d,Customer d2438d,True,"{""generated_name"": true}"
23007cd60dbe169d8bcd7be94cc6f123,23007cd60dbe169d8bcd7be94cc6f123,Customer 23007c,True,"{""generated_name"": true}"
1b49bd8407444b8155fc943866a0e645,1b49bd8407444b8155fc943866a0e645,Customer 1b49bd,True,"{""generated_name"": true}"
83cdc330e60ce1e1d06b76e1b4e91822,83cdc330e60ce1e1d06b76e1b4e91822,Customer 83cdc3,True,"{""generated_name"": true}"
b6f09a3b6557417c9175e038a17e6bca,b6f09a3b6557417c9175e038a17e6bca,Customer b6f09a,True,"{""generated_name"": true}"
a49e0376009f52b244fc67052627ad6f,a49e0376009f52b244fc67052627ad6f,Customer a49e03,True,"{""generated_name"": true}"
16558848a53e314a1cf4dab75bc5c0e0,16558848a53e314a1cf4dab75bc5c0e0,Customer 165588,True,"{""generated_name"": true}"
782abc6e6455e4956e840d789d721505,782abc6e6455e4956e840d789d721505,Customer 782abc,True,"{""generated_name"": true}"
24e41e128621c84e494ed29699cacf7a,24e41e128621c84e494ed29699cacf7a,Customer 24e41e,True,"{""generated_name"": true}"
eaa604ab9f816252edb7a8d297f932e5,eaa604ab9f816252edb7a8d297f932e5,Customer eaa604,True,"{""generated_name"": true}"
15bf4295fc50b9e09b674a2dbbdade10,15bf4295fc50b9e09b674a2dbbdade10,Customer 15bf42,True,"{""generated_name"": true}"
1c7654b568e0413ca7b8f7a891d7b26b,1c7654b568e0413ca7b8f7a891d7b26b,Customer 1c7654,True,"{""generated_name"": true}"
77bd7829971086faea89789d03b62381,77bd7829971086faea89789d03b62381,Customer 77bd78,True,"{""generated_name"": true}"
062b959255257c8f1b651a4cae989853,062b959255257c8f1b651a4cae989853,Customer 062b95,True,"{""generated_name"": true}"
0e799bcae76615a1165569292cdff152,0e799bcae76615a1165569292cdff152,Customer 0e799b,True,"{""generated_name"": true}"
48f99b5bd841cdb9abead13c4afe606b,48f99b5bd841cdb9abead13c4afe606b,Customer 48f99b,True,"{""generated_name"": true}"
f159157758cbe290f9f762321ba673e4,f159157758cbe290f9f762321ba673e4,Customer f15915,True,"{""generated_name"": true}"
4433023fc43af2bfd124a3bd6fb49415,4433023fc43af2bfd124a3bd6fb49415,Customer 443302,True,"{""generated_name"": true}"
137eda969c36e48d5208abeebb7f85d6,137eda969c36e48d5208abeebb7f85d6,Customer 137eda,True,"{""generated_name"": true}"
726a6433feab4f321c62cd704e451ca3,726a6433feab4f321c62cd704e451ca3,Customer 726a64,True,"{""generated_name"": true}"
c7bf5ccd0c2c42356759ca900d9e009d,c7bf5ccd0c2c42356759ca900d9e009d,Customer c7bf5c,True,"{""generated_name"": true}"
910a614047903f364bf27a1c90d8412d,910a614047903f364bf27a1c90d8412d,Customer 910a61,True,"{""generated_name"": true}"
97105788859fa6c28dc251030970e14a,97105788859fa6c28dc251030970e14a,Customer 971057,True,"{""generated_name"": true}"
afda5cfb8f4c578a54efbef23e45c621,afda5cfb8f4c578a54efbef23e45c621,Customer afda5c,True,"{""generated_name"": true}"
12b62a8d3c4911b9a80b935037842fc0,12b62a8d3c4911b9a80b935037842fc0,Customer 12b62a,True,"{""generated_name"": true}"
2cce8eab47ad8d99eca3ad6e24171860,2cce8eab47ad8d99eca3ad6e24171860,Customer 2cce8e,True,"{""generated_name"": true}"
788021712368c17849962e2139ddd07a,788021712368c17849962e2139ddd07a,Customer 788021,True,"{""generated_name"": true}"
455021c1d511b64eab0b98e017b258d0,455021c1d511b64eab0b98e017b258d0,Customer 455021,True,"{""generated_name"": true}"
29d208881a7c8202ddd852afaefbb076,29d208881a7c8202ddd852afaefbb076,Customer 29d208,True,"{""generated_name"": true}"
4c3c7010e7eaa9565e6ea8fdd9dd0b43,4c3c7010e7eaa9565e6ea8fdd9dd0b43,Customer 4c3c70,True,"{""generated_name"": true}"
c916dfd7068079fd4e53152e277efb77,c916dfd7068079fd4e53152e277efb77,Customer c916df,True,"{""generated_name"": true}"
966a06d7b193003998f1e41f525d4c83,966a06d7b193003998f1e41f525d4c83,Customer 966a06,True,"{""generated_name"": true}"
3dad6f1fca54de94395a782bca37f8cb,3dad6f1fca54de94395a782bca37f8cb,Customer 3dad6f,True,"{""generated_name"": true}"
47d4d8ee1308ca5b3bbe0b031592b5ed,47d4d8ee1308ca5b3bbe0b031592b5ed,Customer 47d4d8,True,"{""generated_name"": true}"
f87567b082c73dd2c953001b14ddd739,f87567b082c73dd2c953001b14ddd739,Customer f87567,True,"{""generated_name"": true}"
f96e912268b0e5fc5f81bf5670bbb766,f96e912268b0e5fc5f81bf5670bbb766,Customer f96e91,True,"{""generated_name"": true}"
247e0dcd20596bee51bd2b07f633fa04,247e0dcd20596bee51bd2b07f633fa04,Customer 247e0d,True,"{""generated_name"": true}"
eba485f19136a2796edc73bc0dd274e7,eba485f19136a2796edc73bc0dd274e7,Customer eba485,True,"{""generated_name"": true}"
ab8a9a2a6edc9fd52fe401722df80bee,ab8a9a2a6edc9fd52fe401722df80bee,Customer ab8a9a,True,"{""generated_name"": true}"
3774dcd9e065eca1bcade398633938f6,3774dcd9e065eca1bcade398633938f6,Customer 3774dc,True,"{""generated_name"": true}"
2a34af7c4b1b83d78b14cf6b9c32c3b9,2a34af7c4b1b83d78b14cf6b9c32c3b9,Customer 2a34af,True,"{""generated_name"": true}"
16d9c38e02ee1242cf1d9080e453fe9d,16d9c38e02ee1242cf1d9080e453fe9d,Customer 16d9c3,True,"{""generated_name"": true}"
c45794a47dc0b5553f1c341a23ebef14,c45794a47dc0b5553f1c341a23ebef14,Customer c45794,True,"{""generated_name"": true}"
ffc3ea5436ad9c11ee9abdd56b85509f,ffc3ea5436ad9c11ee9abdd56b85509f,Customer ffc3ea,True,"{""generated_name"": true}"
08c97ce050742ee9d22eb9cf0da5c244,08c97ce050742ee9d22eb9cf0da5c244,Customer 08c97c,True,"{""generated_name"": true}"
5eb93b10719af7367a4871cce3820be6,5eb93b10719af7367a4871cce3820be6,Customer 5eb93b,True,"{""generated_name"": true}"
789bb47c3a17d63fc51a9ba8cc5f6110,789bb47c3a17d63fc51a9ba8cc5f6110,Customer 789bb4,True,"{""generated_name"": true}"
05c5923ea867b6d88fd8214a494de641,05c5923ea867b6d88fd8214a494de641,Customer 05c592,True,"{""generated_name"": true}"
697ec8baca2a81f1ebee54b59b1e8ec9,697ec8baca2a81f1ebee54b59b1e8ec9,Customer 697ec8,True,"{""generated_name"": true}"
d38553a9c8d30efc45e02381e606740f,d38553a9c8d30efc45e02381e606740f,Customer d38553,True,"{""generated_name"": true}"
f3f9ad393795500a09d55345662b18d5,f3f9ad393795500a09d55345662b18d5,Customer f3f9ad,True,"{""generated_name"": true}"
b97b00bc9fb5b996fb0c7b338d064025,b97b00bc9fb5b996fb0c7b338d064025,Customer b97b00,True,"{""generated_name"": true}"
7aa78b3177f36d854c640ef8bf5902bc,7aa78b3177f36d854c640ef8bf5902bc,Customer 7aa78b,True,"{""generated_name"": true}"
cba553e350b48014728df259abdaf0d4,cba553e350b48014728df259abdaf0d4,Customer cba553,True,"{""generated_name"": true}"
e06f90c2401f2cee50f73a0ac5bc8741,e06f90c2401f2cee50f73a0ac5bc8741,Customer e06f90,True,"{""generated_name"": true}"
dfd3ea7867213f5cb78aedcac86b8fd7,dfd3ea7867213f5cb78aedcac86b8fd7,Customer dfd3ea,True,"{""generated_name"": true}"
8731fd24284bf78bc042cb8ef0189df0,8731fd24284bf78bc042cb8ef0189df0,Customer 8731fd,True,"{""generated_name"": true}"
c49d13d6b244803683d21634ede21f03,c49d13d6b244803683d21634ede21f03,Customer c49d13,True,"{""generated_name"": true}"
1c874134581bd9cceb6092e5f21ff670,1c874134581bd9cceb6092e5f21ff670,Customer 1c8741,True,"{""generated_name"": true}"
be9aea68f34178c4e4f77c36b5d23cb8,be9aea68f34178c4e4f77c36b5d23cb8,Customer be9aea,True,"{""generated_name"": true}"
489c830d99a861b6b7c71def0d7e2c6a,489c830d99a861b6b7c71def0d7e2c6a,Customer 489c83,True,"{""generated_name"": true}"
24f0ca31b14f64abedc9b6fa93e9762c,24f0ca31b14f64abedc9b6fa93e9762c,Customer 24f0ca,True,"{""generated_name"": true}"
a6b74d3cb602d8a84c58f4c1b937862f,a6b74d3cb602d8a84c58f4c1b937862f,Customer a6b74d,True,"{""generated_name"": true}"
b8916bc2a46ce5e61f143f19f56ea1f8,b8916bc2a46ce5e61f143f19f56ea1f8,Customer b8916b,True,"{""generated_name"": true}"
11dc79c80ea01db6883b586951ba6884,11dc79c80ea01db6883b586951ba6884,Customer 11dc79,True,"{""generated_name"": true}"
96bb8d8b8f62b4e39e8a95be66117941,96bb8d8b8f62b4e39e8a95be66117941,Customer 96bb8d,True,"{""generated_name"": true}"
ad807e8a876326d427394737f4c7e01f,ad807e8a876326d427394737f4c7e01f,Customer ad807e,True,"{""generated_name"": true}"
1daabd01c6325eb962b5576e02202b5b,1daabd01c6325eb962b5576e02202b5b,Customer 1daabd,True,"{""generated_name"": true}"
0e78ba683f1afb5e10eea8408cb4b23f,0e78ba683f1afb5e10eea8408cb4b23f,Customer 0e78ba,True,"{""generated_name"": true}"
7665719965d712b599391098a927b70b,7665719965d712b599391098a927b70b,Customer 766571,True,"{""generated_name"": true}"
33eb82333797c42ebb80bcc4aa337943,33eb82333797c42ebb80bcc4aa337943,Customer 33eb82,True,"{""generated_name"": true}"
a3021c629bd1d99347a8e75a9ab035d8,a3021c629bd1d99347a8e75a9ab035d8,Customer a3021c,True,"{""generated_name"": true}"
3380d04c5a41e41cbd582fcdcfa50759,3380d04c5a41e41cbd582fcdcfa50759,Customer 3380d0,True,"{""generated_name"": true}"
f7acdf2975a3796447c80c839233e1fa,f7acdf2975a3796447c80c839233e1fa,Customer f7acdf,True,"{""generated_name"": true}"
19078fff11340346a5660a1776473bb2,19078fff11340346a5660a1776473bb2,Customer 19078f,True,"{""generated_name"": true}"
53bb7dc2b472c192a4a808a4f42fc8a0,53bb7dc2b472c192a4a808a4f42fc8a0,Customer 53bb7d,True,"{""generated_name"": true}"
e114141c0860afeca11625b51c9ebfc8,e114141c0860afeca11625b51c9ebfc8,Customer e11414,True,"{""generated_name"": true}"
d10f23d669c51e0d983ba80de4d327e8,d10f23d669c51e0d983ba80de4d327e8,Customer d10f23,True,"{""generated_name"": true}"
afe0c9c7e95054f1610d1d0595c411b5,afe0c9c7e95054f1610d1d0595c411b5,Customer afe0c9,True,"{""generated_name"": true}"
4aa07246563f9674066866f92a2979c8,4aa07246563f9674066866f92a2979c8,Customer 4aa072,True,"{""generated_name"": true}"
3fa626c46f413742865a2cbfa914bb80,3fa626c46f413742865a2cbfa914bb80,Customer 3fa626,True,"{""generated_name"": true}"
837b720668354ad30a5da42792f4c0a7,837b720668354ad30a5da42792f4c0a7,Customer 837b72,True,"{""generated_name"": true}"
251e658613a224723f8a077946183b20,251e658613a224723f8a077946183b20,Customer 251e65,True,"{""generated_name"": true}"
eafda923ca6479e3b9419010f0d96ade,eafda923ca6479e3b9419010f0d96ade,Customer eafda9,True,"{""generated_name"": true}"
065b9e6198f11dbdf7fc1250f9e08afc,065b9e6198f11dbdf7fc1250f9e08afc,Customer 065b9e,True,"{""generated_name"": true}"
e172b745f906d16a3ab5ee68b06df0ae,e172b745f906d16a3ab5ee68b06df0ae,Customer e172b7,True,"{""generated_name"": true}"
56b579a2b53c22ca99dde61e69082f01,56b579a2b53c22ca99dde61e69082f01,Customer 56b579,True,"{""generated_name"": true}"
fd61d48c0c567a32bb4ce4dc470bd892,fd61d48c0c567a32bb4ce4dc470bd892,Customer fd61d4,True,"{""generated_name"": true}"
1e0fd284347b0ed8c11f03f342c8460a,1e0fd284347b0ed8c11f03f342c8460a,Customer 1e0fd2,True,"{""generated_name"": true}"
b02afb84064c94e89492d4864e461569,b02afb84064c94e89492d4864e461569,Customer b02afb,True,"{""generated_name"": true}"
a1cf0b1b6d8bdb6170db08446546b6f5,a1cf0b1b6d8bdb6170db08446546b6f5,Customer a1cf0b,True,"{""generated_name"": true}"
50cf292ee784789a931bdc4183404287,50cf292ee784789a931bdc4183404287,Customer 50cf29,True,"{""generated_name"": true}"
f7d319c00224031393f1ba82343db3d6,f7d319c00224031393f1ba82343db3d6,Customer f7d319,True,"{""generated_name"": true}"
d8764626d0d43e3f4fb34db9021a46ef,d8764626d0d43e3f4fb34db9021a46ef,Customer d87646,True,"{""generated_name"": true}"
83ae47dedb34563d71d7a406f282d2eb,83ae47dedb34563d71d7a406f282d2eb,Customer 83ae47,True,"{""generated_name"": true}"
ad37b0e34b70d1ed6fe35e602e2e4d51,ad37b0e34b70d1ed6fe35e602e2e4d51,Customer ad37b0,True,"{""generated_name"": true}"
e2af1e4f7b1b25b6b9edf561515cc304,e2af1e4f7b1b25b6b9edf561515cc304,Customer e2af1e,True,"{""generated_name"": true}"
d3d9b7841c6c16621fb338399bd9d727,d3d9b7841c6c16621fb338399bd9d727,Customer d3d9b7,True,"{""generated_name"": true}"
4a782d1a71c00543f1a63a5373a956f1,4a782d1a71c00543f1a63a5373a956f1,Customer 4a782d,True,"{""generated_name"": true}"
5999816ff1d56338745213b9965e5f29,5999816ff1d56338745213b9965e5f29,Customer 599981,True,"{""generated_name"": true}"
cddb4f086c47a45b8bd01a44e117978c,cddb4f086c47a45b8bd01a44e117978c,Customer cddb4f,True,"{""generated_name"": true}"
0701df7ee7e9c7d3f7205b78b0d74110,0701df7ee7e9c7d3f7205b78b0d74110,Customer 0701df,True,"{""generated_name"": true}"
b40e465c7844a2ae74363a41c763de49,b40e465c7844a2ae74363a41c763de49,Customer b40e46,True,"{""generated_name"": true}"
1743631071053f26bb95b0ca2ca4c5f6,1743631071053f26bb95b0ca2ca4c5f6,Customer 174363,True,"{""generated_name"": true}"
3a57500549c18c151a122ca04263a0ac,3a57500549c18c151a122ca04263a0ac,Customer 3a5750,True,"{""generated_name"": true}"
5521c1e3673a3db4e8eb0be0d32538d0,5521c1e3673a3db4e8eb0be0d32538d0,Customer 5521c1,True,"{""generated_name"": true}"
174c4f9e8e008d9ef89b7113c8c8dd31,174c4f9e8e008d9ef89b7113c8c8dd31,Customer 174c4f,True,"{""generated_name"": true}"
ec332007dbe4989e1dbce5f8a1c35abb,ec332007dbe4989e1dbce5f8a1c35abb,Customer ec3320,True,"{""generated_name"": true}"
c42e856d89c0bc91a5a0da38a528b615,c42e856d89c0bc91a5a0da38a528b615,Customer c42e85,True,"{""generated_name"": true}"
7b7d74f88fc2cd98a1d69ec802f7d802,7b7d74f88fc2cd98a1d69ec802f7d802,Customer 7b7d74,True,"{""generated_name"": true}"
10afb8c989b931b11e486b35bc422419,10afb8c989b931b11e486b35bc422419,Customer 10afb8,True,"{""generated_name"": true}"
74ba462fb8ab5c99b43159448025269a,74ba462fb8ab5c99b43159448025269a,Customer 74ba46,True,"{""generated_name"": true}"
7b550af0077fe5ed9a016c4a757d9284,7b550af0077fe5ed9a016c4a757d9284,Customer 7b550a,True,"{""generated_name"": true}"
10441388cc7d51b7348003037ce70bd2,10441388cc7d51b7348003037ce70bd2,Customer 104413,True,"{""generated_name"": true}"
e353bc4671a2c377417307a9b539a48d,e353bc4671a2c377417307a9b539a48d,Customer e353bc,True,"{""generated_name"": true}"
7a43409c4c6353f9e034bb5f4881e1c2,7a43409c4c6353f9e034bb5f4881e1c2,Customer 7a4340,True,"{""generated_name"": true}"
755e7aeb86db3ffec17e020bd1a67ba5,755e7aeb86db3ffec17e020bd1a67ba5,Customer 755e7a,True,"{""generated_name"": true}"
65d7c0904b51f5b432e71a14b25121dc,65d7c0904b51f5b432e71a14b25121dc,Customer 65d7c0,True,"{""generated_name"": true}"
a4d88b87369fd8065cb8a8af74cf82f9,a4d88b87369fd8065cb8a8af74cf82f9,Customer a4d88b,True,"{""generated_name"": true}"
120790cc6e1dd501c54c03a3b7d8feec,120790cc6e1dd501c54c03a3b7d8feec,Customer 120790,True,"{""generated_name"": true}"
587ddeb2fbb61cb3659ae90a54003cd9,587ddeb2fbb61cb3659ae90a54003cd9,Customer 587dde,True,"{""generated_name"": true}"
45d7843cd73eb1cdd0af569b6b6e626e,45d7843cd73eb1cdd0af569b6b6e626e,Customer 45d784,True,"{""generated_name"": true}"
3dd017e92853d903c1e8307af6356aba,3dd017e92853d903c1e8307af6356aba,Customer 3dd017,True,"{""generated_name"": true}"
b43fa872bef5450df02d9ee898d21f0a,b43fa872bef5450df02d9ee898d21f0a,Customer b43fa8,True,"{""generated_name"": true}"
885f85d419d323a54c3f4645893fe568,885f85d419d323a54c3f4645893fe568,Customer 885f85,True,"{""generated_name"": true}"
524afe842d6b1220e2067a40157e09f9,524afe842d6b1220e2067a40157e09f9,Customer 524afe,True,"{""generated_name"": true}"
2e0455b5d633bb654cd32ca63e9a96d1,2e0455b5d633bb654cd32ca63e9a96d1,Customer 2e0455,True,"{""generated_name"": true}"
7b7605b5797e73a668d8b55424f883f0,7b7605b5797e73a668d8b55424f883f0,Customer 7b7605,True,"{""generated_name"": true}"
14bb46fd695776fae3ba087fc3fdf747,14bb46fd695776fae3ba087fc3fdf747,Customer 14bb46,True,"{""generated_name"": true}"
c4df1c552768d563946ee1c9a716df55,c4df1c552768d563946ee1c9a716df55,Customer c4df1c,True,"{""generated_name"": true}"
48f8c279f6e0dd1931c8cb6d572cc99b,48f8c279f6e0dd1931c8cb6d572cc99b,Customer 48f8c2,True,"{""generated_name"": true}"
7994a533a361a38ea68da4b105bf09fb,7994a533a361a38ea68da4b105bf09fb,Customer 7994a5,True,"{""generated_name"": true}"
7f0ed6e8c19420dc59f862c427f6d18b,7f0ed6e8c19420dc59f862c427f6d18b,Customer 7f0ed6,True,"{""generated_name"": true}"
b20a9b1d684eda5eaa2d6724d164286f,b20a9b1d684eda5eaa2d6724d164286f,Customer b20a9b,True,"{""generated_name"": true}"
532576a973c55ab48fa2fa920d036e52,532576a973c55ab48fa2fa920d036e52,Customer 532576,True,"{""generated_name"": true}"
cbcc5c5098cd32ef397d4231883f77c8,cbcc5c5098cd32ef397d4231883f77c8,Customer cbcc5c,True,"{""generated_name"": true}"
aaff146bd210808c7d004a05966472a7,aaff146bd210808c7d004a05966472a7,Customer aaff14,True,"{""generated_name"": true}"
27a53659b6216c57d106d48be0c50264,27a53659b6216c57d106d48be0c50264,Customer 27a536,True,"{""generated_name"": true}"
26e390cc5f19cc8c56c217fe5f6e700f,26e390cc5f19cc8c56c217fe5f6e700f,Customer 26e390,True,"{""generated_name"": true}"
9065112d8c6b59afef09c2fc67c5025e,9065112d8c6b59afef09c2fc67c5025e,Customer 906511,True,"{""generated_name"": true}"
163fb9fbf2ad50509f49ff664893b6b8,163fb9fbf2ad50509f49ff664893b6b8,Customer 163fb9,True,"{""generated_name"": true}"
a4161bd48581a3877d2a28315f7e6288,a4161bd48581a3877d2a28315f7e6288,Customer a4161b,True,"{""generated_name"": true}"
8fb583f5dce8034af3119380a163d8f8,8fb583f5dce8034af3119380a163d8f8,Customer 8fb583,True,"{""generated_name"": true}"
aa68ea9af3ca240acd9fb5e416ede248,aa68ea9af3ca240acd9fb5e416ede248,Customer aa68ea,True,"{""generated_name"": true}"
6ddebbb0612bcbb6593d8c23b13229d7,6ddebbb0612bcbb6593d8c23b13229d7,Customer 6ddebb,True,"{""generated_name"": true}"
4bac0dc665a22611249e258c819b8ec7,4bac0dc665a22611249e258c819b8ec7,Customer 4bac0d,True,"{""generated_name"": true}"
39513b1ac57bc82c9b3f298820a89bb6,39513b1ac57bc82c9b3f298820a89bb6,Customer 39513b,True,"{""generated_name"": true}"
6a5bfec5287b37fd4196c78d7cf54cce,6a5bfec5287b37fd4196c78d7cf54cce,Customer 6a5bfe,True,"{""generated_name"": true}"
a11c0218bdc901d93bb5f7cc6dafbc39,a11c0218bdc901d93bb5f7cc6dafbc39,Customer a11c02,True,"{""generated_name"": true}"
3d0a011c5b53a6ce43496c80c269bd0f,3d0a011c5b53a6ce43496c80c269bd0f,Customer 3d0a01,True,"{""generated_name"": true}"
24a366843796b68f1fc06adc4bc28b06,24a366843796b68f1fc06adc4bc28b06,Customer 24a366,True,"{""generated_name"": true}"
31d8b860775ed59cb8aff5da28359367,31d8b860775ed59cb8aff5da28359367,Customer 31d8b8,True,"{""generated_name"": true}"
a62b2006c8fff72dc98874abcfabca45,a62b2006c8fff72dc98874abcfabca45,Customer a62b20,True,"{""generated_name"": true}"
beaac6850b22bcbab22a72f9d8e31456,beaac6850b22bcbab22a72f9d8e31456,Customer beaac6,True,"{""generated_name"": true}"
24abf93a73a57ab3fe56df52deb2c6c5,24abf93a73a57ab3fe56df52deb2c6c5,Customer 24abf9,True,"{""generated_name"": true}"
5228300dddf25d07706cef4490cc5b2a,5228300dddf25d07706cef4490cc5b2a,Customer 522830,True,"{""generated_name"": true}"
381865bb5f82d4d601fa3026a283b47e,381865bb5f82d4d601fa3026a283b47e,Customer 381865,True,"{""generated_name"": true}"
01413c132b54b9b7dfadc2ee71ef78c8,01413c132b54b9b7dfadc2ee71ef78c8,Customer 01413c,True,"{""generated_name"": true}"
6dc16c31f4c57727d3bd51e10a977270,6dc16c31f4c57727d3bd51e10a977270,Customer 6dc16c,True,"{""generated_name"": true}"
16045f15f9bb021ce4c027dacd979ecc,16045f15f9bb021ce4c027dacd979ecc,Customer 16045f,True,"{""generated_name"": true}"
3df11e3b6c22394922f7918cb3f0e406,3df11e3b6c22394922f7918cb3f0e406,Customer 3df11e,True,"{""generated_name"": true}"
1820476fff8ba8ba159411cf19839394,1820476fff8ba8ba159411cf19839394,Customer 182047,True,"{""generated_name"": true}"
c8776c8299d92ce2f4895fabe9bc6c5c,c8776c8299d92ce2f4895fabe9bc6c5c,Customer c8776c,True,"{""generated_name"": true}"
63e04bc577f584679fb4d0cf588f51d2,63e04bc577f584679fb4d0cf588f51d2,Customer 63e04b,True,"{""generated_name"": true}"
81ee975c650a669140bc1403fb325d67,81ee975c650a669140bc1403fb325d67,Customer 81ee97,True,"{""generated_name"": true}"
8ecc65bf549b6c7ef0ca02f4e115c419,8ecc65bf549b6c7ef0ca02f4e115c419,Customer 8ecc65,True,"{""generated_name"": true}"
13d7e67a187b037979c76c75b2e79102,13d7e67a187b037979c76c75b2e79102,Customer 13d7e6,True,"{""generated_name"": true}"
3ef631133c6cd69283463c9d2302ecc5,3ef631133c6cd69283463c9d2302ecc5,Customer 3ef631,True,"{""generated_name"": true}"
c28303a34749f370337038914e7453e5,c28303a34749f370337038914e7453e5,Customer c28303,True,"{""generated_name"": true}"
76c035bf0962d324fb4f8a8dbabaa4a0,76c035bf0962d324fb4f8a8dbabaa4a0,Customer 76c035,True,"{""generated_name"": true}"
afe73cfac99dbc1c8e67cf99091d61a6,afe73cfac99dbc1c8e67cf99091d61a6,Customer afe73c,True,"{""generated_name"": true}"
23a241c42bef9b80bfe4243017a50837,23a241c42bef9b80bfe4243017a50837,Customer 23a241,True,"{""generated_name"": true}"
50ad7151ad494370e8dc57a57351d17e,50ad7151ad494370e8dc57a57351d17e,Customer 50ad71,True,"{""generated_name"": true}"
bfcaaed690e508471e9169e69f146324,bfcaaed690e508471e9169e69f146324,Customer bfcaae,True,"{""generated_name"": true}"
14e66b7268fef09f5183f5e3a84cdd91,14e66b7268fef09f5183f5e3a84cdd91,Customer 14e66b,True,"{""generated_name"": true}"
3a502a4d1e63887120fdc3b323224d70,3a502a4d1e63887120fdc3b323224d70,Customer 3a502a,True,"{""generated_name"": true}"
8cfef84e2f4a8165cd749543ebfb0fab,8cfef84e2f4a8165cd749543ebfb0fab,Customer 8cfef8,True,"{""generated_name"": true}"
c4c088737a539f84fab061a3299dfe58,c4c088737a539f84fab061a3299dfe58,Customer c4c088,True,"{""generated_name"": true}"
c8d14082e78aa5dc1d332386f18b9547,c8d14082e78aa5dc1d332386f18b9547,Customer c8d140,True,"{""generated_name"": true}"
762d95e6254ec7735e906476e047f333,762d95e6254ec7735e906476e047f333,Customer 762d95,True,"{""generated_name"": true}"
dd493718ff91bbd78cc0183714db5e41,dd493718ff91bbd78cc0183714db5e41,Customer dd4937,True,"{""generated_name"": true}"
4e43a8dc4b83f80e615beed495cd2229,4e43a8dc4b83f80e615beed495cd2229,Customer 4e43a8,True,"{""generated_name"": true}"
8b1ccc13f7b4f43b1086e25ad6de62fe,8b1ccc13f7b4f43b1086e25ad6de62fe,Customer 8b1ccc,True,"{""generated_name"": true}"
3ea232fed25a7658e342455efdf64e47,3ea232fed25a7658e342455efdf64e47,Customer 3ea232,True,"{""generated_name"": true}"
4fc8594d4bd9b2157025e4bb48c2d30c,4fc8594d4bd9b2157025e4bb48c2d30c,Customer 4fc859,True,"{""generated_name"": true}"
ee2e6bc257be86dc7ddd9e85736cc5ec,ee2e6bc257be86dc7ddd9e85736cc5ec,Customer ee2e6b,True,"{""generated_name"": true}"
1cefd0f4bd73d31db705295737c02e2f,1cefd0f4bd73d31db705295737c02e2f,Customer 1cefd0,True,"{""generated_name"": true}"
8f27be984f3f629801e5135210e0b54e,8f27be984f3f629801e5135210e0b54e,Customer 8f27be,True,"{""generated_name"": true}"
fb858ea00ed6b2356f27e1383e717ae3,fb858ea00ed6b2356f27e1383e717ae3,Customer fb858e,True,"{""generated_name"": true}"
9a9d85004f4f005b3a475df96187fe05,9a9d85004f4f005b3a475df96187fe05,Customer 9a9d85,True,"{""generated_name"": true}"
ec0984f82dabc7a4737e13d8b0dbe85f,ec0984f82dabc7a4737e13d8b0dbe85f,Customer ec0984,True,"{""generated_name"": true}"
999397669bd546fee85ffa4a5124abe3,999397669bd546fee85ffa4a5124abe3,Customer 999397,True,"{""generated_name"": true}"
51186e97f76f5e2c6feb3be05065b977,51186e97f76f5e2c6feb3be05065b977,Customer 51186e,True,"{""generated_name"": true}"
c65cd71596c64eb012337d19ec8c7ec7,c65cd71596c64eb012337d19ec8c7ec7,Customer c65cd7,True,"{""generated_name"": true}"
3490168e3acaf7c79dc72a00dfaa500b,3490168e3acaf7c79dc72a00dfaa500b,Customer 349016,True,"{""generated_name"": true}"
f093c0084073c0a6eb9e3da83fb205bf,f093c0084073c0a6eb9e3da83fb205bf,Customer f093c0,True,"{""generated_name"": true}"
efa386c68ee843c10ab73a3f506b8f7c,efa386c68ee843c10ab73a3f506b8f7c,Customer efa386,True,"{""generated_name"": true}"
1b3f87983f51dc8069dbb2fa88d6303f,1b3f87983f51dc8069dbb2fa88d6303f,Customer 1b3f87,True,"{""generated_name"": true}"
cf54a1aa8d1c6a5c89a1e006503fe3b4,cf54a1aa8d1c6a5c89a1e006503fe3b4,Customer cf54a1,True,"{""generated_name"": true}"
03a9caea366a84e3e6015a26f097c83a,03a9caea366a84e3e6015a26f097c83a,Customer 03a9ca,True,"{""generated_name"": true}"
8b4a48873b894bf55ec077439584a8d8,8b4a48873b894bf55ec077439584a8d8,Customer 8b4a48,True,"{""generated_name"": true}"
de7aaf28dc616344f3b9549f1716d70c,de7aaf28dc616344f3b9549f1716d70c,Customer de7aaf,True,"{""generated_name"": true}"
7456e305ab57ae3df0391f4275d1ba3c,7456e305ab57ae3df0391f4275d1ba3c,Customer 7456e3,True,"{""generated_name"": true}"
29b36e8709db24db3e302e60a2245a1c,29b36e8709db24db3e302e60a2245a1c,Customer 29b36e,True,"{""generated_name"": true}"
776cad3fee13e08b582b75eb3cff929b,776cad3fee13e08b582b75eb3cff929b,Customer 776cad,True,"{""generated_name"": true}"
c24e666b3337f7fc472cb2312efe1e24,c24e666b3337f7fc472cb2312efe1e24,Customer c24e66,True,"{""generated_name"": true}"
b63b174849b8c1f8eeb009d2d57db644,b63b174849b8c1f8eeb009d2d57db644,Customer b63b17,True,"{""generated_name"": true}"
79f702881c53df79e17ca351f94d9eec,79f702881c53df79e17ca351f94d9eec,Customer 79f702,True,"{""generated_name"": true}"
13e6b0e350ed161c70ce5447dfa173a5,13e6b0e350ed161c70ce5447dfa173a5,Customer 13e6b0,True,"{""generated_name"": true}"
d51f2db09ab57334edc3b1db9db5f9ba,d51f2db09ab57334edc3b1db9db5f9ba,Customer d51f2d,True,"{""generated_name"": true}"
9eae34bbd3a474ec5d07949ca7de67c0,9eae34bbd3a474ec5d07949ca7de67c0,Customer 9eae34,True,"{""generated_name"": true}"
524b08d2c1603df81425b422efcae7bf,524b08d2c1603df81425b422efcae7bf,Customer 524b08,True,"{""generated_name"": true}"
de737e1b461fd8095d3f4e1eed55afaa,de737e1b461fd8095d3f4e1eed55afaa,Customer de737e,True,"{""generated_name"": true}"
49f5ddfc3fee09b6f009d45c5c947b7d,49f5ddfc3fee09b6f009d45c5c947b7d,Customer 49f5dd,True,"{""generated_name"": true}"
f0d35e234997ee63e62d77f2c863fd3c,f0d35e234997ee63e62d77f2c863fd3c,Customer f0d35e,True,"{""generated_name"": true}"
af29e646c569f6ecdc3c6a6c83a22043,af29e646c569f6ecdc3c6a6c83a22043,Customer af29e6,True,"{""generated_name"": true}"
1e4433d38115fa06e1276c9fe9dc9c16,1e4433d38115fa06e1276c9fe9dc9c16,Customer 1e4433,True,"{""generated_name"": true}"
318bd12e1c1068f2f0893f1c225813fe,318bd12e1c1068f2f0893f1c225813fe,Customer 318bd1,True,"{""generated_name"": true}"
e3753196e6a35f591e5bc087ec011abc,e3753196e6a35f591e5bc087ec011abc,Customer e37531,True,"{""generated_name"": true}"
df492b4304f78ee528c63813d1ad2e06,df492b4304f78ee528c63813d1ad2e06,Customer df492b,True,"{""generated_name"": true}"
668a97d6246427dbd84719e055c7c2f6,668a97d6246427dbd84719e055c7c2f6,Customer 668a97,True,"{""generated_name"": true}"
13c9dda47d33c5e8f7794e17aaa38be1,13c9dda47d33c5e8f7794e17aaa38be1,Customer 13c9dd,True,"{""generated_name"": true}"
3714b9d31c4561ee723a2d90f69606a1,3714b9d31c4561ee723a2d90f69606a1,Customer 3714b9,True,"{""generated_name"": true}"
9981513022a8761127f65c03c1d9d5f7,9981513022a8761127f65c03c1d9d5f7,Customer 998151,True,"{""generated_name"": true}"
30a0640ac0c764b1bb8622eaa476de2f,30a0640ac0c764b1bb8622eaa476de2f,Customer 30a064,True,"{""generated_name"": true}"
85b8e57bd6da1c3c8d360436213b9a9b,85b8e57bd6da1c3c8d360436213b9a9b,Customer 85b8e5,True,"{""generated_name"": true}"
d25cd3919a16f7166425b3d00717e60a,d25cd3919a16f7166425b3d00717e60a,Customer d25cd3,True,"{""generated_name"": true}"
bb490ef16aa39f140bfeb172ee89a45b,bb490ef16aa39f140bfeb172ee89a45b,Customer bb490e,True,"{""generated_name"": true}"
ec0eaa175bd25624410b15627f6197df,ec0eaa175bd25624410b15627f6197df,Customer ec0eaa,True,"{""generated_name"": true}"
2eac18b475d7d985f0ab52b9c010f59f,2eac18b475d7d985f0ab52b9c010f59f,Customer 2eac18,True,"{""generated_name"": true}"
9aadb05aceef3671ab1ac129837e6a19,9aadb05aceef3671ab1ac129837e6a19,Customer 9aadb0,True,"{""generated_name"": true}"
f8945c1122a948f727f6cc5f56f02532,f8945c1122a948f727f6cc5f56f02532,Customer f8945c,True,"{""generated_name"": true}"
a13ea5067343ece449a13ccdfa4b388b,a13ea5067343ece449a13ccdfa4b388b,Customer a13ea5,True,"{""generated_name"": true}"
27f88ecdda08ca7521374e9644642bba,27f88ecdda08ca7521374e9644642bba,Customer 27f88e,True,"{""generated_name"": true}"
82b10cac246970ffdf60e1d93a9a9816,82b10cac246970ffdf60e1d93a9a9816,Customer 82b10c,True,"{""generated_name"": true}"
46ae1d535796f9407468dc3de56463c3,46ae1d535796f9407468dc3de56463c3,Customer 46ae1d,True,"{""generated_name"": true}"
c6b6b60c58ee97f4536c1eba5c2d110c,c6b6b60c58ee97f4536c1eba5c2d110c,Customer c6b6b6,True,"{""generated_name"": true}"
b671e82f0b2f2e714a51d67da28843e9,b671e82f0b2f2e714a51d67da28843e9,Customer b671e8,True,"{""generated_name"": true}"
3ed0874522994e4546f6867dd2e15e7f,3ed0874522994e4546f6867dd2e15e7f,Customer 3ed087,True,"{""generated_name"": true}"
13f6b0a02ae595d07b4754cd8d2cfaca,13f6b0a02ae595d07b4754cd8d2cfaca,Customer 13f6b0,True,"{""generated_name"": true}"
f9242445fc633a8871f2a6c4a033c8bf,f9242445fc633a8871f2a6c4a033c8bf,Customer f92424,True,"{""generated_name"": true}"
e1cc99aeefde14c615a58d95db131e1b,e1cc99aeefde14c615a58d95db131e1b,Customer e1cc99,True,"{""generated_name"": true}"
da1e7179b9c5a1494d78528cbcf05aa0,da1e7179b9c5a1494d78528cbcf05aa0,Customer da1e71,True,"{""generated_name"": true}"
10407344bb5d7f2c0f855f00aa03a256,10407344bb5d7f2c0f855f00aa03a256,Customer 104073,True,"{""generated_name"": true}"
0f07f80fc5d33a2d274a55d022b88346,0f07f80fc5d33a2d274a55d022b88346,Customer 0f07f8,True,"{""generated_name"": true}"
d10f23d669c51e0d983ba80de4d327e8-variant,d10f23d669c51e0d983ba80de4d327e8-variant,ACME HOLDINGS LTDA,True,"{""fault_id"": ""A"", ""canonical_external_id"": ""d10f23d669c51e0d983ba80de4d327e8""}"
