id,counterparty_id,total,shipping,issued_at,status,source,simulated,meta
9808a7f5f5446817c3ebf7a804111d53,5c96a1394a3f018245c5eac45e612efb,3268,778,2017-11-01T00:12:34+00:00,open,olist,False,"{""seller_ids"": [""7040e82f899a04d1b434b795a43b4617""], ""seller_locations"": [{""seller_id"": ""7040e82f899a04d1b434b795a43b4617"", ""city"": ""sao paulo"", ""state"": ""SP""}], ""order_status"": ""delivered"", ""customer_state"": ""SP"", ""item_prices"": [2490]}"
c1055c3c83d15a7d43c7b6e3f283ae53,b919a9e7991eda8bd286ed35446ee463,19427,1437,2017-11-01T00:24:57+00:00,open,olist,False,"{""seller_ids"": [""729f06993dac8e860d4f02d7088ca48a""], ""seller_locations"": [{""seller_id"": ""729f06993dac8e860d4f02d7088ca48a"", ""city"": ""limeira"", ""state"": ""SP""}], ""order_status"": ""delivered"", ""customer_state"": ""SP"", ""item_prices"": [17990]}"
ed130013de4053d7678825d4d8e7deb1,0d5bb565f5c4f342681cc1bbaf817f5d,4576,927,2017-11-01T00:43:33+00:00,open,olist,False,"{""seller_ids"": [""9b013e03b2ab786505a1d3b5c0756754""], ""seller_locations"": [{""seller_id"": ""9b013e03b2ab786505a1d3b5c0756754"", ""city"": ""vicente de carvalho"", ""state"": ""SP""}], ""order_status"": ""delivered"", ""customer_state"": ""SP"", ""item_prices"": [3649]}"
08b450b388221bfe5472ed23887a7564,25e840a7c51ad06c616051ef05610c86,16741,2151,2017-11-01T01:48:36+00:00,open,olist,False,"{""seller_ids"": [""df56d7b40d437f88407c5f78b63bc328""], ""seller_locations"": [{""seller_id"": ""df56d7b40d437f88407c5f78b63bc328"", ""city"": ""cascavel"", ""state"": ""PR""}], ""order_status"": ""delivered"", ""customer_state"": ""SC"", ""item_prices"": [14590]}"
af29f3d2878958723720a759676814e7,738ffcf1017b584e9d2684b36e07469c,24792,9802,2017-11-01T01:52:21+00:00,open,olist,False,"{""seller_ids"": [""5b581417df4480f632484ba681e53944""], ""seller_locations"": [{""seller_id"": ""5b581417df4480f632484ba681e53944"", ""city"": ""florianopolis"", ""state"": ""SC""}], ""order_status"": ""delivered"", ""customer_state"": ""GO"", ""item_prices"": [14990]}"
8444b7e4c41755b890c97056b19e4713,af721b7063b42fe531599b5fe3f75b59,4000,1510,2017-11-01T02:38:05+00:00,open,olist,False,"{""seller_ids"": [""0ea22c1cfbdc755f86b9b54b39c16043""], ""seller_locations"": [{""seller_id"": ""0ea22c1cfbdc755f86b9b54b39c16043"", ""city"": ""sete lagoas"", ""state"": ""MG""}], ""order_status"": ""delivered"", ""customer_state"": ""SP"", ""item_prices"": [2490]}"
029f37989dcd7c9b928028086d68034b,c8f4f0e903ec33304d2c7a5301a94c7e,8615,1625,2017-11-01T08:00:08+00:00,open,olist,False,"{""seller_ids"": [""d2374cbcbb3ca4ab1086534108cc3ab7""], ""seller_locations"": [{""seller_id"": ""d2374cbcbb3ca4ab1086534108cc3ab7"", ""city"": ""ibitinga"", ""state"": ""SP""}], ""order_status"": ""delivered"", ""customer_state"": ""RJ"", ""item_prices"": [6990]}"
71a49be8a212eb4987b67078140a1434,3fc38cc525568f74580977683ec6d4ad,7656,1766,2017-11-01T08:14:33+00:00,open,olist,False,"{""seller_ids"": [""0d85bbda9889ce1f7e63778d24f346eb""], ""seller_locations"": [{""seller_id"": ""0d85bbda9889ce1f7e63778d24f346eb"", ""city"": ""uberlandia"", ""state"": ""MG""}], ""order_status"": ""delivered"", ""customer_state"": ""RJ"", ""item_prices"": [5890]}"
67f4aab5a932827f4b8c6ad59033701d,1e77ca4b55d1249c3c4f45b4e41b7767,10778,1788,2017-11-01T08:34:56+00:00,open,olist,False,"{""seller_ids"": [""4a3ca9315b744ce9f8e9374361493884""], ""seller_locations"": [{""seller_id"": ""4a3ca9315b744ce9f8e9374361493884"", ""city"": ""ibitinga"", ""state"": ""SP""}], ""order_status"": ""delivered"", ""customer_state"": ""RJ"", ""item_prices"": [8990]}"
88981e5b92eb0fc6291a66ce7b892029,30a81e307f19e822e7199139fe52b1b0,3200,1510,2017-11-01T08:58:39+00:00,open,olist,False,"{""seller_ids"": [""7d76b645482be4a332374e8223836592""], ""seller_locations"": [{""seller_id"": ""7d76b645482be4a332374e8223836592"", ""city"": ""sao paulo"", ""state"": ""SP""}], ""order_status"": ""delivered"", ""customer_state"": ""MG"", ""item_prices"": [1690]}"
79eb12da9830f52ecee0bfda719fbefe,fc3809b4bc01fc63d6135541882299d0,17736,1836,2017-11-01T09:04:26+00:00,open,olist,False,"{""seller_ids"": [""3d871de0142ce09b7081e2b9d1733cb1""], ""seller_locations"": [{""seller_id"": ""3d871de0142ce09b7081e2b9d1733cb1"", ""city"": ""campo limpo paulista"", ""state"": ""SP""}], ""order_status"": ""delivered"", ""customer_state"": ""RJ"", ""item_prices"": [15900]}"
09425a70c5acc9730fc3e17c1e81ac2c,f8b71035443a05f1089f98519e97b63e,23869,1879,2017-11-01T09:07:06+00:00,open,olist,False,"{""seller_ids"": [""4869f7a5dfa277a7dca6462dcf3b52b2""], ""seller_locations"": [{""seller_id"": ""4869f7a5dfa277a7dca6462dcf3b52b2"", ""city"": ""guariba"", ""state"": ""SP""}], ""order_status"": ""delivered"", ""customer_state"": ""RJ"", ""item_prices"": [21990]}"
25c9e543b6963d52aae26badeed1e26c,35ee5bf590d47cd9c6cf08565382b770,7466,3567,2017-11-01T09:18:31+00:00,open,olist,False,"{""seller_ids"": [""2a61c271b1ac763450d846849783e922""], ""seller_locations"": [{""seller_id"": ""2a61c271b1ac763450d846849783e922"", ""city"": ""santo andre"", ""state"": ""SP""}], ""order_status"": ""delivered"", ""customer_state"": ""AL"", ""item_prices"": [3899]}"
97b91c745aa3a478f4e00df4c15069e6,dc1dfaa9ef5d24bea5b9103b13d253fc,12516,3026,2017-11-01T09:20:22+00:00,open,olist,False,"{""seller_ids"": [""20d83f3ef0e6925fd74bfd59170babf7"", ""8602a61d680a10a82cceeeda0d99ea3d""], ""seller_locations"": [{""seller_id"": ""20d83f3ef0e6925fd74bfd59170babf7"", ""city"": ""sao paulo"", ""state"": ""SP""}, {""seller_id"": ""8602a61d680a10a82cceeeda0d99ea3d"", ""city"": ""sao paulo"", ""state"": ""SP""}], ""order_status"": ""delivered"", ""customer_state"": ""ES"", ""item_prices"": [5990, 3500]}"
62c56a57f999877042b4e8a6fb4264f2,5b3354f75d78184339b67dfabdeac97b,2260,1510,2017-11-01T09:38:23+00:00,open,olist,False,"{""seller_ids"": [""2a6fbeaa7ab9e5d59a35841a8da71ce4""], ""seller_locations"": [{""seller_id"": ""2a6fbeaa7ab9e5d59a35841a8da71ce4"", ""city"": ""jaragua do sul"", ""state"": ""SC""}], ""order_status"": ""delivered"", ""customer_state"": ""RS"", ""item_prices"": [750]}"
8777f25a50cd8f37e46fc4c8a222bad6,452342fe6775efdea29aed288b89456d,26689,2027,2017-11-01T09:40:48+00:00,open,olist,False,"{""seller_ids"": [""53243585a1d6dc2643021fd1853d8905""], ""seller_locations"": [{""seller_id"": ""53243585a1d6dc2643021fd1853d8905"", ""city"": ""lauro de freitas"", ""state"": ""BA""}], ""order_status"": ""delivered"", ""customer_state"": ""RJ"", ""item_prices"": [24662]}"
fd1272ba40a94a5fbc6e9548a8486867,31d01917860b026341cdde17c942b59b,7460,1680,2017-11-01T09:57:54+00:00,open,olist,False,"{""seller_ids"": [""7178f9f4dd81dcef02f62acdf8151e01""], ""seller_locations"": [{""seller_id"": ""7178f9f4dd81dcef02f62acdf8151e01"", ""city"": ""videira"", ""state"": ""SC""}], ""order_status"": ""delivered"", ""customer_state"": ""RJ"", ""item_prices"": [2890, 2890]}"
c3f309f7d0ad0cf3b17a58447ed8ade8,c5a2c5b988459060be5f07e0a4c01a98,12407,2907,2017-11-01T10:41:42+00:00,open,olist,False,"{""seller_ids"": [""44073f8b7e41514de3b7815dd0237f4f""], ""seller_locations"": [{""seller_id"": ""44073f8b7e41514de3b7815dd0237f4f"", ""city"": ""brasilia"", ""state"": ""DF""}], ""order_status"": ""delivered"", ""customer_state"": ""BA"", ""item_prices"": [9500]}"
0ac1d3244719cbbfbc0574631fb0186e,3a65bbea5554e3fc6f568a2526d2bfac,4400,1410,2017-11-01T10:42:25+00:00,open,olist,False,"{""seller_ids"": [""579891617139df7d8671d373f0669622""], ""seller_locations"": [{""seller_id"": ""579891617139df7d8671d373f0669622"", ""city"": ""rio de janeiro"", ""state"": ""RJ""}], ""order_status"": ""delivered"", ""customer_state"": ""SP"", ""item_prices"": [2990]}"
0ecc87706e05dcabbbfe5aa29767e9d0,b1972e951abdf114b6ebc0182b3b31c6,108744,26004,2017-11-01T10:43:33+00:00,open,olist,False,"{""seller_ids"": [""25c5c91f63607446a97b143d2d535d31""], ""seller_locations"": [{""seller_id"": ""25c5c91f63607446a97b143d2d535d31"", ""city"": ""itauna"", ""state"": ""MG""}], ""order_status"": ""delivered"", ""customer_state"": ""BA"", ""item_prices"": [13790, 13790, 13790, 13790, 13790, 13790]}"
a6f1dca3527b8ae1a077c9c9375d9f06,a438f83805f67b26a97db7536b3a35e3,9526,1531,2017-11-01T10:50:27+00:00,open,olist,False,"{""seller_ids"": [""70a12e78e608ac31179aea7f8422044b""], ""seller_locations"": [{""seller_id"": ""70a12e78e608ac31179aea7f8422044b"", ""city"": ""jacarei"", ""state"": ""SP""}], ""order_status"": ""delivered"", ""customer_state"": ""RJ"", ""item_prices"": [7995]}"
a69a5c4111d73ce3dcdf4f24e97ef673,6a09b8412b1e72b3486c67bc14ac42a2,16851,2152,2017-11-01T10:59:19+00:00,open,olist,False,"{""seller_ids"": [""7ddcbb64b5bc1ef36ca8c151f6ec77df""], ""seller_locations"": [{""seller_id"": ""7ddcbb64b5bc1ef36ca8c151f6ec77df"", ""city"": ""sao paulo"", ""state"": ""SP""}], ""order_status"": ""delivered"", ""customer_state"": ""MG"", ""item_prices"": [14699]}"
a6b7a54fd0db4d3a5d6c9d6af0aae6d1,8af3ab48d408b04c0ea4f59545c45439,22204,4224,2017-11-01T11:06:46+00:00,open,olist,False,"{""seller_ids"": [""4a3ca9315b744ce9f8e9374361493884""], ""seller_locations"": [{""seller_id"": ""4a3ca9315b744ce9f8e9374361493884"", ""city"": ""ibitinga"", ""state"": ""SP""}], ""order_status"": ""delivered"", ""customer_state"": ""RJ"", ""item_prices"": [8990, 8990]}"
fc771479e2cf9914989d97b1bd35324c,d32b8ac3cc18fb9f8430e8bb907b3078,7608,1618,2017-11-01T11:28:19+00:00,open,olist,False,"{""seller_ids"": [""aafe36600ce604f205b86b5084d3d767""], ""seller_locations"": [{""seller_id"": ""aafe36600ce604f205b86b5084d3d767"", ""city"": ""sao jose"", ""state"": ""SC""}], ""order_status"": ""delivered"", ""customer_state"": ""PR"", ""item_prices"": [5990]}"
c6d8f474e874648f28e2947840899635,657dec397f46d84dbe64df2b0389b3cc,8806,1626,2017-11-01T11:29:30+00:00,open,olist,False,"{""seller_ids"": [""4a3ca9315b744ce9f8e9374361493884""], ""seller_locations"": [{""seller_id"": ""4a3ca9315b744ce9f8e9374361493884"", ""city"": ""ibitinga"", ""state"": ""SP""}], ""order_status"": ""delivered"", ""customer_state"": ""MG"", ""item_prices"": [7180]}"
ab640e57ace8f9edd426ca8a503d3169,f09b7e700d193bbd8e00f3ec54ad0195,6660,1660,2017-11-01T11:39:19+00:00,open,olist,False,"{""seller_ids"": [""855668e0971d4dfd7bef1b6a4133b41b""], ""seller_locations"": [{""seller_id"": ""855668e0971d4dfd7bef1b6a4133b41b"", ""city"": ""itatiba"", ""state"": ""SP""}], ""order_status"": ""delivered"", ""customer_state"": ""MG"", ""item_prices"": [5000]}"
74c7a458cadc2f76c4ec8354d32d0d9d,278c74f960feeb2f4743d48a70f9bdf8,5511,1611,2017-11-01T11:48:48+00:00,open,olist,False,"{""seller_ids"": [""3d871de0142ce09b7081e2b9d1733cb1""], ""seller_locations"": [{""seller_id"": ""3d871de0142ce09b7081e2b9d1733cb1"", ""city"": ""campo limpo paulista"", ""state"": ""SP""}], ""order_status"": ""delivered"", ""customer_state"": ""RJ"", ""item_prices"": [3900]}"
5dbbb88d9ab8820dbe265323e2ab44a9,85a5edce6d603b18b5eb60c05f755e4f,71370,1371,2017-11-01T12:01:39+00:00,open,olist,False,"{""seller_ids"": [""7e93a43ef30c4f03f38b393420bc753a""], ""seller_locations"": [{""seller_id"": ""7e93a43ef30c4f03f38b393420bc753a"", ""city"": ""barueri"", ""state"": ""SP""}], ""order_status"": ""delivered"", ""customer_state"": ""SP"", ""item_prices"": [69999]}"
e840776569b2a5eff2a4ca6bc5be8ad0,ca59f10d5962ce3f6f7c524f118f5aa3,15327,827,2017-11-01T12:14:19+00:00,open,olist,False,"{""seller_ids"": [""6560211a19b47992c3666cc44a7e94c0""], ""seller_locations"": [{""seller_id"": ""6560211a19b47992c3666cc44a7e94c0"", ""city"": ""sao paulo"", ""state"": ""SP""}], ""order_status"": ""delivered"", ""customer_state"": ""SP"", ""item_prices"": [14500]}"
93aeb5597e77e0da848f2118531a7d3a,bab25785bc0b036a7065bb1c5c5710de,16751,2052,2017-11-01T12:17:58+00:00,open,olist,False,"{""seller_ids"": [""7ddcbb64b5bc1ef36ca8c151f6ec77df""], ""seller_locations"": [{""seller_id"": ""7ddcbb64b5bc1ef36ca8c151f6ec77df"", ""city"": ""sao paulo"", ""state"": ""SP""}], ""order_status"": ""delivered"", ""customer_state"": ""DF"", ""item_prices"": [14699]}"
867711b4834ce56a43da811777ea6ec4,fc7b10310fe6110e2a4a967fe04c39a7,6501,1611,2017-11-01T12:31:39+00:00,open,olist,False,"{""seller_ids"": [""48436dade18ac8b2bce089ec2a041202""], ""seller_locations"": [{""seller_id"": ""48436dade18ac8b2bce089ec2a041202"", ""city"": ""volta redonda"", ""state"": ""SP""}], ""order_status"": ""delivered"", ""customer_state"": ""MG"", ""item_prices"": [4890]}"
b45255a6696ebb8f53915a109a16458a,ff66d86dd60a80525875a584d0f5d399,12529,1639,2017-11-01T12:31:43+00:00,open,olist,False,"{""seller_ids"": [""527801b552d0077ffd170872eb49683b""], ""seller_locations"": [{""seller_id"": ""527801b552d0077ffd170872eb49683b"", ""city"": ""garca"", ""state"": ""SP""}], ""order_status"": ""delivered"", ""customer_state"": ""SP"", ""item_prices"": [10890]}"
5e1a8017512badbdf543b509991dba6d,b2c10a20dc7be6c0df3715ad93805bdd,23528,1628,2017-11-01T12:59:09+00:00,open,olist,False,"{""seller_ids"": [""b33e7c55446eabf8fe1a42d037ac7d6d""], ""seller_locations"": [{""seller_id"": ""b33e7c55446eabf8fe1a42d037ac7d6d"", ""city"": ""pradopolis"", ""state"": ""SP""}], ""order_status"": ""delivered"", ""customer_state"": ""RJ"", ""item_prices"": [21900]}"
1a8727bd046055a86c1103773d39bcf0,da4f9f9ac73ecec9f3a1ee1c0de6d6d9,7334,1344,2017-11-01T13:06:34+00:00,open,olist,False,"{""seller_ids"": [""1f50f920176fa81dab994f9023523100""], ""seller_locations"": [{""seller_id"": ""1f50f920176fa81dab994f9023523100"", ""city"": ""sao jose do rio preto"", ""state"": ""SP""}], ""order_status"": ""delivered"", ""customer_state"": ""SP"", ""item_prices"": [5990]}"
374e0b8ea6151d5eb1c3a6b4936b2953,a36f546abad892a0322ac21fda994db1,35367,1878,2017-11-01T13:26:34+00:00,open,olist,False,"{""seller_ids"": [""b33e7c55446eabf8fe1a42d037ac7d6d""], ""seller_locations"": [{""seller_id"": ""b33e7c55446eabf8fe1a42d037ac7d6d"", ""city"": ""pradopolis"", ""state"": ""SP""}], ""order_status"": ""delivered"", ""customer_state"": ""BA"", ""item_prices"": [33489]}"
4a49f0eb11c5d69be2aec70f0368cb90,3ddc223389095845491ea42d872a09dd,7372,872,2017-11-01T13:28:30+00:00,open,olist,False,"{""seller_ids"": [""c9c7905cffc4ef9ff9f113554423e671""], ""seller_locations"": [{""seller_id"": ""c9c7905cffc4ef9ff9f113554423e671"", ""city"": ""itapecerica da serra"", ""state"": ""SP""}], ""order_status"": ""delivered"", ""customer_state"": ""SP"", ""item_prices"": [6500]}"
45639343ad340a0a092f8bc8788e051e,7d8c7a2965d9a38d34c6e471d125e269,3782,1792,2017-11-01T13:36:59+00:00,open,olist,False,"{""seller_ids"": [""e8b3a3a38279a82f0e5d006d5e5b7d2c""], ""seller_locations"": [{""seller_id"": ""e8b3a3a38279a82f0e5d006d5e5b7d2c"", ""city"": ""jussara"", ""state"": ""PR""}], ""order_status"": ""invoiced"", ""customer_state"": ""RJ"", ""item_prices"": [1990]}"
6b022a73dc1fa183cdc18cb9c255d60c,73601b1eec55943e90ce8d61253d5c09,103434,2935,2017-11-01T13:39:49+00:00,open,olist,False,"{""seller_ids"": [""7ddcbb64b5bc1ef36ca8c151f6ec77df""], ""seller_locations"": [{""seller_id"": ""7ddcbb64b5bc1ef36ca8c151f6ec77df"", ""city"": ""sao paulo"", ""state"": ""SP""}], ""order_status"": ""delivered"", ""customer_state"": ""MG"", ""item_prices"": [100499]}"
326056a428af991a9b566275682fe31e,68a7cbc4da3a25cf5da1f4628e2ec1e9,8764,1174,2017-11-01T13:44:51+00:00,open,olist,False,"{""seller_ids"": [""d71d863e5ef30d94e440c11be17dcd8f""], ""seller_locations"": [{""seller_id"": ""d71d863e5ef30d94e440c11be17dcd8f"", ""city"": ""osasco"", ""state"": ""SP""}], ""order_status"": ""delivered"", ""customer_state"": ""SP"", ""item_prices"": [7590]}"
6048965213d0e9e87381d8b78dc9f9fc,a45554d9171c5622be450212f6ff0f1a,9257,1357,2017-11-01T13:47:48+00:00,open,olist,False,"{""seller_ids"": [""3d871de0142ce09b7081e2b9d1733cb1""], ""seller_locations"": [{""seller_id"": ""3d871de0142ce09b7081e2b9d1733cb1"", ""city"": ""campo limpo paulista"", ""state"": ""SP""}], ""order_status"": ""delivered"", ""customer_state"": ""SP"", ""item_prices"": [7900]}"
4247a3af0d215e63b216c45c7bafa881,447c2071517506f2d8617a89224afa08,39702,3702,2017-11-01T13:54:39+00:00,open,olist,False,"{""seller_ids"": [""70a12e78e608ac31179aea7f8422044b""], ""seller_locations"": [{""seller_id"": ""70a12e78e608ac31179aea7f8422044b"", ""city"": ""jacarei"", ""state"": ""SP""}], ""order_status"": ""delivered"", ""customer_state"": ""SP"", ""item_prices"": [12000, 12000, 12000]}"
ab30f8d4ebb7d33d1dcf54d420ea42cd,971b1719d3b2f6221dd8c5d1afb5cf2f,6652,3362,2017-11-01T14:01:38+00:00,open,olist,False,"{""seller_ids"": [""e8f6dc8e6a1dcde89d20e3995c8d90b3""], ""seller_locations"": [{""seller_id"": ""e8f6dc8e6a1dcde89d20e3995c8d90b3"", ""city"": ""sao paulo"", ""state"": ""SP""}], ""order_status"": ""delivered"", ""customer_state"": ""SP"", ""item_prices"": [3290]}"
d9a2eba69ba6350b8552f12c3342f315,b38b0ec7d754b2d5e31f854185ef6c01,11718,2538,2017-11-01T14:03:24+00:00,open,olist,False,"{""seller_ids"": [""1c129092bf23f28a5930387c980c0dfc""], ""seller_locations"": [{""seller_id"": ""1c129092bf23f28a5930387c980c0dfc"", ""city"": ""sao paulo"", ""state"": ""SP""}], ""order_status"": ""delivered"", ""customer_state"": ""SP"", ""item_prices"": [4590, 4590]}"
792f1532bbdaff5ccc712b2555ca442a,cf8b814a6c0a336488440154bebfb046,9602,2102,2017-11-01T14:07:41+00:00,open,olist,False,"{""seller_ids"": [""6c7d50c24b3ccd2fd83b44d8bb34e073""], ""seller_locations"": [{""seller_id"": ""6c7d50c24b3ccd2fd83b44d8bb34e073"", ""city"": ""presidente prudente"", ""state"": ""SP""}], ""order_status"": ""delivered"", ""customer_state"": ""ES"", ""item_prices"": [7500]}"
bc04e2bb63324cc86f60dccdc3f568cf,48109d2c6b2edba91c3146a83ba631ac,5510,1611,2017-11-01T14:08:32+00:00,open,olist,False,"{""seller_ids"": [""bccf933e006e9b94a6184af782963e77""], ""seller_locations"": [{""seller_id"": ""bccf933e006e9b94a6184af782963e77"", ""city"": ""assis"", ""state"": ""SP""}], ""order_status"": ""delivered"", ""customer_state"": ""SC"", ""item_prices"": [3899]}"
ed149e6c2ed9dc9748702e5e9cb7483c,4daa117393e38a804850e13486899605,6833,1273,2017-11-01T14:09:30+00:00,open,olist,False,"{""seller_ids"": [""4a3ca9315b744ce9f8e9374361493884""], ""seller_locations"": [{""seller_id"": ""4a3ca9315b744ce9f8e9374361493884"", ""city"": ""ibitinga"", ""state"": ""SP""}], ""order_status"": ""delivered"", ""customer_state"": ""SP"", ""item_prices"": [5560]}"
a70ff61f0d853a260f33d7a6cda42e8e,1b68d14e3ade3dc6d174ed730f0516f7,27924,9934,2017-11-01T14:10:32+00:00,open,olist,False,"{""seller_ids"": [""d93844a9c55ba7ce353388bcf849ea56""], ""seller_locations"": [{""seller_id"": ""d93844a9c55ba7ce353388bcf849ea56"", ""city"": ""curitiba"", ""state"": ""PR""}], ""order_status"": ""delivered"", ""customer_state"": ""PA"", ""item_prices"": [17990]}"
65dfd5eb6f5db48fcf9b5e4f5c8f1391,cf2eeb3d980701df47a96b80b31bd5ce,19672,2172,2017-11-01T14:10:46+00:00,open,olist,False,"{""seller_ids"": [""a3e9a2c700480d9bb01fba070ba80a0e""], ""seller_locations"": [{""seller_id"": ""a3e9a2c700480d9bb01fba070ba80a0e"", ""city"": ""ibitinga"", ""state"": ""SP""}], ""order_status"": ""delivered"", ""customer_state"": ""PR"", ""item_prices"": [17500]}"
0e36f41f9315618b83a395ecfc7b47fa,4be6b69e888b296631d72107b2409276,41445,3465,2017-11-01T14:12:29+00:00,open,olist,False,"{""seller_ids"": [""a3a38f4affed601eb87a97788c949667""], ""seller_locations"": [{""seller_id"": ""a3a38f4affed601eb87a97788c949667"", ""city"": ""joinville"", ""state"": ""SC""}], ""order_status"": ""delivered"", ""customer_state"": ""SP"", ""item_prices"": [16990, 20990]}"
503835e65064755671a55973619b9eb7,e603eedffffb8727efe1100bb564594b,17384,2385,2017-11-01T14:14:38+00:00,open,olist,False,"{""seller_ids"": [""a1043bafd471dff536d0c462352beb48""], ""seller_locations"": [{""seller_id"": ""a1043bafd471dff536d0c462352beb48"", ""city"": ""ilicinea"", ""state"": ""MG""}], ""order_status"": ""delivered"", ""customer_state"": ""MG"", ""item_prices"": [14999]}"
42d3e75e0854c6fb73d399d877d76395,dc675dde53d1a70cdaf8c91326f67280,40381,3334,2017-11-01T14:16:05+00:00,open,olist,False,"{""seller_ids"": [""900ba814c251a692506d7834c1218441""], ""seller_locations"": [{""seller_id"": ""900ba814c251a692506d7834c1218441"", ""city"": ""salto"", ""state"": ""SP""}], ""order_status"": ""delivered"", ""customer_state"": ""RJ"", ""item_prices"": [37047]}"
6ec283e06546387eaab356a4764d8298,83dd39563df1fa45fd1a6a7e682b2787,5615,2115,2017-11-01T14:18:10+00:00,open,olist,False,"{""seller_ids"": [""f0b47fbbc6dee9aafe415a6e33051b3f""], ""seller_locations"": [{""seller_id"": ""f0b47fbbc6dee9aafe415a6e33051b3f"", ""city"": ""maua"", ""state"": ""SP""}], ""order_status"": ""delivered"", ""customer_state"": ""MA"", ""item_prices"": [3500]}"
bc99558709784e3ae0b9f8dbff8c06f0,0c17966568c69f8f827f574911f8b729,0,0,2017-11-01T14:27:33+00:00,cancelled,olist,False,"{""seller_ids"": [], ""seller_locations"": [], ""order_status"": ""unavailable"", ""customer_state"": ""SP"", ""item_prices"": []}"
3e191ce3f3742cbcfedc1d60b15254d2,cf78a9bb84d3893c1d378adb4a42fdf5,3910,1410,2017-11-01T14:27:51+00:00,open,olist,False,"{""seller_ids"": [""1c129092bf23f28a5930387c980c0dfc""], ""seller_locations"": [{""seller_id"": ""1c129092bf23f28a5930387c980c0dfc"", ""city"": ""sao paulo"", ""state"": ""SP""}], ""order_status"": ""delivered"", ""customer_state"": ""MG"", ""item_prices"": [2500]}"
d8480a959e66ee2eb4420d02a097be49,e68142d59d8b0bb613a994dd9c72d356,72372,11372,2017-11-01T14:29:20+00:00,open,olist,False,"{""seller_ids"": [""834f3294fba9f932f56edc879193f925""], ""seller_locations"": [{""seller_id"": ""834f3294fba9f932f56edc879193f925"", ""city"": ""araraquara"", ""state"": ""SP""}], ""order_status"": ""delivered"", ""customer_state"": ""SE"", ""item_prices"": [61000]}"
97e080a21be085e3e36d5f7c0f8f0b43,427e0d240e383d4a63ae6ab7dfece988,9376,2576,2017-11-01T14:36:07+00:00,open,olist,False,"{""seller_ids"": [""65b081a070633e057c462abdd6fb9dd8""], ""seller_locations"": [{""seller_id"": ""65b081a070633e057c462abdd6fb9dd8"", ""city"": ""morrinhos"", ""state"": ""GO""}], ""order_status"": ""delivered"", ""customer_state"": ""SP"", ""item_prices"": [6800]}"
93677192c2b70d8aa87b208b46fe9a09,4f813bcb1fc6c14a209ca59014318750,10717,1217,2017-11-01T14:41:55+00:00,open,olist,False,"{""seller_ids"": [""6560211a19b47992c3666cc44a7e94c0""], ""seller_locations"": [{""seller_id"": ""6560211a19b47992c3666cc44a7e94c0"", ""city"": ""sao paulo"", ""state"": ""SP""}], ""order_status"": ""delivered"", ""customer_state"": ""SP"", ""item_prices"": [9500]}"
ff098b9342213641be5da8163f0fcf2c,c1eed380c5284f6d86f7263653ef215f,137383,3383,2017-11-01T14:42:57+00:00,open,olist,False,"{""seller_ids"": [""53243585a1d6dc2643021fd1853d8905""], ""seller_locations"": [{""seller_id"": ""53243585a1d6dc2643021fd1853d8905"", ""city"": ""lauro de freitas"", ""state"": ""BA""}], ""order_status"": ""delivered"", ""customer_state"": ""DF"", ""item_prices"": [134000]}"
b7c400fbb50b45a369d320a0b1dc3040,e4f70444be096c3988db17b185baa29b,13459,1459,2017-11-01T14:43:54+00:00,open,olist,False,"{""seller_ids"": [""d05ae8f7a5bd1d2a690a44cd079e4e27""], ""seller_locations"": [{""seller_id"": ""d05ae8f7a5bd1d2a690a44cd079e4e27"", ""city"": ""rio de janeiro"", ""state"": ""RJ""}], ""order_status"": ""delivered"", ""customer_state"": ""DF"", ""item_prices"": [12000]}"
a1b541c5eedff59d42c867f78a823fdc,7a3e8038f94725db6da2a8c6b171f880,14426,2696,2017-11-01T14:44:20+00:00,open,olist,False,"{""seller_ids"": [""8581055ce74af1daba164fdbd55a40de""], ""seller_locations"": [{""seller_id"": ""8581055ce74af1daba164fdbd55a40de"", ""city"": ""guarulhos"", ""state"": ""SP""}], ""order_status"": ""delivered"", ""customer_state"": ""CE"", ""item_prices"": [11730]}"
07ddc871675f337ce763af5edb521194,82095d3b7c6a379278d9d6a851248581,24876,1886,2017-11-01T14:50:41+00:00,open,olist,False,"{""seller_ids"": [""6d66611d7c44cc30ce351abc49a68421""], ""seller_locations"": [{""seller_id"": ""6d66611d7c44cc30ce351abc49a68421"", ""city"": ""sao paulo"", ""state"": ""SP""}], ""order_status"": ""delivered"", ""customer_state"": ""SC"", ""item_prices"": [22990]}"
b9d63f11f4b5207d094ab26ba17ab0b2,58e64b227af6b30e4e201fe5765c4f76,9330,1530,2017-11-01T14:50:43+00:00,open,olist,False,"{""seller_ids"": [""1b4c3a6f53068f0b6944d2d005c9fc89""], ""seller_locations"": [{""seller_id"": ""1b4c3a6f53068f0b6944d2d005c9fc89"", ""city"": ""sao ludgero"", ""state"": ""SC""}], ""order_status"": ""delivered"", ""customer_state"": ""PR"", ""item_prices"": [7800]}"
6be4566ff84c15f3069e3751958576dd,4eda116add853323e439c104b7d0824c,7334,1344,2017-11-01T15:22:24+00:00,open,olist,False,"{""seller_ids"": [""1f50f920176fa81dab994f9023523100""], ""seller_locations"": [{""seller_id"": ""1f50f920176fa81dab994f9023523100"", ""city"": ""sao jose do rio preto"", ""state"": ""SP""}], ""order_status"": ""delivered"", ""customer_state"": ""SP"", ""item_prices"": [5990]}"
b11a2fc0664cad475e2700523625a1e6,e2ce734f0bd635b4b82317b5e5fcd152,7113,1614,2017-11-01T15:25:10+00:00,open,olist,False,"{""seller_ids"": [""1da3aeb70d7989d1e6d9b0e887f97c23""], ""seller_locations"": [{""seller_id"": ""1da3aeb70d7989d1e6d9b0e887f97c23"", ""city"": ""sao paulo"", ""state"": ""SP""}], ""order_status"": ""delivered"", ""customer_state"": ""RS"", ""item_prices"": [5499]}"
a6e164bcfe0ced3f1ce18e4c42202820,e2ce734f0bd635b4b82317b5e5fcd152,8917,1627,2017-11-01T15:25:12+00:00,open,olist,False,"{""seller_ids"": [""aaed1309374718fdd995ee4c58c9dfcd""], ""seller_locations"": [{""seller_id"": ""aaed1309374718fdd995ee4c58c9dfcd"", ""city"": ""timbo"", ""state"": ""SC""}], ""order_status"": ""delivered"", ""customer_state"": ""RS"", ""item_prices"": [7290]}"
1f9835b3f1bac0471bfe78932aac63ff,a881a409a6410d97b34c81929ef8294f,9327,1178,2017-11-01T15:33:06+00:00,open,olist,False,"{""seller_ids"": [""2e1c9f22be269ef4643f826c9e650a52""], ""seller_locations"": [{""seller_id"": ""2e1c9f22be269ef4643f826c9e650a52"", ""city"": ""sao paulo"", ""state"": ""SP""}], ""order_status"": ""delivered"", ""customer_state"": ""SP"", ""item_prices"": [8149]}"
040f214f2ec8be892fee452b52a96f1f,d22aa24da72728e2998df9ca9aca4b64,21764,1864,2017-11-01T15:52:21+00:00,open,olist,False,"{""seller_ids"": [""12b9676b00f60f3b700e83af21824c0e""], ""seller_locations"": [{""seller_id"": ""12b9676b00f60f3b700e83af21824c0e"", ""city"": ""montenegro"", ""state"": ""RS""}], ""order_status"": ""delivered"", ""customer_state"": ""SP"", ""item_prices"": [19900]}"
f21cd4bd6f6e9d39426b98c64f73e041,9717f9d43aea52321082725e4db61e78,5959,1410,2017-11-01T15:55:42+00:00,open,olist,False,"{""seller_ids"": [""2e1c9f22be269ef4643f826c9e650a52""], ""seller_locations"": [{""seller_id"": ""2e1c9f22be269ef4643f826c9e650a52"", ""city"": ""sao paulo"", ""state"": ""SP""}], ""order_status"": ""delivered"", ""customer_state"": ""RJ"", ""item_prices"": [4549]}"
33e0807c2b09499ec0026e216114cefe,cb5c545d96f39390b7f372aaa88c4a7e,5510,1510,2017-11-01T16:00:04+00:00,open,olist,False,"{""seller_ids"": [""7299e27ed73d2ad986de7f7c77d919fa""], ""seller_locations"": [{""seller_id"": ""7299e27ed73d2ad986de7f7c77d919fa"", ""city"": ""araguari"", ""state"": ""MG""}], ""order_status"": ""delivered"", ""customer_state"": ""SP"", ""item_prices"": [4000]}"
6bdf0266efb0d65c6c32bc9e3d762e92,b6cf39bd4b5366458bd15a532baeefa1,6873,1413,2017-11-01T16:00:33+00:00,open,olist,False,"{""seller_ids"": [""2156f2671501a81034d7d07f217609d0""], ""seller_locations"": [{""seller_id"": ""2156f2671501a81034d7d07f217609d0"", ""city"": ""sp"", ""state"": ""SP""}], ""order_status"": ""delivered"", ""customer_state"": ""RJ"", ""item_prices"": [5460]}"
80cc0c2852de298dd40b80a78677f13e,5bb19317ef9d70891de66fd7f3a8e4e8,4938,1248,2017-11-01T16:17:37+00:00,open,olist,False,"{""seller_ids"": [""f8db351d8c4c4c22c6835c19a46f01b0""], ""seller_locations"": [{""seller_id"": ""f8db351d8c4c4c22c6835c19a46f01b0"", ""city"": ""salto"", ""state"": ""SP""}], ""order_status"": ""delivered"", ""customer_state"": ""SP"", ""item_prices"": [3690]}"
f3d16f376226096b304be07d6307f731,c99a310aa2d94c58c25c532640dc1721,41121,2321,2017-11-01T16:20:42+00:00,open,olist,False,"{""seller_ids"": [""5dceca129747e92ff8ef7a997dc4f8ca""], ""seller_locations"": [{""seller_id"": ""5dceca129747e92ff8ef7a997dc4f8ca"", ""city"": ""santa barbara d\u00b4oeste"", ""state"": ""SP""}], ""order_status"": ""delivered"", ""customer_state"": ""MS"", ""item_prices"": [38800]}"
61a38ccd48075ef5117f661ffac57f0a,11dbfe44e786e8b50df65bb358f352aa,7757,1767,2017-11-01T16:34:41+00:00,open,olist,False,"{""seller_ids"": [""1f50f920176fa81dab994f9023523100""], ""seller_locations"": [{""seller_id"": ""1f50f920176fa81dab994f9023523100"", ""city"": ""sao jose do rio preto"", ""state"": ""SP""}], ""order_status"": ""delivered"", ""customer_state"": ""PR"", ""item_prices"": [5990]}"
dd16e5eb87375ae00ddc33be8f099ba8,e6f14cc50b766632514e291ea5588d04,5010,1510,2017-11-01T16:34:52+00:00,open,olist,False,"{""seller_ids"": [""b372ee768ed69e46ca8cdbd267aa7a38""], ""seller_locations"": [{""seller_id"": ""b372ee768ed69e46ca8cdbd267aa7a38"", ""city"": ""sao jose do rio preto"", ""state"": ""SP""}], ""order_status"": ""delivered"", ""customer_state"": ""RJ"", ""item_prices"": [3500]}"
da9fa9ec3c77fa353f8eb20146bc9d6d,eeeea3e11b9a1e3ce7fccb795bd85c3e,2354,778,2017-11-01T17:17:45+00:00,open,olist,False,"{""seller_ids"": [""e6a69c4a27dfdd98ffe5aa757ad744bc""], ""seller_locations"": [{""seller_id"": ""e6a69c4a27dfdd98ffe5aa757ad744bc"", ""city"": ""sao paulo"", ""state"": ""SP""}], ""order_status"": ""delivered"", ""customer_state"": ""SP"", ""item_prices"": [1576]}"
1c82977a662054f8170766914b02e7ca,233969687c07d62583272804174101bd,3309,1510,2017-11-01T17:18:00+00:00,open,olist,False,"{""seller_ids"": [""ea8482cd71df3c1969d7b9473ff13abc""], ""seller_locations"": [{""seller_id"": ""ea8482cd71df3c1969d7b9473ff13abc"", ""city"": ""sao paulo"", ""state"": ""SP""}], ""order_status"": ""delivered"", ""customer_state"": ""RS"", ""item_prices"": [1799]}"
00602f25bffa1dcfb71e202fbf9824fb,a4e15c3b37a5bdc379b5d9a8b7b37450,9392,5402,2017-11-01T17:45:52+00:00,open,olist,False,"{""seller_ids"": [""86ccac0b835037332a596a33b6949ee1""], ""seller_locations"": [{""seller_id"": ""86ccac0b835037332a596a33b6949ee1"", ""city"": ""blumenau"", ""state"": ""SC""}], ""order_status"": ""delivered"", ""customer_state"": ""PA"", ""item_prices"": [3990]}"
a13f2110ae8bab95d529304f3b2dbbc1,17adee22dcf49a12b49cfc38e9f6397f,10616,1626,2017-11-01T17:47:09+00:00,open,olist,False,"{""seller_ids"": [""4a3ca9315b744ce9f8e9374361493884""], ""seller_locations"": [{""seller_id"": ""4a3ca9315b744ce9f8e9374361493884"", ""city"": ""ibitinga"", ""state"": ""SP""}], ""order_status"": ""delivered"", ""customer_state"": ""SP"", ""item_prices"": [8990]}"
beda117d944f8b1067fa38d063eff0e7,a0eaf25d81955744d16309d2954b8a4a,5500,1510,2017-11-01T18:02:58+00:00,open,olist,False,"{""seller_ids"": [""7178f9f4dd81dcef02f62acdf8151e01""], ""seller_locations"": [{""seller_id"": ""7178f9f4dd81dcef02f62acdf8151e01"", ""city"": ""videira"", ""state"": ""SC""}], ""order_status"": ""delivered"", ""customer_state"": ""SP"", ""item_prices"": [3990]}"
4fefc3f74b4239ec72723cde525a1522,cd60953fbe070a440b5967020f76f51c,19512,4513,2017-11-01T18:04:26+00:00,open,olist,False,"{""seller_ids"": [""a1043bafd471dff536d0c462352beb48""], ""seller_locations"": [{""seller_id"": ""a1043bafd471dff536d0c462352beb48"", ""city"": ""ilicinea"", ""state"": ""MG""}], ""order_status"": ""delivered"", ""customer_state"": ""PR"", ""item_prices"": [14999]}"
3e43f42c0a7ba91dfa09d2bfa1969c2f,5536c239ecfb58b8960053c6f855b4cc,10616,1626,2017-11-01T18:09:56+00:00,open,olist,False,"{""seller_ids"": [""4a3ca9315b744ce9f8e9374361493884""], ""seller_locations"": [{""seller_id"": ""4a3ca9315b744ce9f8e9374361493884"", ""city"": ""ibitinga"", ""state"": ""SP""}], ""order_status"": ""delivered"", ""customer_state"": ""SP"", ""item_prices"": [8990]}"
014e36af18c280a94d880a16b2f00713,c2919fbdb45366551c1e80d5cb35cd3f,8538,2538,2017-11-01T18:14:32+00:00,open,olist,False,"{""seller_ids"": [""897060da8b9a21f655304d50fd935913""], ""seller_locations"": [{""seller_id"": ""897060da8b9a21f655304d50fd935913"", ""city"": ""ribeirao preto"", ""state"": ""SP""}], ""order_status"": ""delivered"", ""customer_state"": ""MG"", ""item_prices"": [3000, 3000]}"
24cee263ae15271412b77854eb10b840,b090fd67efe21ab297f5c0c6cb040e31,0,0,2017-11-01T18:16:28+00:00,cancelled,olist,False,"{""seller_ids"": [], ""seller_locations"": [], ""order_status"": ""unavailable"", ""customer_state"": ""MA"", ""item_prices"": []}"
63e9e738932324be5afdf33f891e4848,2b8b1eb7ab53ac16a2b1e60e3ab0c4fb,8800,3020,2017-11-01T18:32:13+00:00,open,olist,False,"{""seller_ids"": [""05f51e13da97139648b8125c31e5f51b""], ""seller_locations"": [{""seller_id"": ""05f51e13da97139648b8125c31e5f51b"", ""city"": ""belo horizonte"", ""state"": ""MG""}], ""order_status"": ""delivered"", ""customer_state"": ""RJ"", ""item_prices"": [2890, 2890]}"
3c97549bb72f1b9c0917dc29d750b34e,3915ea5d3b1ac707a26f87ea92a4d3eb,16661,2181,2017-11-01T18:59:06+00:00,open,olist,False,"{""seller_ids"": [""fa1c13f2614d7b5c4749cbc52fecda94""], ""seller_locations"": [{""seller_id"": ""fa1c13f2614d7b5c4749cbc52fecda94"", ""city"": ""sumare"", ""state"": ""SP""}], ""order_status"": ""delivered"", ""customer_state"": ""AL"", ""item_prices"": [14480]}"
05d27719c66597da0628a53f6009ed67,75190022751fc37ea481648582f29503,25476,2762,2017-11-01T19:01:18+00:00,open,olist,False,"{""seller_ids"": [""cca3071e3e9bb7d12640c9fbe2301306""], ""seller_locations"": [{""seller_id"": ""cca3071e3e9bb7d12640c9fbe2301306"", ""city"": ""ibitinga"", ""state"": ""SP""}], ""order_status"": ""delivered"", ""customer_state"": ""SP"", ""item_prices"": [11357, 11357]}"
9d53bad43766cf49aaffe9115114e484,d1c8715bae84b5dce39cbb6aa1945d8c,33547,1047,2017-11-01T19:33:41+00:00,open,olist,False,"{""seller_ids"": [""f7ba60f8c3f99e7ee4042fdef03b70c4""], ""seller_locations"": [{""seller_id"": ""f7ba60f8c3f99e7ee4042fdef03b70c4"", ""city"": ""sao bernardo do campo"", ""state"": ""SP""}], ""order_status"": ""delivered"", ""customer_state"": ""SP"", ""item_prices"": [32500]}"
96546cd9fabb272850cb06f473cdeaeb,59d942400cce7ef9f2f2cf6ee4df6c05,10119,1619,2017-11-01T19:45:22+00:00,open,olist,False,"{""seller_ids"": [""b6d44737c043328708f6749c2dbe50bd""], ""seller_locations"": [{""seller_id"": ""b6d44737c043328708f6749c2dbe50bd"", ""city"": ""santo andre"", ""state"": ""SP""}], ""order_status"": ""delivered"", ""customer_state"": ""SP"", ""item_prices"": [8500]}"
ac66a6311540888f9742530ab8d3115c,2ec2e8e0032d1f21c997fe6276b767ce,20576,1676,2017-11-01T20:07:23+00:00,open,olist,False,"{""seller_ids"": [""6560211a19b47992c3666cc44a7e94c0""], ""seller_locations"": [{""seller_id"": ""6560211a19b47992c3666cc44a7e94c0"", ""city"": ""sao paulo"", ""state"": ""SP""}], ""order_status"": ""delivered"", ""customer_state"": ""BA"", ""item_prices"": [18900]}"
786a54ce0cf9dab273f41727d56f96ec,da4a999adcf6645f862d333271068632,24400,4600,2017-11-01T20:10:34+00:00,open,olist,False,"{""seller_ids"": [""001cca7ae9ae17fb1caed9dfb1094831""], ""seller_locations"": [{""seller_id"": ""001cca7ae9ae17fb1caed9dfb1094831"", ""city"": ""cariacica"", ""state"": ""ES""}], ""order_status"": ""delivered"", ""customer_state"": ""BA"", ""item_prices"": [9900, 9900]}"
0b9705637e1c3ef0cc684ae4f190964b,2b2a8548b5552173e43563660de11e2f,9721,1431,2017-11-01T20:19:48+00:00,open,olist,False,"{""seller_ids"": [""dbc22125167c298ef99da25668e1011f""], ""seller_locations"": [{""seller_id"": ""dbc22125167c298ef99da25668e1011f"", ""city"": ""borda da mata"", ""state"": ""MG""}], ""order_status"": ""delivered"", ""customer_state"": ""MG"", ""item_prices"": [8290]}"
a41147091da0a907ca54accc4bf5b231,1bd5ffb847db8a89dee6f626e863713c,71965,1966,2017-11-01T20:40:05+00:00,open,olist,False,"{""seller_ids"": [""7e93a43ef30c4f03f38b393420bc753a""], ""seller_locations"": [{""seller_id"": ""7e93a43ef30c4f03f38b393420bc753a"", ""city"": ""barueri"", ""state"": ""SP""}], ""order_status"": ""delivered"", ""customer_state"": ""RJ"", ""item_prices"": [69999]}"
810f4bc7b92deb70c372bde414b6bbb6,ad1a4069ee33b2920a5905b2ee117b1e,11102,2112,2017-11-01T20:52:18+00:00,open,olist,False,"{""seller_ids"": [""4a3ca9315b744ce9f8e9374361493884""], ""seller_locations"": [{""seller_id"": ""4a3ca9315b744ce9f8e9374361493884"", ""city"": ""ibitinga"", ""state"": ""SP""}], ""order_status"": ""delivered"", ""customer_state"": ""MG"", ""item_prices"": [8990]}"
264f3762919b6ad2a8cae65fd1202106,17be6cead254c429e33adb6da0cb6352,7494,994,2017-11-01T20:52:22+00:00,open,olist,False,"{""seller_ids"": [""4e922959ae960d389249c378d1c939f5""], ""seller_locations"": [{""seller_id"": ""4e922959ae960d389249c378d1c939f5"", ""city"": ""jacarei"", ""state"": ""SP""}], ""order_status"": ""delivered"", ""customer_state"": ""SP"", ""item_prices"": [6500]}"
7a14a70f9fa2682df5021dff14f9c356,686bcbf0796c1627d0b9cef57e94808e,15926,1676,2017-11-01T20:55:07+00:00,open,olist,False,"{""seller_ids"": [""02f5837340d7eb4f653d676c7256523a""], ""seller_locations"": [{""seller_id"": ""02f5837340d7eb4f653d676c7256523a"", ""city"": ""curitiba"", ""state"": ""PR""}], ""order_status"": ""delivered"", ""customer_state"": ""SP"", ""item_prices"": [14250]}"
0bcde0684eba5746bbb90d6d9089570a,f944ee56d8467517955c2ddc7b0d486a,15523,1673,2017-11-01T20:57:34+00:00,open,olist,False,"{""seller_ids"": [""df56d7b40d437f88407c5f78b63bc328""], ""seller_locations"": [{""seller_id"": ""df56d7b40d437f88407c5f78b63bc328"", ""city"": ""cascavel"", ""state"": ""PR""}], ""order_status"": ""delivered"", ""customer_state"": ""SC"", ""item_prices"": [13850]}"
dc9e43fc2961dea28d6a462186ad624f,cb722b9ae87c28dd0fee3d6e42e5a9bd,8172,1173,2017-11-01T21:13:02+00:00,open,olist,False,"{""seller_ids"": [""7a67c85e85bb2ce8582c35f2203ad736""], ""seller_locations"": [{""seller_id"": ""7a67c85e85bb2ce8582c35f2203ad736"", ""city"": ""sao paulo"", ""state"": ""SP""}], ""order_status"": ""delivered"", ""customer_state"": ""SP"", ""item_prices"": [6999]}"
94c71635b9b6045f84dd6cdfd105d2ce,811a64d5765612c8b8727cd2990e77e6,59676,2686,2017-11-01T21:31:57+00:00,open,olist,False,"{""seller_ids"": [""2ff6b7bff164ef05590a52734e1296da""], ""seller_locations"": [{""seller_id"": ""2ff6b7bff164ef05590a52734e1296da"", ""city"": ""londrina"", ""state"": ""PR""}], ""order_status"": ""delivered"", ""customer_state"": ""MG"", ""item_prices"": [56990]}"
da896a5afe7d1b0ae249c2c0bccb89d3,75ff587e87e047a7e00f75bbcab17c00,9995,2005,2017-11-01T21:41:42+00:00,open,olist,False,"{""seller_ids"": [""6039e27294dc75811c0d8a39069f52c0""], ""seller_locations"": [{""seller_id"": ""6039e27294dc75811c0d8a39069f52c0"", ""city"": ""osasco"", ""state"": ""SP""}], ""order_status"": ""delivered"", ""customer_state"": ""RJ"", ""item_prices"": [7990]}"
da39c74861319e1493b1c77b6222958a,4ffd7cf05f22d7a320750a2f9e73f665,25648,1838,2017-11-01T21:43:03+00:00,open,olist,False,"{""seller_ids"": [""02ecc2a19303f05e59ce133fd923fff7""], ""seller_locations"": [{""seller_id"": ""02ecc2a19303f05e59ce133fd923fff7"", ""city"": ""santo andre"", ""state"": ""SP""}], ""order_status"": ""delivered"", ""customer_state"": ""SP"", ""item_prices"": [23810]}"
ab797176e01c2fa3d13aa1fe3e63d9ee,3e6fd6b2f0d499456a6a6820a40f2d79,5462,2563,2017-11-01T21:54:10+00:00,open,olist,False,"{""seller_ids"": [""7d76b645482be4a332374e8223836592""], ""seller_locations"": [{""seller_id"": ""7d76b645482be4a332374e8223836592"", ""city"": ""sao paulo"", ""state"": ""SP""}], ""order_status"": ""delivered"", ""customer_state"": ""PA"", ""item_prices"": [2899]}"
d6e320ab3eb91f810c2a3296998bdcc8,1e4cc816f19bd6063bbde77d555bcb53,13865,865,2017-11-01T22:07:33+00:00,open,olist,False,"{""seller_ids"": [""e9779976487b77c6d4ac45f75ec7afe9""], ""seller_locations"": [{""seller_id"": ""e9779976487b77c6d4ac45f75ec7afe9"", ""city"": ""praia grande"", ""state"": ""SP""}], ""order_status"": ""delivered"", ""customer_state"": ""SP"", ""item_prices"": [13000]}"
2f4ed6d6a154e53f5593682472f8e6ea,53667cd51563647cf8dda0c45b343eb0,6349,1959,2017-11-01T22:25:12+00:00,open,olist,False,"{""seller_ids"": [""dbc22125167c298ef99da25668e1011f""], ""seller_locations"": [{""seller_id"": ""dbc22125167c298ef99da25668e1011f"", ""city"": ""borda da mata"", ""state"": ""MG""}], ""order_status"": ""delivered"", ""customer_state"": ""PR"", ""item_prices"": [4390]}"
e3e9a2046c37eea9713341a3994bcf52,a14cb3472bf2cfb01f84874affb504c2,82875,7878,2017-11-01T22:25:54+00:00,open,olist,False,"{""seller_ids"": [""a1043bafd471dff536d0c462352beb48""], ""seller_locations"": [{""seller_id"": ""a1043bafd471dff536d0c462352beb48"", ""city"": ""ilicinea"", ""state"": ""MG""}], ""order_status"": ""delivered"", ""customer_state"": ""SP"", ""item_prices"": [24999, 24999, 24999]}"
77b9ceb8cf451ae51ef8327983efd9d3,af6fd41490042a993cc1d33e42e859ae,20676,1776,2017-11-01T22:26:06+00:00,open,olist,False,"{""seller_ids"": [""8ae520247981aa06bc94abddf5f46d34""], ""seller_locations"": [{""seller_id"": ""8ae520247981aa06bc94abddf5f46d34"", ""city"": ""navegantes"", ""state"": ""SC""}], ""order_status"": ""delivered"", ""customer_state"": ""MS"", ""item_prices"": [18900]}"
8826b56d45c25577190e5c91fdca2a61,9343b1983b98b641123d716978deb844,5775,1185,2017-11-01T22:27:16+00:00,open,olist,False,"{""seller_ids"": [""f8db351d8c4c4c22c6835c19a46f01b0""], ""seller_locations"": [{""seller_id"": ""f8db351d8c4c4c22c6835c19a46f01b0"", ""city"": ""salto"", ""state"": ""SP""}], ""order_status"": ""delivered"", ""customer_state"": ""SP"", ""item_prices"": [4590]}"
6113b6607a9b3dba19df73168d0923e7,43234ad7fbde5ca583237e699ecf6941,21515,1515,2017-11-01T22:38:38+00:00,open,olist,False,"{""seller_ids"": [""4371b634e0efc0e22b09b52907d9d469""], ""seller_locations"": [{""seller_id"": ""4371b634e0efc0e22b09b52907d9d469"", ""city"": ""sao paulo"", ""state"": ""SP""}], ""order_status"": ""delivered"", ""customer_state"": ""RS"", ""item_prices"": [20000]}"
0744f9056deb109779f1b309822c0d02,325c0de20cb6d263ccb0d4b4ccd0bf83,38825,1835,2017-11-01T22:42:19+00:00,open,olist,False,"{""seller_ids"": [""620c87c171fb2a6dd6e8bb4dec959fc6""], ""seller_locations"": [{""seller_id"": ""620c87c171fb2a6dd6e8bb4dec959fc6"", ""city"": ""petropolis"", ""state"": ""RJ""}], ""order_status"": ""delivered"", ""customer_state"": ""ES"", ""item_prices"": [36990]}"
b4ef3881b4bce051c6ffcacae8ff12f6,7c91d411b91063ecbf088d9835b0912c,34377,1455,2017-11-01T23:32:29+00:00,open,olist,False,"{""seller_ids"": [""53243585a1d6dc2643021fd1853d8905""], ""seller_locations"": [{""seller_id"": ""53243585a1d6dc2643021fd1853d8905"", ""city"": ""lauro de freitas"", ""state"": ""BA""}], ""order_status"": ""delivered"", ""customer_state"": ""BA"", ""item_prices"": [32922]}"
c1163af85cdf883a08dbedc7c26ad8ce,876a262de02307eaa2e7c5c07627d850,81935,2035,2017-11-01T23:33:26+00:00,open,olist,False,"{""seller_ids"": [""fa1c13f2614d7b5c4749cbc52fecda94""], ""seller_locations"": [{""seller_id"": ""fa1c13f2614d7b5c4749cbc52fecda94"", ""city"": ""sumare"", ""state"": ""SP""}], ""order_status"": ""delivered"", ""customer_state"": ""RS"", ""item_prices"": [79900]}"
e122415106f4ed9ba92695a54bca9889,da65d809b169852c1817a1939e4839a2,65415,2940,2017-11-01T23:43:51+00:00,open,olist,False,"{""seller_ids"": [""ccc4bbb5f32a6ab2b7066a4130f114e3""], ""seller_locations"": [{""seller_id"": ""ccc4bbb5f32a6ab2b7066a4130f114e3"", ""city"": ""curitiba"", ""state"": ""PR""}], ""order_status"": ""delivered"", ""customer_state"": ""PA"", ""item_prices"": [62475]}"
c09ea37d3dd207e756102d311bcdff13,15690fe754d0f93ccba74a474bf31b4b,7334,1344,2017-11-02T00:18:01+00:00,open,olist,False,"{""seller_ids"": [""1f50f920176fa81dab994f9023523100""], ""seller_locations"": [{""seller_id"": ""1f50f920176fa81dab994f9023523100"", ""city"": ""sao jose do rio preto"", ""state"": ""SP""}], ""order_status"": ""delivered"", ""customer_state"": ""SP"", ""item_prices"": [5990]}"
08a1ae3618b37c278906f99c6a97fe1d,174a20d05ce3833ac66877e7649aee57,13173,1443,2017-11-02T00:19:30+00:00,open,olist,False,"{""seller_ids"": [""8581055ce74af1daba164fdbd55a40de""], ""seller_locations"": [{""seller_id"": ""8581055ce74af1daba164fdbd55a40de"", ""city"": ""guarulhos"", ""state"": ""SP""}], ""order_status"": ""delivered"", ""customer_state"": ""SP"", ""item_prices"": [11730]}"
9c6f6c76170c49670bb21ee1eb1a87e5,2311b108adb023be56ce88c35b66ddd1,41052,4063,2017-11-02T00:31:05+00:00,open,olist,False,"{""seller_ids"": [""1d8dbc4f32378d715c717c1c1fc57bae"", ""d1c281d3ae149232351cd8c8cc885f0d""], ""seller_locations"": [{""seller_id"": ""1d8dbc4f32378d715c717c1c1fc57bae"", ""city"": ""arapongas"", ""state"": ""PR""}, {""seller_id"": ""d1c281d3ae149232351cd8c8cc885f0d"", ""city"": ""ibitinga"", ""state"": ""SP""}], ""order_status"": ""delivered"", ""customer_state"": ""SP"", ""item_prices"": [10990, 25999]}"
609891a2ed5547ff8096ccb06022a826,d20c006baf398a938c2b1fbbf9aa9c54,16571,1581,2017-11-02T00:52:37+00:00,open,olist,False,"{""seller_ids"": [""7b07b3c7487f0ea825fc6df75abd658b""], ""seller_locations"": [{""seller_id"": ""7b07b3c7487f0ea825fc6df75abd658b"", ""city"": ""sao paulo"", ""state"": ""SP""}], ""order_status"": ""delivered"", ""customer_state"": ""RJ"", ""item_prices"": [14990]}"
8a2629274a548e155cba08215435391a,944c48a5eb418eebf66fdddd731b387f,26930,3260,2017-11-02T01:31:44+00:00,open,olist,False,"{""seller_ids"": [""df56d7b40d437f88407c5f78b63bc328""], ""seller_locations"": [{""seller_id"": ""df56d7b40d437f88407c5f78b63bc328"", ""city"": ""cascavel"", ""state"": ""PR""}], ""order_status"": ""delivered"", ""customer_state"": ""SP"", ""item_prices"": [7890, 7890, 7890]}"
0cb32545f515420d9f3cba2c55ae3c4f,5d8f99c602be552d9707f3bd77c24d36,28979,3479,2017-11-02T04:26:06+00:00,open,olist,False,"{""seller_ids"": [""00ee68308b45bc5e2660cd833c3f81cc""], ""seller_locations"": [{""seller_id"": ""00ee68308b45bc5e2660cd833c3f81cc"", ""city"": ""sao paulo"", ""state"": ""SP""}], ""order_status"": ""delivered"", ""customer_state"": ""SC"", ""item_prices"": [11000, 14500]}"
398c1e801f251d4b305bb3e2e4eb2e14,4ab734257fb3a7e0ba87961169cb17e5,19463,3563,2017-11-02T05:31:25+00:00,open,olist,False,"{""seller_ids"": [""624f4ece8da4aafb77699233d480f8ef""], ""seller_locations"": [{""seller_id"": ""624f4ece8da4aafb77699233d480f8ef"", ""city"": ""sao paulo"", ""state"": ""SP""}], ""order_status"": ""delivered"", ""customer_state"": ""BA"", ""item_prices"": [15900]}"
af0e2fb7a59adcdd21cf571e4ef18ca8,b9012591f0071cffde9744468f7b4103,22869,879,2017-11-02T08:19:51+00:00,open,olist,False,"{""seller_ids"": [""0be8ff43f22e456b4e0371b2245e4d01""], ""seller_locations"": [{""seller_id"": ""0be8ff43f22e456b4e0371b2245e4d01"", ""city"": ""sao paulo"", ""state"": ""SP""}], ""order_status"": ""delivered"", ""customer_state"": ""SP"", ""item_prices"": [21990]}"
044223df7cb37509bfeb2a0df1250ca4,6c37a02a22b0afc98eef8508398a06c2,13630,2130,2017-11-02T09:19:16+00:00,open,olist,False,"{""seller_ids"": [""004c9cd9d87a3c30c522c48c4fc07416""], ""seller_locations"": [{""seller_id"": ""004c9cd9d87a3c30c522c48c4fc07416"", ""city"": ""ibitinga"", ""state"": ""SP""}], ""order_status"": ""delivered"", ""customer_state"": ""MS"", ""item_prices"": [11500]}"
a82922658c32130591989ddab7111ed6,c035cedb61d638d3e8b48521a714a86e,61769,1779,2017-11-02T09:30:52+00:00,open,olist,False,"{""seller_ids"": [""b94cc9f10ddc85e4ba73a6f7974e7101""], ""seller_locations"": [{""seller_id"": ""b94cc9f10ddc85e4ba73a6f7974e7101"", ""city"": ""macae"", ""state"": ""RJ""}], ""order_status"": ""delivered"", ""customer_state"": ""RJ"", ""item_prices"": [59990]}"
60de731b89e8c9651392a445b2813ff9,d5d5fef2e7bc65667e835cf8b7d8ee15,23355,1455,2017-11-02T09:54:37+00:00,open,olist,False,"{""seller_ids"": [""165fc07beebdcb6190fba8a06db2a449""], ""seller_locations"": [{""seller_id"": ""165fc07beebdcb6190fba8a06db2a449"", ""city"": ""maringa"", ""state"": ""PR""}], ""order_status"": ""delivered"", ""customer_state"": ""SP"", ""item_prices"": [21900]}"
c70fef01838263b8faae59464fd721a3,ed83458aeab7795e07b8b53bc983c008,36720,1820,2017-11-02T10:12:54+00:00,open,olist,False,"{""seller_ids"": [""679769a98cfcc6da877c8486ff1c13f3""], ""seller_locations"": [{""seller_id"": ""679769a98cfcc6da877c8486ff1c13f3"", ""city"": ""ipatinga"", ""state"": ""MG""}], ""order_status"": ""delivered"", ""customer_state"": ""SP"", ""item_prices"": [34900]}"
1bfa854220b28ba00aff2b4c40daf3ee,f73623e9a837ef6edaf0c0f958fd5dd3,27393,1903,2017-11-02T10:32:27+00:00,open,olist,False,"{""seller_ids"": [""8160255418d5aaa7dbdc9f4c64ebda44""], ""seller_locations"": [{""seller_id"": ""8160255418d5aaa7dbdc9f4c64ebda44"", ""city"": ""ibitinga"", ""state"": ""SP""}], ""order_status"": ""delivered"", ""customer_state"": ""ES"", ""item_prices"": [25490]}"
bcedf990f0c3bda8b094040f2f332327,4faddb71b28a095ba04a31c33d1062c8,5950,2370,2017-11-02T10:55:19+00:00,open,olist,False,"{""seller_ids"": [""002100f778ceb8431b7a1020ff7ab48f""], ""seller_locations"": [{""seller_id"": ""002100f778ceb8431b7a1020ff7ab48f"", ""city"": ""franca"", ""state"": ""SP""}], ""order_status"": ""delivered"", ""customer_state"": ""SP"", ""item_prices"": [1790, 1790]}"
b9ae09da0b039cc190c9d1cb607a4392,fc360164eb368b0eb12c1d5eb2bf5e0d,147951,4251,2017-11-02T10:58:20+00:00,open,olist,False,"{""seller_ids"": [""53243585a1d6dc2643021fd1853d8905""], ""seller_locations"": [{""seller_id"": ""53243585a1d6dc2643021fd1853d8905"", ""city"": ""lauro de freitas"", ""state"": ""BA""}], ""order_status"": ""delivered"", ""customer_state"": ""MG"", ""item_prices"": [143700]}"
2860d23a9117630b980b55b7705a38e3,974444820df2071adf9a67db0a5a29d9,5308,1510,2017-11-02T11:01:12+00:00,open,olist,False,"{""seller_ids"": [""5721089ba9214e80074f27d5a03fc0eb""], ""seller_locations"": [{""seller_id"": ""5721089ba9214e80074f27d5a03fc0eb"", ""city"": ""sao paulo"", ""state"": ""SP""}], ""order_status"": ""delivered"", ""customer_state"": ""PR"", ""item_prices"": [1899, 1899]}"
2a236d408cbbdc06f6019be47dbab042,c9c8c74d8dcfc0780d40a15dea13551b,12733,1833,2017-11-02T11:10:32+00:00,open,olist,False,"{""seller_ids"": [""a3a38f4affed601eb87a97788c949667""], ""seller_locations"": [{""seller_id"": ""a3a38f4affed601eb87a97788c949667"", ""city"": ""joinville"", ""state"": ""SC""}], ""order_status"": ""delivered"", ""customer_state"": ""MG"", ""item_prices"": [10900]}"
cb1ef5be56747ab6c5ef7271ecf4e12c,ef0d6b4370be581cc86e7c5f4dfaa608,13450,3450,2017-11-02T11:19:16+00:00,open,olist,False,"{""seller_ids"": [""abc015ebac1d283a323ca9db35ede4b9""], ""seller_locations"": [{""seller_id"": ""abc015ebac1d283a323ca9db35ede4b9"", ""city"": ""ribeirao preto"", ""state"": ""SP""}], ""order_status"": ""delivered"", ""customer_state"": ""PI"", ""item_prices"": [10000]}"
c7d39a7f0c5d83662fa4c587f21f5d82,8337b30c655f04397bf9d00091475419,3471,872,2017-11-02T11:23:14+00:00,open,olist,False,"{""seller_ids"": [""7ddcbb64b5bc1ef36ca8c151f6ec77df""], ""seller_locations"": [{""seller_id"": ""7ddcbb64b5bc1ef36ca8c151f6ec77df"", ""city"": ""sao paulo"", ""state"": ""SP""}], ""order_status"": ""delivered"", ""customer_state"": ""SP"", ""item_prices"": [2599]}"
313e3fc72246d0f98bde45c221c7bcec,7d555efc335e63f35a6ade84172d52fd,11390,1410,2017-11-02T11:25:31+00:00,open,olist,False,"{""seller_ids"": [""4c2b230173bb36f9b240f2b8ac11786e""], ""seller_locations"": [{""seller_id"": ""4c2b230173bb36f9b240f2b8ac11786e"", ""city"": ""sao paulo"", ""state"": ""SP""}], ""order_status"": ""delivered"", ""customer_state"": ""MG"", ""item_prices"": [4990, 4990]}"
ef71baaa81b69c4e549f11776ec90f97,bfb4ff02bbd5e54a6a855c1809b42acc,9856,1533,2017-11-02T11:28:20+00:00,open,olist,False,"{""seller_ids"": [""897060da8b9a21f655304d50fd935913""], ""seller_locations"": [{""seller_id"": ""897060da8b9a21f655304d50fd935913"", ""city"": ""ribeirao preto"", ""state"": ""SP""}], ""order_status"": ""delivered"", ""customer_state"": ""RJ"", ""item_prices"": [8323]}"
648a268c494bbf8c97c03ec64c2ff4d3,ea45fdfe8aaa3f81604b23a652c49fcf,13748,1768,2017-11-02T11:30:33+00:00,open,olist,False,"{""seller_ids"": [""1f50f920176fa81dab994f9023523100""], ""seller_locations"": [{""seller_id"": ""1f50f920176fa81dab994f9023523100"", ""city"": ""sao jose do rio preto"", ""state"": ""SP""}], ""order_status"": ""delivered"", ""customer_state"": ""DF"", ""item_prices"": [5990, 5990]}"
d878a5313be350f1299ab46a1bed9254,c1a6e1283669b13f25bd663ebdad7931,8889,1627,2017-11-02T11:32:57+00:00,open,olist,False,"{""seller_ids"": [""7b07b3c7487f0ea825fc6df75abd658b""], ""seller_locations"": [{""seller_id"": ""7b07b3c7487f0ea825fc6df75abd658b"", ""city"": ""sao paulo"", ""state"": ""SP""}], ""order_status"": ""delivered"", ""customer_state"": ""PR"", ""item_prices"": [7262]}"
a6ba5666a43bd5cdaf4a6b0ea268ecf4,0f6d099f1459871a9024668427f9c308,62135,2145,2017-11-02T11:36:12+00:00,open,olist,False,"{""seller_ids"": [""b94cc9f10ddc85e4ba73a6f7974e7101""], ""seller_locations"": [{""seller_id"": ""b94cc9f10ddc85e4ba73a6f7974e7101"", ""city"": ""macae"", ""state"": ""RJ""}], ""order_status"": ""delivered"", ""customer_state"": ""SP"", ""item_prices"": [59990]}"
526043f9d39d510f7a79547410cd3318,7baac76b8ecd2581992afa42a7544934,6410,1510,2017-11-02T11:45:23+00:00,open,olist,False,"{""seller_ids"": [""6560211a19b47992c3666cc44a7e94c0""], ""seller_locations"": [{""seller_id"": ""6560211a19b47992c3666cc44a7e94c0"", ""city"": ""sao paulo"", ""state"": ""SP""}], ""order_status"": ""delivered"", ""customer_state"": ""MG"", ""item_prices"": [4900]}"
cbea6b1435a20cbc8c49dfdc50479912,3c631f7224998f22c0fa884a2e04e39c,20948,5949,2017-11-02T11:58:27+00:00,open,olist,False,"{""seller_ids"": [""cac4c8e7b1ca6252d8f20b2fc1a2e4af""], ""seller_locations"": [{""seller_id"": ""cac4c8e7b1ca6252d8f20b2fc1a2e4af"", ""city"": ""indaiatuba"", ""state"": ""SP""}], ""order_status"": ""delivered"", ""customer_state"": ""RO"", ""item_prices"": [14999]}"
ccb305c5e4d5aba538319152fb92cd7f,67eaf8d467b1997da697f2626bd9a179,6520,1611,2017-11-02T11:59:55+00:00,open,olist,False,"{""seller_ids"": [""cca3071e3e9bb7d12640c9fbe2301306""], ""seller_locations"": [{""seller_id"": ""cca3071e3e9bb7d12640c9fbe2301306"", ""city"": ""ibitinga"", ""state"": ""SP""}], ""order_status"": ""delivered"", ""customer_state"": ""SC"", ""item_prices"": [4909]}"
935e2b59d8831e7e158e0a2bbf8f91c3,d41c136aac45f5b7aa28714fd05b0813,3709,1510,2017-11-02T12:00:16+00:00,open,olist,False,"{""seller_ids"": [""db4350fd57ae30082dec7acbaacc17f9""], ""seller_locations"": [{""seller_id"": ""db4350fd57ae30082dec7acbaacc17f9"", ""city"": ""sao paulo"", ""state"": ""SP""}], ""order_status"": ""delivered"", ""customer_state"": ""RS"", ""item_prices"": [2199]}"
a2170cb2f7d51530c5190dd418a448e0,72a3dba8de3d1b2d6f89946e019ad958,4110,1410,2017-11-02T12:01:26+00:00,open,olist,False,"{""seller_ids"": [""44073f8b7e41514de3b7815dd0237f4f""], ""seller_locations"": [{""seller_id"": ""44073f8b7e41514de3b7815dd0237f4f"", ""city"": ""brasilia"", ""state"": ""DF""}], ""order_status"": ""delivered"", ""customer_state"": ""MG"", ""item_prices"": [2700]}"
0b382db57a557ff7703eaba5e991e7fb,bfb1a102e6fe99d83c5e78e58370a8de,147951,4251,2017-11-02T12:04:56+00:00,open,olist,False,"{""seller_ids"": [""53243585a1d6dc2643021fd1853d8905""], ""seller_locations"": [{""seller_id"": ""53243585a1d6dc2643021fd1853d8905"", ""city"": ""lauro de freitas"", ""state"": ""BA""}], ""order_status"": ""delivered"", ""customer_state"": ""MG"", ""item_prices"": [143700]}"
f7a4e1c2017112249debd47b25a811a1,6c9c4be72fee6872d9af6242374dcb66,17758,2678,2017-11-02T12:07:58+00:00,open,olist,False,"{""seller_ids"": [""44073f8b7e41514de3b7815dd0237f4f"", ""6edacfd9f9074789dad6d62ba7950b9c""], ""seller_locations"": [{""seller_id"": ""44073f8b7e41514de3b7815dd0237f4f"", ""city"": ""brasilia"", ""state"": ""DF""}, {""seller_id"": ""6edacfd9f9074789dad6d62ba7950b9c"", ""city"": ""guarulhos"", ""state"": ""SP""}], ""order_status"": ""delivered"", ""customer_state"": ""SP"", ""item_prices"": [10990, 4090]}"
8e96b092573364fa542b5c5fb3a9d9a3,3b05dd546557d202fbbe3c502fa3c009,0,0,2017-11-02T12:17:17+00:00,cancelled,olist,False,"{""seller_ids"": [], ""seller_locations"": [], ""order_status"": ""unavailable"", ""customer_state"": ""SP"", ""item_prices"": []}"
1ee5be25d6e54e1ea3c75d3fc9ca3d6f,b61ca21a9f10b3373c257ff5a1a1ef65,24957,2157,2017-11-02T12:40:27+00:00,open,olist,False,"{""seller_ids"": [""78a4d36f65a019172c6154468831a69f""], ""seller_locations"": [{""seller_id"": ""78a4d36f65a019172c6154468831a69f"", ""city"": ""bauru"", ""state"": ""SP""}], ""order_status"": ""delivered"", ""customer_state"": ""SP"", ""item_prices"": [22800]}"
d9a34b9554a76f98e59becbf5b49a871,ef5947984bf1aad3ed84c0ad7da9f059,21639,3640,2017-11-02T13:09:35+00:00,open,olist,False,"{""seller_ids"": [""602044f2c16190c2c6e45eb35c2e21cb"", ""adbc26658d6c7b4b6219f9d934598091""], ""seller_locations"": [{""seller_id"": ""602044f2c16190c2c6e45eb35c2e21cb"", ""city"": ""ibitinga"", ""state"": ""SP""}, {""seller_id"": ""adbc26658d6c7b4b6219f9d934598091"", ""city"": ""curitiba"", ""state"": ""PR""}], ""order_status"": ""delivered"", ""customer_state"": ""ES"", ""item_prices"": [13000, 4999]}"
2794756d0dcdb379ce5fd0639e300a31,caadc9a4b4dfe30f56f399821b71c6c3,152626,2626,2017-11-02T13:11:26+00:00,open,olist,False,"{""seller_ids"": [""2bf6a2c1e71bbd29a4ad64e6d3c3629f""], ""seller_locations"": [{""seller_id"": ""2bf6a2c1e71bbd29a4ad64e6d3c3629f"", ""city"": ""nova friburgo"", ""state"": ""RJ""}], ""order_status"": ""delivered"", ""customer_state"": ""SP"", ""item_prices"": [150000]}"
41932b54e17f6ae1f4be1f8886f47883,aeb8478d4eba0ec09751b4c9341b3cac,8819,4230,2017-11-02T13:18:17+00:00,open,olist,False,"{""seller_ids"": [""2138ccb85b11a4ec1e37afbd1c8eda1f"", ""7d76b645482be4a332374e8223836592""], ""seller_locations"": [{""seller_id"": ""2138ccb85b11a4ec1e37afbd1c8eda1f"", ""city"": ""sao paulo"", ""state"": ""SP""}, {""seller_id"": ""7d76b645482be4a332374e8223836592"", ""city"": ""sao paulo"", ""state"": ""SP""}], ""order_status"": ""delivered"", ""customer_state"": ""RN"", ""item_prices"": [2590, 1999]}"
7a43bbe9766ce937332b6f9dcba36715,0029bd580d3012618731f5abb174a07f,5238,1248,2017-11-02T13:24:21+00:00,open,olist,False,"{""seller_ids"": [""b14db04aa7881970e83ffa9426897925""], ""seller_locations"": [{""seller_id"": ""b14db04aa7881970e83ffa9426897925"", ""city"": ""sorocaba"", ""state"": ""SP""}], ""order_status"": ""shipped"", ""customer_state"": ""SP"", ""item_prices"": [3990]}"
dac88f3694b76d45f308db1039604606,6bffa9e961fdb229eca8dffbd00d5ccd,16365,1666,2017-11-02T13:34:14+00:00,open,olist,False,"{""seller_ids"": [""7ddcbb64b5bc1ef36ca8c151f6ec77df""], ""seller_locations"": [{""seller_id"": ""7ddcbb64b5bc1ef36ca8c151f6ec77df"", ""city"": ""sao paulo"", ""state"": ""SP""}], ""order_status"": ""delivered"", ""customer_state"": ""SP"", ""item_prices"": [14699]}"
5a67391875062bbd3116a5c00524648c,f273c9986f56530612169a7a40dd9140,6085,1185,2017-11-02T13:35:16+00:00,open,olist,False,"{""seller_ids"": [""6560211a19b47992c3666cc44a7e94c0""], ""seller_locations"": [{""seller_id"": ""6560211a19b47992c3666cc44a7e94c0"", ""city"": ""sao paulo"", ""state"": ""SP""}], ""order_status"": ""delivered"", ""customer_state"": ""SP"", ""item_prices"": [4900]}"
bca3a93a36b625ce7fca16d1e898ff63,47fc77bc7a7c841e6b2f030aff4daf78,57958,1968,2017-11-02T13:40:38+00:00,open,olist,False,"{""seller_ids"": [""fa1c13f2614d7b5c4749cbc52fecda94""], ""seller_locations"": [{""seller_id"": ""fa1c13f2614d7b5c4749cbc52fecda94"", ""city"": ""sumare"", ""state"": ""SP""}], ""order_status"": ""delivered"", ""customer_state"": ""PR"", ""item_prices"": [55990]}"
97c8513f2504aa8ec05534307a703dea,0795aec8f109d675adec20dc0023cfe4,2768,778,2017-11-02T14:05:58+00:00,open,olist,False,"{""seller_ids"": [""7d76b645482be4a332374e8223836592""], ""seller_locations"": [{""seller_id"": ""7d76b645482be4a332374e8223836592"", ""city"": ""sao paulo"", ""state"": ""SP""}], ""order_status"": ""delivered"", ""customer_state"": ""SP"", ""item_prices"": [1990]}"
1544c3a5e5f00c3c65b8a7d5b83d7b04,96604fae6eebbe739925d9be4a948601,9336,2336,2017-11-02T14:14:52+00:00,open,olist,False,"{""seller_ids"": [""9c068d10aca38e85c50202e17b4a7e88""], ""seller_locations"": [{""seller_id"": ""9c068d10aca38e85c50202e17b4a7e88"", ""city"": ""coxim"", ""state"": ""MS""}], ""order_status"": ""delivered"", ""customer_state"": ""SP"", ""item_prices"": [7000]}"
b5a7a136bcc27a066780c0aa9b30d698,04e692485d67794983507079ece729f3,24280,1281,2017-11-02T14:15:13+00:00,open,olist,False,"{""seller_ids"": [""7a67c85e85bb2ce8582c35f2203ad736""], ""seller_locations"": [{""seller_id"": ""7a67c85e85bb2ce8582c35f2203ad736"", ""city"": ""sao paulo"", ""state"": ""SP""}], ""order_status"": ""delivered"", ""customer_state"": ""SP"", ""item_prices"": [22999]}"
555905de95610046be84df6313b3328e,b46025afbb68faa3eae275eb50eb2966,34873,1384,2017-11-02T14:15:50+00:00,open,olist,False,"{""seller_ids"": [""b33e7c55446eabf8fe1a42d037ac7d6d""], ""seller_locations"": [{""seller_id"": ""b33e7c55446eabf8fe1a42d037ac7d6d"", ""city"": ""pradopolis"", ""state"": ""SP""}], ""order_status"": ""delivered"", ""customer_state"": ""SP"", ""item_prices"": [33489]}"
30552396e65cfc4856e8520b7867414f,005f4b46e70bbd3295a38e2fd28d6566,6390,1410,2017-11-02T14:26:59+00:00,open,olist,False,"{""seller_ids"": [""d4e12e7884759a14fa0f5f896c791cae""], ""seller_locations"": [{""seller_id"": ""d4e12e7884759a14fa0f5f896c791cae"", ""city"": ""sao paulo"", ""state"": ""SP""}], ""order_status"": ""delivered"", ""customer_state"": ""RJ"", ""item_prices"": [4980]}"
be05142bba741bcf0fde07b5c9c40f48,3e32aaf1cc485f176c9f19ab91943a5f,23815,1825,2017-11-02T14:40:11+00:00,open,olist,False,"{""seller_ids"": [""da8622b14eb17ae2831f4ac5b9dab84a""], ""seller_locations"": [{""seller_id"": ""da8622b14eb17ae2831f4ac5b9dab84a"", ""city"": ""piracicaba"", ""state"": ""SP""}], ""order_status"": ""delivered"", ""customer_state"": ""SP"", ""item_prices"": [21990]}"
19bf02099b31db3f2f5d1bfb4fbf49c4,449865938212a6f6974766a5011247a8,0,0,2017-11-02T14:44:50+00:00,cancelled,olist,False,"{""seller_ids"": [], ""seller_locations"": [], ""order_status"": ""unavailable"", ""customer_state"": ""SP"", ""item_prices"": []}"
6964c3bbea3114b80d332a513c1763d4,18902585037a6ccfcc4049a182ba5293,12624,2724,2017-11-02T14:47:43+00:00,open,olist,False,"{""seller_ids"": [""3d871de0142ce09b7081e2b9d1733cb1""], ""seller_locations"": [{""seller_id"": ""3d871de0142ce09b7081e2b9d1733cb1"", ""city"": ""campo limpo paulista"", ""state"": ""SP""}], ""order_status"": ""delivered"", ""customer_state"": ""SP"", ""item_prices"": [9900]}"
0fc34e566d3273325c404c113f4a8b2a,930dfe46b364af81db0fb4828bce74c9,20507,1607,2017-11-02T14:51:11+00:00,open,olist,False,"{""seller_ids"": [""cd68562d3f44870c08922d380acae552""], ""seller_locations"": [{""seller_id"": ""cd68562d3f44870c08922d380acae552"", ""city"": ""ribeirao preto"", ""state"": ""SP""}], ""order_status"": ""delivered"", ""customer_state"": ""GO"", ""item_prices"": [18900]}"
142b64dc3a09842572df17bdca68b5f3,922c07831bcff9a602e013a99c48938e,25643,1743,2017-11-02T14:55:45+00:00,open,olist,False,"{""seller_ids"": [""cd68562d3f44870c08922d380acae552""], ""seller_locations"": [{""seller_id"": ""cd68562d3f44870c08922d380acae552"", ""city"": ""ribeirao preto"", ""state"": ""SP""}], ""order_status"": ""delivered"", ""customer_state"": ""GO"", ""item_prices"": [23900]}"
e72ba1ec61415d0cfa8ddfce38a35887,99a9dd526536f7f19971e4f754cbd729,9851,1361,2017-11-02T15:05:03+00:00,open,olist,False,"{""seller_ids"": [""7142540dd4c91e2237acb7e911c4eba2""], ""seller_locations"": [{""seller_id"": ""7142540dd4c91e2237acb7e911c4eba2"", ""city"": ""penapolis"", ""state"": ""SP""}], ""order_status"": ""delivered"", ""customer_state"": ""SP"", ""item_prices"": [8490]}"
486f425560be5cae65e5a3aa52a8dfaf,ea00209a89ce539a19fb7de4a5b8d237,17783,1783,2017-11-02T15:09:50+00:00,open,olist,False,"{""seller_ids"": [""218d46b86c1881d022bce9c68a7d4b15""], ""seller_locations"": [{""seller_id"": ""218d46b86c1881d022bce9c68a7d4b15"", ""city"": ""ribeirao preto"", ""state"": ""SP""}], ""order_status"": ""delivered"", ""customer_state"": ""SP"", ""item_prices"": [16000]}"
22c0902f5c8c0b291225dae683ea12ad,4c7664fe61ccc32a474b83773c40ce17,11444,1544,2017-11-02T15:16:33+00:00,open,olist,False,"{""seller_ids"": [""6560211a19b47992c3666cc44a7e94c0""], ""seller_locations"": [{""seller_id"": ""6560211a19b47992c3666cc44a7e94c0"", ""city"": ""sao paulo"", ""state"": ""SP""}], ""order_status"": ""delivered"", ""customer_state"": ""PR"", ""item_prices"": [9900]}"
41dc608dc9ebdb998dc9b63c57eca204,ec7f1811826ab04a27a92197bc40c888,29944,944,2017-11-02T15:17:45+00:00,open,olist,False,"{""seller_ids"": [""d05ae8f7a5bd1d2a690a44cd079e4e27""], ""seller_locations"": [{""seller_id"": ""d05ae8f7a5bd1d2a690a44cd079e4e27"", ""city"": ""rio de janeiro"", ""state"": ""RJ""}], ""order_status"": ""delivered"", ""customer_state"": ""RJ"", ""item_prices"": [29000]}"
906d4efc060eee725d73e93dc6de8eee,5806b2a3f14eb5221103741839c44284,6278,778,2017-11-02T15:21:02+00:00,open,olist,False,"{""seller_ids"": [""6560211a19b47992c3666cc44a7e94c0""], ""seller_locations"": [{""seller_id"": ""6560211a19b47992c3666cc44a7e94c0"", ""city"": ""sao paulo"", ""state"": ""SP""}], ""order_status"": ""delivered"", ""customer_state"": ""SP"", ""item_prices"": [5500]}"
9fe660037a9d47d9497e2b45f902d869,5bb8a67ac07b79525183f566a4bd4af1,6310,1410,2017-11-02T15:28:41+00:00,open,olist,False,"{""seller_ids"": [""77530e9772f57a62c906e1c21538ab82""], ""seller_locations"": [{""seller_id"": ""77530e9772f57a62c906e1c21538ab82"", ""city"": ""curitiba"", ""state"": ""PR""}], ""order_status"": ""shipped"", ""customer_state"": ""SP"", ""item_prices"": [4900]}"
68cc65e4e8c5d7c8590c6d9d7aedba0c,5cee614881d2b4cccc3378dcc933578d,3635,1185,2017-11-02T15:43:31+00:00,open,olist,False,"{""seller_ids"": [""37515688008a7a40ac93e3b2e4ab203f""], ""seller_locations"": [{""seller_id"": ""37515688008a7a40ac93e3b2e4ab203f"", ""city"": ""dracena"", ""state"": ""SP""}], ""order_status"": ""delivered"", ""customer_state"": ""SP"", ""item_prices"": [2450]}"
682332c2474e425ea23c40848faa25e2,f2b309d635229f7ff00c0ec3ca616d92,18493,1593,2017-11-02T15:43:52+00:00,open,olist,False,"{""seller_ids"": [""8ae520247981aa06bc94abddf5f46d34""], ""seller_locations"": [{""seller_id"": ""8ae520247981aa06bc94abddf5f46d34"", ""city"": ""navegantes"", ""state"": ""SC""}], ""order_status"": ""delivered"", ""customer_state"": ""SP"", ""item_prices"": [16900]}"
4fa9bcd761fc05ff16003d340c907acc,23040ee89b8e44fbb6241f46daafbe11,6410,1510,2017-11-02T15:46:42+00:00,open,olist,False,"{""seller_ids"": [""6560211a19b47992c3666cc44a7e94c0""], ""seller_locations"": [{""seller_id"": ""6560211a19b47992c3666cc44a7e94c0"", ""city"": ""sao paulo"", ""state"": ""SP""}], ""order_status"": ""delivered"", ""customer_state"": ""MG"", ""item_prices"": [4900]}"
b9db5aac3e7aaf40f7b79396800eef52,46bb69f1b7665b472b77bdeee838fbd0,89593,14613,2017-11-02T16:15:27+00:00,open,olist,False,"{""seller_ids"": [""834f3294fba9f932f56edc879193f925"", ""dd533b429f380718b70ad9922c294bae""], ""seller_locations"": [{""seller_id"": ""834f3294fba9f932f56edc879193f925"", ""city"": ""araraquara"", ""state"": ""SP""}, {""seller_id"": ""dd533b429f380718b70ad9922c294bae"", ""city"": ""barretos"", ""state"": ""SP""}], ""order_status"": ""delivered"", ""customer_state"": ""CE"", ""item_prices"": [13980, 61000]}"
97b75ddaf041b0f141f0dc8617f58661,1a6bd2815ac4d675cef027a2a2359e3d,26014,3416,2017-11-02T16:17:52+00:00,open,olist,False,"{""seller_ids"": [""7c67e1448b00f6e969d365cea6b010ab""], ""seller_locations"": [{""seller_id"": ""7c67e1448b00f6e969d365cea6b010ab"", ""city"": ""itaquaquecetuba"", ""state"": ""SP""}], ""order_status"": ""delivered"", ""customer_state"": ""RJ"", ""item_prices"": [11299, 11299]}"
3cda3b82990d9613a19bac370a7b8907,412c6ec29d51104253bcb1095dd03140,7956,1966,2017-11-02T16:25:31+00:00,open,olist,False,"{""seller_ids"": [""1f50f920176fa81dab994f9023523100""], ""seller_locations"": [{""seller_id"": ""1f50f920176fa81dab994f9023523100"", ""city"": ""sao jose do rio preto"", ""state"": ""SP""}], ""order_status"": ""delivered"", ""customer_state"": ""BA"", ""item_prices"": [5990]}"
1d80070bfe715fe0b628207297d72eaa,ce8ca2507641be0b2928a3e72b9c57ca,30598,2278,2017-11-02T16:29:37+00:00,open,olist,False,"{""seller_ids"": [""53243585a1d6dc2643021fd1853d8905""], ""seller_locations"": [{""seller_id"": ""53243585a1d6dc2643021fd1853d8905"", ""city"": ""lauro de freitas"", ""state"": ""BA""}], ""order_status"": ""delivered"", ""customer_state"": ""SP"", ""item_prices"": [28320]}"
719cb31645fb8251f1eeecfe977c16c5,2002d869f3d711ac0a55878c9258b7d9,30180,2580,2017-11-02T16:30:44+00:00,open,olist,False,"{""seller_ids"": [""ce7d1888639e6fb06b2749cbfdac1ff7""], ""seller_locations"": [{""seller_id"": ""ce7d1888639e6fb06b2749cbfdac1ff7"", ""city"": ""baependi"", ""state"": ""MG""}], ""order_status"": ""delivered"", ""customer_state"": ""RJ"", ""item_prices"": [13800, 13800]}"
ffbe8a51afd59fa93224d1c6bc987aee,fa98d9f9af1e16e0e205a601b0ccbe1f,18585,1595,2017-11-02T16:31:52+00:00,open,olist,False,"{""seller_ids"": [""de23c3b98a88888289c6f5cc1209054a""], ""seller_locations"": [{""seller_id"": ""de23c3b98a88888289c6f5cc1209054a"", ""city"": ""sao paulo"", ""state"": ""SP""}], ""order_status"": ""delivered"", ""customer_state"": ""MG"", ""item_prices"": [16990]}"
fc0f2134e9a7cffb77d02c4754c264e8,38505d03328fe209000f0bfee6709cf4,19368,3588,2017-11-02T16:41:02+00:00,open,olist,False,"{""seller_ids"": [""df56d7b40d437f88407c5f78b63bc328""], ""seller_locations"": [{""seller_id"": ""df56d7b40d437f88407c5f78b63bc328"", ""city"": ""cascavel"", ""state"": ""PR""}], ""order_status"": ""delivered"", ""customer_state"": ""GO"", ""item_prices"": [7890, 7890]}"
c4bf028d6e5a58c26a474435d7839e03,e37133c3142336f640823d5facba9b96,12109,2119,2017-11-02T16:43:01+00:00,open,olist,False,"{""seller_ids"": [""4a3ca9315b744ce9f8e9374361493884""], ""seller_locations"": [{""seller_id"": ""4a3ca9315b744ce9f8e9374361493884"", ""city"": ""ibitinga"", ""state"": ""SP""}], ""order_status"": ""delivered"", ""customer_state"": ""RJ"", ""item_prices"": [9990]}"
a10f8134732c1979eea697d926498112,8ef6a280c78d8e779d9555c828a44deb,16650,2150,2017-11-02T16:50:55+00:00,open,olist,False,"{""seller_ids"": [""4e922959ae960d389249c378d1c939f5""], ""seller_locations"": [{""seller_id"": ""4e922959ae960d389249c378d1c939f5"", ""city"": ""jacarei"", ""state"": ""SP""}], ""order_status"": ""delivered"", ""customer_state"": ""MG"", ""item_prices"": [14500]}"
6f2d341a759b59c051aa9fcbaf2dcba1,fb08e5d25419baa8f083307b5dae8db5,6777,778,2017-11-02T16:58:37+00:00,open,olist,False,"{""seller_ids"": [""43f8c9950d11ecd03a0304a49e010da6""], ""seller_locations"": [{""seller_id"": ""43f8c9950d11ecd03a0304a49e010da6"", ""city"": ""carapicuiba"", ""state"": ""SP""}], ""order_status"": ""delivered"", ""customer_state"": ""SP"", ""item_prices"": [5999]}"
a1f12bceaff1b0d9d2a457fca14d1fa1,487b4ea515b16a8a3bae87a0c487b438,5169,1269,2017-11-02T17:07:50+00:00,open,olist,False,"{""seller_ids"": [""3d871de0142ce09b7081e2b9d1733cb1""], ""seller_locations"": [{""seller_id"": ""3d871de0142ce09b7081e2b9d1733cb1"", ""city"": ""campo limpo paulista"", ""state"": ""SP""}], ""order_status"": ""delivered"", ""customer_state"": ""SP"", ""item_prices"": [3900]}"
54f781d2329c48177911be9fe3f7d7f8,80918c373706530b087468cd92a75df0,14851,1396,2017-11-02T17:11:32+00:00,open,olist,False,"{""seller_ids"": [""dc4a0fc896dc34b0d5bfec8438291c80""], ""seller_locations"": [{""seller_id"": ""dc4a0fc896dc34b0d5bfec8438291c80"", ""city"": ""ibitinga"", ""state"": ""SP""}], ""order_status"": ""delivered"", ""customer_state"": ""SP"", ""item_prices"": [13455]}"
35cac868e65687e57e8676d936e30d97,22fb6f5179c82d4ce4368c67c1705422,17127,3627,2017-11-02T17:13:23+00:00,open,olist,False,"{""seller_ids"": [""6d803cb79cc31c41c4c789a75933b3c7""], ""seller_locations"": [{""seller_id"": ""6d803cb79cc31c41c4c789a75933b3c7"", ""city"": ""sao joaquim da barra"", ""state"": ""SP""}], ""order_status"": ""delivered"", ""customer_state"": ""RN"", ""item_prices"": [13500]}"
17d1c72c26f43dbcb91705626271e2f0,d4fc20e1e64c163d80e25a900d9c26c3,20240,4260,2017-11-02T17:18:08+00:00,open,olist,False,"{""seller_ids"": [""620c87c171fb2a6dd6e8bb4dec959fc6""], ""seller_locations"": [{""seller_id"": ""620c87c171fb2a6dd6e8bb4dec959fc6"", ""city"": ""petropolis"", ""state"": ""RJ""}], ""order_status"": ""delivered"", ""customer_state"": ""PA"", ""item_prices"": [7990, 7990]}"
cfa2b603d428bb936f63a21c3f2b99a9,e3e71c3b7aa717572a4c6f4cb48fe71d,2175,1185,2017-11-02T17:23:21+00:00,open,olist,False,"{""seller_ids"": [""0adac9fbd9a2b63cccaac4f8756c1ca8""], ""seller_locations"": [{""seller_id"": ""0adac9fbd9a2b63cccaac4f8756c1ca8"", ""city"": ""louveira"", ""state"": ""SP""}], ""order_status"": ""delivered"", ""customer_state"": ""SP"", ""item_prices"": [990]}"
058a48943f3034afea88ff56b960dfdb,a6d5806c529a9c93a116468d58649ff7,6210,1510,2017-11-02T17:25:13+00:00,open,olist,False,"{""seller_ids"": [""4a3ca9315b744ce9f8e9374361493884""], ""seller_locations"": [{""seller_id"": ""4a3ca9315b744ce9f8e9374361493884"", ""city"": ""ibitinga"", ""state"": ""SP""}], ""order_status"": ""delivered"", ""customer_state"": ""SC"", ""item_prices"": [2350, 2350]}"
a4c669715198e1c9b87995ff9da64ee5,745d1fa7ffc6955390e69f1e8c80fdaf,5660,1660,2017-11-02T17:25:26+00:00,open,olist,False,"{""seller_ids"": [""cce6ab8d1682639fe45ab70234f1665f""], ""seller_locations"": [{""seller_id"": ""cce6ab8d1682639fe45ab70234f1665f"", ""city"": ""curitiba"", ""state"": ""SP""}], ""order_status"": ""delivered"", ""customer_state"": ""SP"", ""item_prices"": [4000]}"
1a8c6cac549a7eb5b432c5617fe21ff3,e3ea2c912c287a7112962ed5bd521712,6085,1185,2017-11-02T17:35:55+00:00,open,olist,False,"{""seller_ids"": [""6560211a19b47992c3666cc44a7e94c0""], ""seller_locations"": [{""seller_id"": ""6560211a19b47992c3666cc44a7e94c0"", ""city"": ""sao paulo"", ""state"": ""SP""}], ""order_status"": ""delivered"", ""customer_state"": ""SP"", ""item_prices"": [4900]}"
707b5fed9a986693aeb075d87589c4f8,f2b2fe87de8d9fa3b7dcd15e60bddc4e,16729,1730,2017-11-02T17:36:04+00:00,open,olist,False,"{""seller_ids"": [""7a67c85e85bb2ce8582c35f2203ad736""], ""seller_locations"": [{""seller_id"": ""7a67c85e85bb2ce8582c35f2203ad736"", ""city"": ""sao paulo"", ""state"": ""SP""}], ""order_status"": ""delivered"", ""customer_state"": ""PR"", ""item_prices"": [14999]}"
a72e4250533d5e3f689f91d403ae3d1f,8e35b63bc7a8d354aa8aa21612eb4bb8,4410,1510,2017-11-02T17:37:20+00:00,open,olist,False,"{""seller_ids"": [""4e922959ae960d389249c378d1c939f5""], ""seller_locations"": [{""seller_id"": ""4e922959ae960d389249c378d1c939f5"", ""city"": ""jacarei"", ""state"": ""SP""}], ""order_status"": ""delivered"", ""customer_state"": ""RJ"", ""item_prices"": [2900]}"
27f2fc5cc614685907cc6814ab7701ce,b810d85e6a77a107537de154d8ff5b01,10616,1626,2017-11-02T17:38:40+00:00,open,olist,False,"{""seller_ids"": [""4a3ca9315b744ce9f8e9374361493884""], ""seller_locations"": [{""seller_id"": ""4a3ca9315b744ce9f8e9374361493884"", ""city"": ""ibitinga"", ""state"": ""SP""}], ""order_status"": ""delivered"", ""customer_state"": ""SP"", ""item_prices"": [8990]}"
517bd49d869100558362e70c45f13dd5,ba29c41ff2fe10d13ee7b7c3ecc649fa,26535,1535,2017-11-02T17:44:04+00:00,open,olist,False,"{""seller_ids"": [""855668e0971d4dfd7bef1b6a4133b41b""], ""seller_locations"": [{""seller_id"": ""855668e0971d4dfd7bef1b6a4133b41b"", ""city"": ""itatiba"", ""state"": ""SP""}], ""order_status"": ""delivered"", ""customer_state"": ""SP"", ""item_prices"": [25000]}"
f7fffc55ac6fc572d16b18ee0ac09f11,13633f2d37d2ed79773f39acba2e5374,3635,1185,2017-11-02T17:54:20+00:00,open,olist,False,"{""seller_ids"": [""37515688008a7a40ac93e3b2e4ab203f""], ""seller_locations"": [{""seller_id"": ""37515688008a7a40ac93e3b2e4ab203f"", ""city"": ""dracena"", ""state"": ""SP""}], ""order_status"": ""delivered"", ""customer_state"": ""SP"", ""item_prices"": [2450]}"
4384f1e73716020a06569f0802ad8c38,0c4de6166473ebccc47d8d045657540e,24785,1786,2017-11-02T18:04:18+00:00,open,olist,False,"{""seller_ids"": [""46dc3b2cc0980fb8ec44634e21d2718e""], ""seller_locations"": [{""seller_id"": ""46dc3b2cc0980fb8ec44634e21d2718e"", ""city"": ""rio de janeiro"", ""state"": ""RJ""}], ""order_status"": ""delivered"", ""customer_state"": ""SP"", ""item_prices"": [22999]}"
d66296945273987f899b24ce13f32f81,1efbebfd060752700e4f64aa096396b8,6405,3415,2017-11-02T18:11:24+00:00,cancelled,olist,False,"{""seller_ids"": [""e49c26c3edfa46d227d5121a6b6e4d37""], ""seller_locations"": [{""seller_id"": ""e49c26c3edfa46d227d5121a6b6e4d37"", ""city"": ""brejao"", ""state"": ""PE""}], ""order_status"": ""canceled"", ""customer_state"": ""SP"", ""item_prices"": [2990]}"
1daac984799baadc362aa381ac57d65f,d1b21f16bbd6e71130dbb476a82274d6,10778,1788,2017-11-02T18:22:11+00:00,open,olist,False,"{""seller_ids"": [""4a3ca9315b744ce9f8e9374361493884""], ""seller_locations"": [{""seller_id"": ""4a3ca9315b744ce9f8e9374361493884"", ""city"": ""ibitinga"", ""state"": ""SP""}], ""order_status"": ""delivered"", ""customer_state"": ""ES"", ""item_prices"": [8990]}"
0b0b4cbb5b4eb45bad5bb031b56ea1e1,232e3f357bb1feb6975e76a334813259,24222,8242,2017-11-02T18:39:46+00:00,open,olist,False,"{""seller_ids"": [""cfb1a033743668a192316f3c6d1d2671""], ""seller_locations"": [{""seller_id"": ""cfb1a033743668a192316f3c6d1d2671"", ""city"": ""votorantim"", ""state"": ""SP""}], ""order_status"": ""delivered"", ""customer_state"": ""BA"", ""item_prices"": [7990, 7990]}"
f53a2d931e67099351c1cb7cbd9b5e94,fbab43d9deb62df26f3b5b52f5abf48a,3000,1510,2017-11-02T18:41:53+00:00,open,olist,False,"{""seller_ids"": [""7178f9f4dd81dcef02f62acdf8151e01""], ""seller_locations"": [{""seller_id"": ""7178f9f4dd81dcef02f62acdf8151e01"", ""city"": ""videira"", ""state"": ""SC""}], ""order_status"": ""delivered"", ""customer_state"": ""SP"", ""item_prices"": [1490]}"
5f82d80fc04ae3521ac4cdad135aa9b1,894a22f97a7bc517f8d2c0e19ace239c,9787,3797,2017-11-02T18:46:17+00:00,open,olist,False,"{""seller_ids"": [""1f50f920176fa81dab994f9023523100""], ""seller_locations"": [{""seller_id"": ""1f50f920176fa81dab994f9023523100"", ""city"": ""sao jose do rio preto"", ""state"": ""SP""}], ""order_status"": ""delivered"", ""customer_state"": ""AL"", ""item_prices"": [5990]}"
65db02d220343c553ba9181f56127c50,04e990f9e49b538e1752899ae51e1b12,5524,934,2017-11-02T18:51:35+00:00,open,olist,False,"{""seller_ids"": [""1c129092bf23f28a5930387c980c0dfc""], ""seller_locations"": [{""seller_id"": ""1c129092bf23f28a5930387c980c0dfc"", ""city"": ""sao paulo"", ""state"": ""SP""}], ""order_status"": ""delivered"", ""customer_state"": ""SP"", ""item_prices"": [4590]}"
ff65c06d9d1fcec5dfefe1dbeb606e5f,2563f4f4247f47f05a987635b3189f86,14936,3036,2017-11-02T18:53:27+00:00,open,olist,False,"{""seller_ids"": [""77530e9772f57a62c906e1c21538ab82""], ""seller_locations"": [{""seller_id"": ""77530e9772f57a62c906e1c21538ab82"", ""city"": ""curitiba"", ""state"": ""PR""}], ""order_status"": ""delivered"", ""customer_state"": ""MA"", ""item_prices"": [11900]}"
2d5fcae67cd267649c54367612ede338,e1970a4d5ae756f546f5d50b0d862588,23612,3913,2017-11-02T18:57:27+00:00,open,olist,False,"{""seller_ids"": [""7c67e1448b00f6e969d365cea6b010ab""], ""seller_locations"": [{""seller_id"": ""7c67e1448b00f6e969d365cea6b010ab"", ""city"": ""itaquaquecetuba"", ""state"": ""SP""}], ""order_status"": ""delivered"", ""customer_state"": ""SP"", ""item_prices"": [19699]}"
2fc9faf8c6b3ffe951029b8bae263bb6,31bfa97f1ea0663a50ebc5c811ebdf4d,23052,3553,2017-11-02T19:29:31+00:00,open,olist,False,"{""seller_ids"": [""7c67e1448b00f6e969d365cea6b010ab""], ""seller_locations"": [{""seller_id"": ""7c67e1448b00f6e969d365cea6b010ab"", ""city"": ""itaquaquecetuba"", ""state"": ""SP""}], ""order_status"": ""delivered"", ""customer_state"": ""SP"", ""item_prices"": [19499]}"
b4351b639f2b08615cf0af316b7fd590,26ba94dfa1455f35df98f0272823d02c,6501,1611,2017-11-02T19:39:24+00:00,open,olist,False,"{""seller_ids"": [""48436dade18ac8b2bce089ec2a041202""], ""seller_locations"": [{""seller_id"": ""48436dade18ac8b2bce089ec2a041202"", ""city"": ""volta redonda"", ""state"": ""SP""}], ""order_status"": ""delivered"", ""customer_state"": ""SP"", ""item_prices"": [4890]}"
5683975334cf0cbd77e90d11c940b257,ad26a26effb13bc10ea935a97e81d23a,6238,1248,2017-11-02T19:46:06+00:00,open,olist,False,"{""seller_ids"": [""38e679b9e0064cd94c6f035707344dae""], ""seller_locations"": [{""seller_id"": ""38e679b9e0064cd94c6f035707344dae"", ""city"": ""londrina"", ""state"": ""PR""}], ""order_status"": ""delivered"", ""customer_state"": ""SP"", ""item_prices"": [4990]}"
68350de28c940e619bfce38aa0001ef2,9cb05885262e3459811af52c1818e354,6810,811,2017-11-02T19:52:30+00:00,open,olist,False,"{""seller_ids"": [""d1b65fc7debc3361ea86b5f14c68d2e2""], ""seller_locations"": [{""seller_id"": ""d1b65fc7debc3361ea86b5f14c68d2e2"", ""city"": ""mogi guacu"", ""state"": ""SP""}], ""order_status"": ""delivered"", ""customer_state"": ""SP"", ""item_prices"": [5999]}"
a4f6c6ff0270709873e39b3fc5c2f256,2647f46ede7b96049fb3405f1f5ae263,19794,2124,2017-11-02T19:57:15+00:00,open,olist,False,"{""seller_ids"": [""813348c996469b40f2e028d5429d3495""], ""seller_locations"": [{""seller_id"": ""813348c996469b40f2e028d5429d3495"", ""city"": ""jundiai"", ""state"": ""SP""}], ""order_status"": ""delivered"", ""customer_state"": ""RS"", ""item_prices"": [5890, 5890, 5890]}"
e65718fbdfa15bbe0f31222856566e02,c41b29a1f1a375636331f2cec739bc34,9284,2885,2017-11-02T19:59:51+00:00,open,olist,False,"{""seller_ids"": [""c878515173c84a492ebe50d6b493230b""], ""seller_locations"": [{""seller_id"": ""c878515173c84a492ebe50d6b493230b"", ""city"": ""itaipulandia"", ""state"": ""PR""}], ""order_status"": ""delivered"", ""customer_state"": ""MT"", ""item_prices"": [6399]}"
9a43b717c408493ff788aeb5d11d0684,19f8fcd23ed70e29220a6a2f13ecd911,10616,1626,2017-11-02T20:28:53+00:00,open,olist,False,"{""seller_ids"": [""4a3ca9315b744ce9f8e9374361493884""], ""seller_locations"": [{""seller_id"": ""4a3ca9315b744ce9f8e9374361493884"", ""city"": ""ibitinga"", ""state"": ""SP""}], ""order_status"": ""delivered"", ""customer_state"": ""SP"", ""item_prices"": [8990]}"
f5972017f8fc7597e9a878118ca8c19a,6d3a5d0d75b907650d9d86b756b8352e,21531,11631,2017-11-02T20:58:23+00:00,open,olist,False,"{""seller_ids"": [""13074f016982ff2bd6c58ced8682f000""], ""seller_locations"": [{""seller_id"": ""13074f016982ff2bd6c58ced8682f000"", ""city"": ""bento goncalves"", ""state"": ""RS""}], ""order_status"": ""delivered"", ""customer_state"": ""ES"", ""item_prices"": [9900]}"
cba6625a547cd5ad8a968733b3e23d8d,03f36811ed7689b1b01f4ebb1dd4f145,9943,944,2017-11-02T21:14:31+00:00,open,olist,False,"{""seller_ids"": [""cc419e0650a3c5ba77189a1882b7556a""], ""seller_locations"": [{""seller_id"": ""cc419e0650a3c5ba77189a1882b7556a"", ""city"": ""santo andre"", ""state"": ""SP""}], ""order_status"": ""delivered"", ""customer_state"": ""SP"", ""item_prices"": [8999]}"
e5a8151b77b30febb4c0aec6a2f015b9,601939a99fb9b09770238774701505aa,11694,1695,2017-11-02T21:17:47+00:00,open,olist,False,"{""seller_ids"": [""7a67c85e85bb2ce8582c35f2203ad736""], ""seller_locations"": [{""seller_id"": ""7a67c85e85bb2ce8582c35f2203ad736"", ""city"": ""sao paulo"", ""state"": ""SP""}], ""order_status"": ""delivered"", ""customer_state"": ""RJ"", ""item_prices"": [9999]}"
5daa464e9f725bd3b82a90c3a33804a9,fe5cd18d036c2dff040713e83b728797,2527,827,2017-11-02T21:24:42+00:00,open,olist,False,"{""seller_ids"": [""9b013e03b2ab786505a1d3b5c0756754""], ""seller_locations"": [{""seller_id"": ""9b013e03b2ab786505a1d3b5c0756754"", ""city"": ""vicente de carvalho"", ""state"": ""SP""}], ""order_status"": ""delivered"", ""customer_state"": ""SP"", ""item_prices"": [1700]}"
f68bf4a4d690be2a9ba9402b0862ad34,6fa9a7cc1ae70cedadd47d4fe1042917,16668,1681,2017-11-02T21:32:55+00:00,open,olist,False,"{""seller_ids"": [""25c5c91f63607446a97b143d2d535d31""], ""seller_locations"": [{""seller_id"": ""25c5c91f63607446a97b143d2d535d31"", ""city"": ""itauna"", ""state"": ""MG""}], ""order_status"": ""delivered"", ""customer_state"": ""DF"", ""item_prices"": [14987]}"
59ffc24bc635a0a0f190bf021df20508,6304255f37a0e0672ad9d547304192a3,6179,1679,2017-11-02T21:39:35+00:00,open,olist,False,"{""seller_ids"": [""6560211a19b47992c3666cc44a7e94c0""], ""seller_locations"": [{""seller_id"": ""6560211a19b47992c3666cc44a7e94c0"", ""city"": ""sao paulo"", ""state"": ""SP""}], ""order_status"": ""delivered"", ""customer_state"": ""MT"", ""item_prices"": [4500]}"
437194d5acf95a095e074494db9c4183,3cc44e5e1e8a00f2de6f1dcde2896336,23634,4135,2017-11-02T21:43:51+00:00,open,olist,False,"{""seller_ids"": [""7c67e1448b00f6e969d365cea6b010ab""], ""seller_locations"": [{""seller_id"": ""7c67e1448b00f6e969d365cea6b010ab"", ""city"": ""itaquaquecetuba"", ""state"": ""SP""}], ""order_status"": ""delivered"", ""customer_state"": ""SP"", ""item_prices"": [19499]}"
75626319165f5a98618d8916fd5c6df8,f08e73cf7f4d6403ec07e52497eb01bf,7114,1415,2017-11-02T21:45:17+00:00,open,olist,False,"{""seller_ids"": [""cc419e0650a3c5ba77189a1882b7556a""], ""seller_locations"": [{""seller_id"": ""cc419e0650a3c5ba77189a1882b7556a"", ""city"": ""santo andre"", ""state"": ""SP""}], ""order_status"": ""delivered"", ""customer_state"": ""RS"", ""item_prices"": [5699]}"
3b91f4d4c8c900e3cbca45d17a5c2cfb,f13d5dea2335435fe7c9b8a1901c1d1e,8673,1773,2017-11-02T21:48:41+00:00,open,olist,False,"{""seller_ids"": [""53e4c6e0f4312d4d2107a8c9cddf45cd""], ""seller_locations"": [{""seller_id"": ""53e4c6e0f4312d4d2107a8c9cddf45cd"", ""city"": ""pedreira"", ""state"": ""SP""}], ""order_status"": ""delivered"", ""customer_state"": ""MG"", ""item_prices"": [6900]}"
4c3898f5e7ca29c2fe30781d80f88857,ca1c7b496a7a43fff06ce5004a13be11,61860,1895,2017-11-02T21:51:51+00:00,open,olist,False,"{""seller_ids"": [""edb1ef5e36e0c8cd84eb3c9b003e486d""], ""seller_locations"": [{""seller_id"": ""edb1ef5e36e0c8cd84eb3c9b003e486d"", ""city"": ""teresopolis"", ""state"": ""RJ""}], ""order_status"": ""delivered"", ""customer_state"": ""SP"", ""item_prices"": [59965]}"
a58702c3d5801746f53c535039460c60,8b3cba4fdea0b36401a5e0783a0178b8,7214,1515,2017-11-02T21:53:59+00:00,open,olist,False,"{""seller_ids"": [""cc419e0650a3c5ba77189a1882b7556a""], ""seller_locations"": [{""seller_id"": ""cc419e0650a3c5ba77189a1882b7556a"", ""city"": ""santo andre"", ""state"": ""SP""}], ""order_status"": ""delivered"", ""customer_state"": ""MG"", ""item_prices"": [5699]}"
341fde35809d4cdae709b875a0040b23,af3b088cc032929684c5b18cefc67327,19638,3648,2017-11-02T22:01:56+00:00,open,olist,False,"{""seller_ids"": [""c3cfdc648177fdbbbb35635a37472c53""], ""seller_locations"": [{""seller_id"": ""c3cfdc648177fdbbbb35635a37472c53"", ""city"": ""curitiba"", ""state"": ""PR""}], ""order_status"": ""delivered"", ""customer_state"": ""PE"", ""item_prices"": [15990]}"
51a5a1d89c87180cafd033debbc60f31,814ea47c5ea63f6232386e8696b42252,9292,1612,2017-11-02T22:14:17+00:00,open,olist,False,"{""seller_ids"": [""1025f0e2d44d7041d6cf58b6550e0bfa""], ""seller_locations"": [{""seller_id"": ""1025f0e2d44d7041d6cf58b6550e0bfa"", ""city"": ""sao paulo"", ""state"": ""SP""}], ""order_status"": ""delivered"", ""customer_state"": ""RJ"", ""item_prices"": [3840, 3840]}"
0e0a83454e13440c604b4206420d2a3e,ad45f980fbeb063f41cbbf20bc3e8399,18695,3206,2017-11-02T22:21:29+00:00,open,olist,False,"{""seller_ids"": [""dbc22125167c298ef99da25668e1011f"", ""f45122a9ab94eb4f3f8953578bc0c560""], ""seller_locations"": [{""seller_id"": ""dbc22125167c298ef99da25668e1011f"", ""city"": ""borda da mata"", ""state"": ""MG""}, {""seller_id"": ""f45122a9ab94eb4f3f8953578bc0c560"", ""city"": ""piracicaba"", ""state"": ""SP""}], ""order_status"": ""delivered"", ""customer_state"": ""MG"", ""item_prices"": [8490, 6999]}"
19d3484384a0e1eef23357b8c193bd86,622f869865eac935f83c91cbae73c8d8,0,0,2017-11-02T22:33:01+00:00,cancelled,olist,False,"{""seller_ids"": [], ""seller_locations"": [], ""order_status"": ""unavailable"", ""customer_state"": ""SP"", ""item_prices"": []}"
c2038cc607e5462400ad6606b091ceca,4e2270e45010f34f7308e7fd0ba18b48,9704,3424,2017-11-02T22:41:18+00:00,open,olist,False,"{""seller_ids"": [""aae3bfea055532c57fb453ed3ec80b30""], ""seller_locations"": [{""seller_id"": ""aae3bfea055532c57fb453ed3ec80b30"", ""city"": ""santo andre"", ""state"": ""SP""}], ""order_status"": ""delivered"", ""customer_state"": ""PB"", ""item_prices"": [6280]}"
92d956a077a254413755349e0efd0ed7,53b2aa3aafb865f1c2c681804b8eb3b9,7334,1344,2017-11-02T22:46:35+00:00,open,olist,False,"{""seller_ids"": [""1f50f920176fa81dab994f9023523100""], ""seller_locations"": [{""seller_id"": ""1f50f920176fa81dab994f9023523100"", ""city"": ""sao jose do rio preto"", ""state"": ""SP""}], ""order_status"": ""delivered"", ""customer_state"": ""SP"", ""item_prices"": [5990]}"
424c7f648ec1a188ab3f51a67cbd2e12,8bd209813497e7fc9ff84d0922094dd2,16820,1830,2017-11-02T22:46:46+00:00,open,olist,False,"{""seller_ids"": [""da8622b14eb17ae2831f4ac5b9dab84a""], ""seller_locations"": [{""seller_id"": ""da8622b14eb17ae2831f4ac5b9dab84a"", ""city"": ""piracicaba"", ""state"": ""SP""}], ""order_status"": ""delivered"", ""customer_state"": ""RS"", ""item_prices"": [14990]}"
aeda6c61bef46638c41d68216431979b,54688ac015c0e130a8e00a28cc34ff92,9518,3020,2017-11-02T22:49:47+00:00,open,olist,False,"{""seller_ids"": [""1835b56ce799e6a4dc4eddc053f04066""], ""seller_locations"": [{""seller_id"": ""1835b56ce799e6a4dc4eddc053f04066"", ""city"": ""ibitinga"", ""state"": ""SP""}], ""order_status"": ""delivered"", ""customer_state"": ""RJ"", ""item_prices"": [3499, 2999]}"
3675bad64212bdf96c5062ea051384e1,810ba763835fb927c87eaa0a750b5ca3,54196,5596,2017-11-02T22:59:31+00:00,open,olist,False,"{""seller_ids"": [""edf96ef93ed595084bbcbd9224bd2894""], ""seller_locations"": [{""seller_id"": ""edf96ef93ed595084bbcbd9224bd2894"", ""city"": ""sao paulo"", ""state"": ""SP""}], ""order_status"": ""delivered"", ""customer_state"": ""CE"", ""item_prices"": [24300, 24300]}"
178a419a329f2b4bf50a68f7357f8fce,8d3266319640415bd80cda87f8dd1990,3960,1510,2017-11-02T23:06:11+00:00,open,olist,False,"{""seller_ids"": [""37515688008a7a40ac93e3b2e4ab203f""], ""seller_locations"": [{""seller_id"": ""37515688008a7a40ac93e3b2e4ab203f"", ""city"": ""dracena"", ""state"": ""SP""}], ""order_status"": ""delivered"", ""customer_state"": ""DF"", ""item_prices"": [2450]}"
3e3109370f4c0f7b7f69cfc0098b89c3,8e253860d9874c345bfe9075eaa1d460,19638,3648,2017-11-02T23:07:48+00:00,open,olist,False,"{""seller_ids"": [""c3cfdc648177fdbbbb35635a37472c53""], ""seller_locations"": [{""seller_id"": ""c3cfdc648177fdbbbb35635a37472c53"", ""city"": ""curitiba"", ""state"": ""PR""}], ""order_status"": ""delivered"", ""customer_state"": ""PE"", ""item_prices"": [15990]}"
38b584be7174802377777bcd60e7a459,4eb6fcfd481ef3c2ab3afba135ef4bcc,7778,778,2017-11-02T23:12:48+00:00,cancelled,olist,False,"{""seller_ids"": [""5160d23075764e18e07c1f4a87fad743""], ""seller_locations"": [{""seller_id"": ""5160d23075764e18e07c1f4a87fad743"", ""city"": ""sao bernardo do campo"", ""state"": ""SP""}], ""order_status"": ""canceled"", ""customer_state"": ""SP"", ""item_prices"": [7000]}"
70d6a585155b39ed84fc4cab834764ee,592d090bb075fa8fb9d6aa816a3ed86d,16741,2387,2017-11-02T23:23:49+00:00,open,olist,False,"{""seller_ids"": [""cca3071e3e9bb7d12640c9fbe2301306""], ""seller_locations"": [{""seller_id"": ""cca3071e3e9bb7d12640c9fbe2301306"", ""city"": ""ibitinga"", ""state"": ""SP""}], ""order_status"": ""delivered"", ""customer_state"": ""BA"", ""item_prices"": [14354]}"
c765682ebe69c1034eba583189350fa7,51a84d5d858e6d3d5585663267a9ac08,6200,1410,2017-11-02T23:24:09+00:00,open,olist,False,"{""seller_ids"": [""05f51e13da97139648b8125c31e5f51b""], ""seller_locations"": [{""seller_id"": ""05f51e13da97139648b8125c31e5f51b"", ""city"": ""belo horizonte"", ""state"": ""MG""}], ""order_status"": ""delivered"", ""customer_state"": ""SP"", ""item_prices"": [4790]}"
2239463fae220242bce349a6cffd6fc3,d8a74baa7029318b3192a2fa3a775660,23531,1975,2017-11-02T23:28:12+00:00,open,olist,False,"{""seller_ids"": [""a3dd39f583bc80bd8c5901c95878921e""], ""seller_locations"": [{""seller_id"": ""a3dd39f583bc80bd8c5901c95878921e"", ""city"": ""salvador"", ""state"": ""BA""}], ""order_status"": ""delivered"", ""customer_state"": ""PE"", ""item_prices"": [21556]}"
c25a13eced69c57fc779116bea316865,ac09ed646d92eb26c2fb2365f45e672c,7757,1767,2017-11-03T00:01:36+00:00,open,olist,False,"{""seller_ids"": [""1f50f920176fa81dab994f9023523100""], ""seller_locations"": [{""seller_id"": ""1f50f920176fa81dab994f9023523100"", ""city"": ""sao jose do rio preto"", ""state"": ""SP""}], ""order_status"": ""delivered"", ""customer_state"": ""MG"", ""item_prices"": [5990]}"
94c753ff371f05e68a157809f9cda46d,96149645eced5018eb9dfaa8c6d1f69b,3669,1679,2017-11-03T00:15:22+00:00,open,olist,False,"{""seller_ids"": [""7040e82f899a04d1b434b795a43b4617""], ""seller_locations"": [{""seller_id"": ""7040e82f899a04d1b434b795a43b4617"", ""city"": ""sao paulo"", ""state"": ""SP""}], ""order_status"": ""delivered"", ""customer_state"": ""BA"", ""item_prices"": [1990]}"
f06059b8f4dc49c4f76378b7715a63b0,de34b16117594161a6a89c50b289d35a,58800,29400,2017-11-03T00:16:32+00:00,open,olist,False,"{""seller_ids"": [""2a7dc43cecabf23403078e2188437d1d""], ""seller_locations"": [{""seller_id"": ""2a7dc43cecabf23403078e2188437d1d"", ""city"": ""sao paulo"", ""state"": ""SP""}], ""order_status"": ""delivered"", ""customer_state"": ""SP"", ""item_prices"": [29400]}"
ab86581e77285de292e93cb8d740c088,af8b2d09c4aa3036566914760882f8b7,19037,4038,2017-11-03T00:18:41+00:00,open,olist,False,"{""seller_ids"": [""a1043bafd471dff536d0c462352beb48""], ""seller_locations"": [{""seller_id"": ""a1043bafd471dff536d0c462352beb48"", ""city"": ""ilicinea"", ""state"": ""MG""}], ""order_status"": ""delivered"", ""customer_state"": ""RJ"", ""item_prices"": [14999]}"
ae4db4c8bea553ad40e0d84be24d635b,189849d663c69ae10f7e25250b973186,18493,1593,2017-11-03T00:28:20+00:00,open,olist,False,"{""seller_ids"": [""4d6d651bd7684af3fffabd5f08d12e5a""], ""seller_locations"": [{""seller_id"": ""4d6d651bd7684af3fffabd5f08d12e5a"", ""city"": ""jau"", ""state"": ""SP""}], ""order_status"": ""delivered"", ""customer_state"": ""PR"", ""item_prices"": [16900]}"
584a896de682422488ff4912dc6b0016,7db23b7aa0bd494f71db93ad8e9c9646,18155,3855,2017-11-03T00:39:08+00:00,open,olist,False,"{""seller_ids"": [""2dee2ce60de9709b1a24083217181a1f""], ""seller_locations"": [{""seller_id"": ""2dee2ce60de9709b1a24083217181a1f"", ""city"": ""sinop"", ""state"": ""MT""}], ""order_status"": ""delivered"", ""customer_state"": ""MA"", ""item_prices"": [14300]}"
bc22d1005019c231fda1873c3fc71fc8,19bedfc18c92d4e7eb6ba318a6c2033c,100798,2818,2017-11-03T00:44:46+00:00,open,olist,False,"{""seller_ids"": [""d32e3909cfb714fb2a6cb092c85b9c5f""], ""seller_locations"": [{""seller_id"": ""d32e3909cfb714fb2a6cb092c85b9c5f"", ""city"": ""jundiai"", ""state"": ""SP""}], ""order_status"": ""delivered"", ""customer_state"": ""RJ"", ""item_prices"": [48990, 48990]}"
8ef12780aa1f3903b1d9ab621f69abfb,3ea35d016eb96bbfede151b359b8da8e,42952,5592,2017-11-03T01:59:42+00:00,open,olist,False,"{""seller_ids"": [""8581055ce74af1daba164fdbd55a40de""], ""seller_locations"": [{""seller_id"": ""8581055ce74af1daba164fdbd55a40de"", ""city"": ""guarulhos"", ""state"": ""SP""}], ""order_status"": ""delivered"", ""customer_state"": ""PE"", ""item_prices"": [11730, 13900, 11730]}"
6da2f53b79a45c8701e66f227cea7955,52e6877c9c3053d30e44ae424ee6fd6d,5405,3415,2017-11-03T02:43:08+00:00,open,olist,False,"{""seller_ids"": [""e8f6dc8e6a1dcde89d20e3995c8d90b3""], ""seller_locations"": [{""seller_id"": ""e8f6dc8e6a1dcde89d20e3995c8d90b3"", ""city"": ""sao paulo"", ""state"": ""SP""}], ""order_status"": ""delivered"", ""customer_state"": ""RO"", ""item_prices"": [1990]}"
79aa91e33030a170c2baf3c856d3bfdc,6ccbb05bf38d868e2a997d0dcf1c32ad,10699,2109,2017-11-03T03:03:15+00:00,open,olist,False,"{""seller_ids"": [""1a3df491d1c4f1589fc2b934ada68bf2""], ""seller_locations"": [{""seller_id"": ""1a3df491d1c4f1589fc2b934ada68bf2"", ""city"": ""joinville"", ""state"": ""SC""}], ""order_status"": ""delivered"", ""customer_state"": ""SP"", ""item_prices"": [8590]}"
2705b0c3085b59e58a22b5bed23ea614,5657596addb4d7b07b32cd330614bdf8,18926,2927,2017-11-03T04:20:05+00:00,open,olist,False,"{""seller_ids"": [""ad781527c93d00d89a11eecd9dcad7c1""], ""seller_locations"": [{""seller_id"": ""ad781527c93d00d89a11eecd9dcad7c1"", ""city"": ""sao jose do rio preto"", ""state"": ""SP""}], ""order_status"": ""delivered"", ""customer_state"": ""SP"", ""item_prices"": [15999]}"
1e651744aa0ad243b5410f7f24cfc4e9,57decc4615bafc47183a474e8ccec7ed,13313,813,2017-11-03T07:37:59+00:00,open,olist,False,"{""seller_ids"": [""6560211a19b47992c3666cc44a7e94c0""], ""seller_locations"": [{""seller_id"": ""6560211a19b47992c3666cc44a7e94c0"", ""city"": ""sao paulo"", ""state"": ""SP""}], ""order_status"": ""delivered"", ""customer_state"": ""SP"", ""item_prices"": [12500]}"
edc2a37b6c40c6ac0a792e46cf248848,f81dab4af5a125ab52c4e530ee748493,62135,2145,2017-11-03T07:58:39+00:00,open,olist,False,"{""seller_ids"": [""b94cc9f10ddc85e4ba73a6f7974e7101""], ""seller_locations"": [{""seller_id"": ""b94cc9f10ddc85e4ba73a6f7974e7101"", ""city"": ""macae"", ""state"": ""RJ""}], ""order_status"": ""delivered"", ""customer_state"": ""SP"", ""item_prices"": [59990]}"
544df729b9f6aab28aac429b38ed7b0b,43a8a00e071b8d2962fc44a682ed3d4e,34789,1799,2017-11-03T07:59:12+00:00,open,olist,False,"{""seller_ids"": [""218d46b86c1881d022bce9c68a7d4b15""], ""seller_locations"": [{""seller_id"": ""218d46b86c1881d022bce9c68a7d4b15"", ""city"": ""ribeirao preto"", ""state"": ""SP""}], ""order_status"": ""delivered"", ""customer_state"": ""SP"", ""item_prices"": [32990]}"
f022f31048c98ee478576cd828def68b,708284053fdf21f67758dcc2dcce5cb9,3850,1510,2017-11-03T08:37:03+00:00,open,olist,False,"{""seller_ids"": [""615005a3ef192c00c6f0e977cee3d2bc""], ""seller_locations"": [{""seller_id"": ""615005a3ef192c00c6f0e977cee3d2bc"", ""city"": ""itu"", ""state"": ""SP""}], ""order_status"": ""delivered"", ""customer_state"": ""MG"", ""item_prices"": [2340]}"
b0b558b3576d4787a37f77a5250ff717,aa42f160789bc9114cd54d26566b95dc,16680,1581,2017-11-03T08:43:08+00:00,open,olist,False,"{""seller_ids"": [""05f51e13da97139648b8125c31e5f51b""], ""seller_locations"": [{""seller_id"": ""05f51e13da97139648b8125c31e5f51b"", ""city"": ""belo horizonte"", ""state"": ""MG""}], ""order_status"": ""delivered"", ""customer_state"": ""RJ"", ""item_prices"": [15099]}"
d568698e0ce60cca292f739e9a60e8d0,b0d38d8b148c01bf1722a2f706b00d8d,21159,4359,2017-11-03T08:44:37+00:00,open,olist,False,"{""seller_ids"": [""0adac9fbd9a2b63cccaac4f8756c1ca8""], ""seller_locations"": [{""seller_id"": ""0adac9fbd9a2b63cccaac4f8756c1ca8"", ""city"": ""louveira"", ""state"": ""SP""}], ""order_status"": ""delivered"", ""customer_state"": ""RN"", ""item_prices"": [16800]}"
c895733b4c132c39372f228b48f4ee8c,097c0318a14019eb5fb6de2b84834835,8696,2696,2017-11-03T08:48:02+00:00,open,olist,False,"{""seller_ids"": [""54965bbe3e4f07ae045b90b0b8541f52""], ""seller_locations"": [{""seller_id"": ""54965bbe3e4f07ae045b90b0b8541f52"", ""city"": ""foz do iguacu"", ""state"": ""PR""}], ""order_status"": ""delivered"", ""customer_state"": ""MT"", ""item_prices"": [6000]}"
d8253682886103126c169f93e8b46349,cf559d0aa778151726948fd3f6744031,11102,2112,2017-11-03T09:02:50+00:00,open,olist,False,"{""seller_ids"": [""4a3ca9315b744ce9f8e9374361493884""], ""seller_locations"": [{""seller_id"": ""4a3ca9315b744ce9f8e9374361493884"", ""city"": ""ibitinga"", ""state"": ""SP""}], ""order_status"": ""delivered"", ""customer_state"": ""MG"", ""item_prices"": [8990]}"
92744b8bd0b36fe5d9b3ea74a6edf994,3219cc23b3383c61bec7205aa614e778,13324,1344,2017-11-03T09:18:15+00:00,open,olist,False,"{""seller_ids"": [""1f50f920176fa81dab994f9023523100""], ""seller_locations"": [{""seller_id"": ""1f50f920176fa81dab994f9023523100"", ""city"": ""sao jose do rio preto"", ""state"": ""SP""}], ""order_status"": ""delivered"", ""customer_state"": ""SP"", ""item_prices"": [5990, 5990]}"
ee7e0b3ff2c214d195f4dc6f9ae0d060,1e3a18d52c7ff0af7a6f8ff80bafc907,13559,1559,2017-11-03T09:26:13+00:00,open,olist,False,"{""seller_ids"": [""4e922959ae960d389249c378d1c939f5""], ""seller_locations"": [{""seller_id"": ""4e922959ae960d389249c378d1c939f5"", ""city"": ""jacarei"", ""state"": ""SP""}], ""order_status"": ""delivered"", ""customer_state"": ""RS"", ""item_prices"": [12000]}"
5282c7d82b95766f51be346c8fd9bcc6,550b7832d4792e6f83c735212d89893f,3269,1679,2017-11-03T09:28:57+00:00,open,olist,False,"{""seller_ids"": [""cfb1a033743668a192316f3c6d1d2671""], ""seller_locations"": [{""seller_id"": ""cfb1a033743668a192316f3c6d1d2671"", ""city"": ""votorantim"", ""state"": ""SP""}], ""order_status"": ""delivered"", ""customer_state"": ""BA"", ""item_prices"": [1590]}"
2f99eb7c20846f2cfab5cf7c257370ab,58703c8104494f333026acd373ca9027,19344,5164,2017-11-03T09:40:30+00:00,open,olist,False,"{""seller_ids"": [""093805f8f2aeb63881444571e1f48f30""], ""seller_locations"": [{""seller_id"": ""093805f8f2aeb63881444571e1f48f30"", ""city"": ""osasco"", ""state"": ""SP""}], ""order_status"": ""delivered"", ""customer_state"": ""MT"", ""item_prices"": [3990, 3040, 7150]}"
2887e340dedffaaf9e4f86c762b2a788,d468040bda183009e4ec5a3efb6350ae,6337,1337,2017-11-03T09:41:04+00:00,open,olist,False,"{""seller_ids"": [""855668e0971d4dfd7bef1b6a4133b41b""], ""seller_locations"": [{""seller_id"": ""855668e0971d4dfd7bef1b6a4133b41b"", ""city"": ""itatiba"", ""state"": ""SP""}], ""order_status"": ""delivered"", ""customer_state"": ""SP"", ""item_prices"": [5000]}"
07884a0d48bbdae5f9a1d8582b57e09b,0cda5b1f319966523ff6f30f42fdab81,4509,1510,2017-11-03T09:49:14+00:00,open,olist,False,"{""seller_ids"": [""ea8482cd71df3c1969d7b9473ff13abc""], ""seller_locations"": [{""seller_id"": ""ea8482cd71df3c1969d7b9473ff13abc"", ""city"": ""sao paulo"", ""state"": ""SP""}], ""order_status"": ""delivered"", ""customer_state"": ""PR"", ""item_prices"": [2999]}"
d573cf2d2bd145e4bc855132a6c815af,17fdbc7bf5923361a92c5630bdd80cd6,96234,2640,2017-11-03T09:55:35+00:00,open,olist,False,"{""seller_ids"": [""cfa5ab0e4d3fc212fd0b3410e7081c62""], ""seller_locations"": [{""seller_id"": ""cfa5ab0e4d3fc212fd0b3410e7081c62"", ""city"": ""uba"", ""state"": ""MG""}], ""order_status"": ""delivered"", ""customer_state"": ""MT"", ""item_prices"": [15599, 15599, 15599, 15599, 15599, 15599]}"
c55c2cba4bd6069c80c2531fe9a9188a,1d973c98166abefe7b2601c3d959c0c5,15970,1776,2017-11-03T09:55:46+00:00,open,olist,False,"{""seller_ids"": [""7aa4334be125fcdd2ba64b3180029f14""], ""seller_locations"": [{""seller_id"": ""7aa4334be125fcdd2ba64b3180029f14"", ""city"": ""laranjal paulista"", ""state"": ""SP""}], ""order_status"": ""delivered"", ""customer_state"": ""RJ"", ""item_prices"": [7097, 7097]}"
6e90d9d1208b1fd1a03e262aa7d54115,7bfa212c3943753ed8307180edd5fe89,6702,1612,2017-11-03T10:22:00+00:00,open,olist,False,"{""seller_ids"": [""cca3071e3e9bb7d12640c9fbe2301306""], ""seller_locations"": [{""seller_id"": ""cca3071e3e9bb7d12640c9fbe2301306"", ""city"": ""ibitinga"", ""state"": ""SP""}], ""order_status"": ""delivered"", ""customer_state"": ""MG"", ""item_prices"": [5090]}"
67773c483666d5120da1ff6188d8a00a,9bf81d9e8483c962fbf97dc079976645,4400,1410,2017-11-03T10:22:11+00:00,open,olist,False,"{""seller_ids"": [""827f8f69dfa529c561901c4f2e0f332f""], ""seller_locations"": [{""seller_id"": ""827f8f69dfa529c561901c4f2e0f332f"", ""city"": ""curitiba"", ""state"": ""PR""}], ""order_status"": ""delivered"", ""customer_state"": ""SP"", ""item_prices"": [2990]}"
bce2a9ffe2e596e54d92ad2a47a10a36,ec9d1e3858c98ea5532e280fd248dad6,10619,1719,2017-11-03T10:26:21+00:00,open,olist,False,"{""seller_ids"": [""6560211a19b47992c3666cc44a7e94c0""], ""seller_locations"": [{""seller_id"": ""6560211a19b47992c3666cc44a7e94c0"", ""city"": ""sao paulo"", ""state"": ""SP""}], ""order_status"": ""delivered"", ""customer_state"": ""BA"", ""item_prices"": [8900]}"
41baff5b293e1068640c4fd004b40972,72e9f4ec806a2086770e42e156c0e5cc,19957,4958,2017-11-03T10:27:36+00:00,open,olist,False,"{""seller_ids"": [""7c67e1448b00f6e969d365cea6b010ab""], ""seller_locations"": [{""seller_id"": ""7c67e1448b00f6e969d365cea6b010ab"", ""city"": ""itaquaquecetuba"", ""state"": ""SP""}], ""order_status"": ""delivered"", ""customer_state"": ""MG"", ""item_prices"": [14999]}"
9115302ab0ba4c1f3499709b47bd00a1,3b2ae38156cf022ebdaf8a4ead16d30a,7210,1410,2017-11-03T10:57:36+00:00,open,olist,False,"{""seller_ids"": [""6560211a19b47992c3666cc44a7e94c0""], ""seller_locations"": [{""seller_id"": ""6560211a19b47992c3666cc44a7e94c0"", ""city"": ""sao paulo"", ""state"": ""SP""}], ""order_status"": ""delivered"", ""customer_state"": ""ES"", ""item_prices"": [2900, 2900]}"
6de64652050e3690c7bcc8ad746b90df,9704398cbe84e5bff3a4f84534d401b5,6260,1760,2017-11-03T10:58:53+00:00,open,olist,False,"{""seller_ids"": [""c1ed9e3daf6154542826a6996af0fb8c""], ""seller_locations"": [{""seller_id"": ""c1ed9e3daf6154542826a6996af0fb8c"", ""city"": ""itajai"", ""state"": ""SC""}], ""order_status"": ""delivered"", ""customer_state"": ""SP"", ""item_prices"": [4500]}"
1de7a41d382a9ece0e658ffd116ac72e,78b6b73e92dfd09cd7bc1d5a6d46f094,3277,778,2017-11-03T11:06:34+00:00,open,olist,False,"{""seller_ids"": [""ea8482cd71df3c1969d7b9473ff13abc""], ""seller_locations"": [{""seller_id"": ""ea8482cd71df3c1969d7b9473ff13abc"", ""city"": ""sao paulo"", ""state"": ""SP""}], ""order_status"": ""delivered"", ""customer_state"": ""SP"", ""item_prices"": [2499]}"
5dbbced030c8556f919a3b392a589b7e,faa9b3f294b9363727a76d0f75781b14,10238,1848,2017-11-03T11:10:16+00:00,open,olist,False,"{""seller_ids"": [""8a207b6080964f3c1fc9d35bd6096ba4""], ""seller_locations"": [{""seller_id"": ""8a207b6080964f3c1fc9d35bd6096ba4"", ""city"": ""jaci"", ""state"": ""SP""}], ""order_status"": ""delivered"", ""customer_state"": ""SP"", ""item_prices"": [8390]}"
6b8c07c310d8c6a39e79ed3d38e6578f,c1cf3e4c1de440972c612714a45b3f26,64754,3754,2017-11-03T11:19:21+00:00,open,olist,False,"{""seller_ids"": [""834f3294fba9f932f56edc879193f925""], ""seller_locations"": [{""seller_id"": ""834f3294fba9f932f56edc879193f925"", ""city"": ""araraquara"", ""state"": ""SP""}], ""order_status"": ""delivered"", ""customer_state"": ""SP"", ""item_prices"": [61000]}"
f03bbe221b9e5bae09eccab6a0c4120e,b96336694477939c9d102438f0c7c9d7,12633,1833,2017-11-03T11:24:36+00:00,open,olist,False,"{""seller_ids"": [""2dee2ce60de9709b1a24083217181a1f""], ""seller_locations"": [{""seller_id"": ""2dee2ce60de9709b1a24083217181a1f"", ""city"": ""sinop"", ""state"": ""MT""}], ""order_status"": ""delivered"", ""customer_state"": ""DF"", ""item_prices"": [10800]}"
42b3efddacc3779b9fc72dcdb430e00a,1f51547a6dd337a2f865dab288c851a2,63250,3260,2017-11-03T11:25:16+00:00,open,olist,False,"{""seller_ids"": [""b94cc9f10ddc85e4ba73a6f7974e7101""], ""seller_locations"": [{""seller_id"": ""b94cc9f10ddc85e4ba73a6f7974e7101"", ""city"": ""macae"", ""state"": ""RJ""}], ""order_status"": ""delivered"", ""customer_state"": ""BA"", ""item_prices"": [59990]}"
bb2e64c3040ceb9b7ca2bfc602adca08,45677f94e9a07652cc2eb351dd542476,25736,936,2017-11-03T11:29:00+00:00,open,olist,False,"{""seller_ids"": [""00ee68308b45bc5e2660cd833c3f81cc""], ""seller_locations"": [{""seller_id"": ""00ee68308b45bc5e2660cd833c3f81cc"", ""city"": ""sao paulo"", ""state"": ""SP""}], ""order_status"": ""delivered"", ""customer_state"": ""SP"", ""item_prices"": [6200, 6200, 6200, 6200]}"
ec451fb3a1ee5782fef4937473a9ffac,04c30572288c174afe55fdf8cebce643,27970,1070,2017-11-03T11:36:16+00:00,open,olist,False,"{""seller_ids"": [""96493fab2fbb13a14d0c0e8772eef5c3""], ""seller_locations"": [{""seller_id"": ""96493fab2fbb13a14d0c0e8772eef5c3"", ""city"": ""sao paulo"", ""state"": ""SP""}], ""order_status"": ""delivered"", ""customer_state"": ""SP"", ""item_prices"": [26900]}"
c88fd0ebff880ffd57fe7f6528f8dc6d,fcae8ac17ca0c72c867a7a4c0c818305,26689,2027,2017-11-03T11:43:16+00:00,open,olist,False,"{""seller_ids"": [""53243585a1d6dc2643021fd1853d8905""], ""seller_locations"": [{""seller_id"": ""53243585a1d6dc2643021fd1853d8905"", ""city"": ""lauro de freitas"", ""state"": ""BA""}], ""order_status"": ""delivered"", ""customer_state"": ""CE"", ""item_prices"": [24662]}"
870aa2bc7aa8da08f2c330db4a88c509,4341721b8bea3da055c22347ebdea02b,2985,1185,2017-11-03T11:55:35+00:00,open,olist,False,"{""seller_ids"": [""4a3ccda38b2129705f3fb522db62ca31""], ""seller_locations"": [{""seller_id"": ""4a3ccda38b2129705f3fb522db62ca31"", ""city"": ""marilia"", ""state"": ""SP""}], ""order_status"": ""delivered"", ""customer_state"": ""SP"", ""item_prices"": [1800]}"
6496c94097bf68ceb80535be2e73c766,ec0aae9b8d824c714e5acda983a82b56,26538,1548,2017-11-03T12:01:15+00:00,open,olist,False,"{""seller_ids"": [""e8b3a3a38279a82f0e5d006d5e5b7d2c""], ""seller_locations"": [{""seller_id"": ""e8b3a3a38279a82f0e5d006d5e5b7d2c"", ""city"": ""jussara"", ""state"": ""PR""}], ""order_status"": ""delivered"", ""customer_state"": ""PR"", ""item_prices"": [24990]}"
e31baadb00ecc47a1251bce82d64280b,3c3e2383f230b811b2532df1bdffe08f,11315,1325,2017-11-03T12:12:30+00:00,open,olist,False,"{""seller_ids"": [""8f2ce03f928b567e3d56181ae20ae952""], ""seller_locations"": [{""seller_id"": ""8f2ce03f928b567e3d56181ae20ae952"", ""city"": ""pirituba"", ""state"": ""SP""}], ""order_status"": ""delivered"", ""customer_state"": ""SP"", ""item_prices"": [9990]}"
829f9def41c63a3e1d787ae15d45540c,ace1a02191cad5678a1c6f53e16be84d,17966,1566,2017-11-03T12:19:20+00:00,open,olist,False,"{""seller_ids"": [""6560211a19b47992c3666cc44a7e94c0""], ""seller_locations"": [{""seller_id"": ""6560211a19b47992c3666cc44a7e94c0"", ""city"": ""sao paulo"", ""state"": ""SP""}], ""order_status"": ""delivered"", ""customer_state"": ""SP"", ""item_prices"": [7900, 8500]}"
2626e09d49a63af0b7c21ef2635a3e4e,76cef8c0830232a6298b50d60153fb6c,148531,13531,2017-11-03T12:26:01+00:00,open,olist,False,"{""seller_ids"": [""54219883e72aad869adfb2a54b7bfa0f""], ""seller_locations"": [{""seller_id"": ""54219883e72aad869adfb2a54b7bfa0f"", ""city"": ""sorocaba"", ""state"": ""SP""}], ""order_status"": ""delivered"", ""customer_state"": ""RJ"", ""item_prices"": [135000]}"
feedcd6c137912c39c2201db700def89,2f2e2e176fe4bf67bc1b9a8e4d5ecb18,16434,835,2017-11-03T12:26:39+00:00,open,olist,False,"{""seller_ids"": [""43f8c9950d11ecd03a0304a49e010da6""], ""seller_locations"": [{""seller_id"": ""43f8c9950d11ecd03a0304a49e010da6"", ""city"": ""carapicuiba"", ""state"": ""SP""}], ""order_status"": ""delivered"", ""customer_state"": ""SP"", ""item_prices"": [15599]}"
bd575d6ab64e8452789c304408f514eb,99290118341a7d7da8516a05c8d02ad8,11636,1646,2017-11-03T12:28:32+00:00,open,olist,False,"{""seller_ids"": [""620c87c171fb2a6dd6e8bb4dec959fc6""], ""seller_locations"": [{""seller_id"": ""620c87c171fb2a6dd6e8bb4dec959fc6"", ""city"": ""petropolis"", ""state"": ""RJ""}], ""order_status"": ""delivered"", ""customer_state"": ""SP"", ""item_prices"": [9990]}"
dfe73bed44023a1e7f4958fba7d7d6a3,6cddaef0ddfb5c32ab2553ccbf27e97c,16470,1480,2017-11-03T12:40:31+00:00,open,olist,False,"{""seller_ids"": [""0ebd97a106433a45a4aebe57c1799778""], ""seller_locations"": [{""seller_id"": ""0ebd97a106433a45a4aebe57c1799778"", ""city"": ""contagem"", ""state"": ""MG""}], ""order_status"": ""delivered"", ""customer_state"": ""SP"", ""item_prices"": [14990]}"
16d3fb690fdff184f6741b04dbbd0741,e23cd87e1e05723a24218898962b6ff4,3207,1510,2017-11-03T12:41:15+00:00,open,olist,False,"{""seller_ids"": [""b76dba6c951ab00dc4edf0a1aa88037e""], ""seller_locations"": [{""seller_id"": ""b76dba6c951ab00dc4edf0a1aa88037e"", ""city"": ""sao paulo"", ""state"": ""SP""}], ""order_status"": ""delivered"", ""customer_state"": ""PR"", ""item_prices"": [1697]}"
90afb8151d6aca71ae7b52a029ebc165,430f484aaec4eb059a1d074f4b0ef762,147151,3451,2017-11-03T12:43:46+00:00,open,olist,False,"{""seller_ids"": [""53243585a1d6dc2643021fd1853d8905""], ""seller_locations"": [{""seller_id"": ""53243585a1d6dc2643021fd1853d8905"", ""city"": ""lauro de freitas"", ""state"": ""BA""}], ""order_status"": ""delivered"", ""customer_state"": ""MG"", ""item_prices"": [143700]}"
fecb65750b4fe05b8257f650b2e114a2,9d7a7819f035595c50c85e4ec22308d0,21676,1696,2017-11-03T12:45:33+00:00,open,olist,False,"{""seller_ids"": [""c3cfdc648177fdbbbb35635a37472c53""], ""seller_locations"": [{""seller_id"": ""c3cfdc648177fdbbbb35635a37472c53"", ""city"": ""curitiba"", ""state"": ""PR""}], ""order_status"": ""delivered"", ""customer_state"": ""SP"", ""item_prices"": [9990, 9990]}"
fa014da3aa5b1fd99b79a24c7a17d778,6b1b676621a55a12546f8eeeaa12d4a7,13618,1618,2017-11-03T12:49:17+00:00,open,olist,False,"{""seller_ids"": [""54965bbe3e4f07ae045b90b0b8541f52""], ""seller_locations"": [{""seller_id"": ""54965bbe3e4f07ae045b90b0b8541f52"", ""city"": ""foz do iguacu"", ""state"": ""PR""}], ""order_status"": ""delivered"", ""customer_state"": ""RS"", ""item_prices"": [6000, 6000]}"
221d6c2816440c5e3102f2a6e78a90b5,92ac3d5a42b57c1441857a4b0bbfde64,5110,1510,2017-11-03T12:49:57+00:00,open,olist,False,"{""seller_ids"": [""5cbbd5a299cab112b7bf23862255e43e""], ""seller_locations"": [{""seller_id"": ""5cbbd5a299cab112b7bf23862255e43e"", ""city"": ""pinhais"", ""state"": ""PR""}], ""order_status"": ""delivered"", ""customer_state"": ""SC"", ""item_prices"": [3600]}"
4813d21f5c35dfe0956b75160f9d0e79,6f61e3b11233a0589a1b7cc29b656ec2,9257,1357,2017-11-03T12:53:40+00:00,open,olist,False,"{""seller_ids"": [""3d871de0142ce09b7081e2b9d1733cb1""], ""seller_locations"": [{""seller_id"": ""3d871de0142ce09b7081e2b9d1733cb1"", ""city"": ""campo limpo paulista"", ""state"": ""SP""}], ""order_status"": ""delivered"", ""customer_state"": ""SP"", ""item_prices"": [7900]}"
c82430e4a84f03b67cc2a82fecd873f0,3ae748b0c0cf7d473b7acac5e07a05ca,30076,1774,2017-11-03T12:56:49+00:00,open,olist,False,"{""seller_ids"": [""7b0df942f46435babab05d49b744b2c4""], ""seller_locations"": [{""seller_id"": ""7b0df942f46435babab05d49b744b2c4"", ""city"": ""braganca paulista"", ""state"": ""SP""}], ""order_status"": ""delivered"", ""customer_state"": ""GO"", ""item_prices"": [28302]}"
6016370c0d4a0da9c57394f85d9d11d6,d624a80aa123d00e1e78ae655743ac51,3809,1410,2017-11-03T13:16:10+00:00,open,olist,False,"{""seller_ids"": [""cc419e0650a3c5ba77189a1882b7556a""], ""seller_locations"": [{""seller_id"": ""cc419e0650a3c5ba77189a1882b7556a"", ""city"": ""santo andre"", ""state"": ""SP""}], ""order_status"": ""delivered"", ""customer_state"": ""RJ"", ""item_prices"": [2399]}"
37297c70ff1867f5ad4b215cc27fbe81,155622f6141435b9cbdb9cd89886200f,7303,1413,2017-11-03T13:26:21+00:00,open,olist,False,"{""seller_ids"": [""813348c996469b40f2e028d5429d3495""], ""seller_locations"": [{""seller_id"": ""813348c996469b40f2e028d5429d3495"", ""city"": ""jundiai"", ""state"": ""SP""}], ""order_status"": ""delivered"", ""customer_state"": ""SP"", ""item_prices"": [5890]}"
199c3b00cc75bd2e16c40ac6447c673f,5146be751c87984f443dab196ba5bd70,6409,1410,2017-11-03T13:30:33+00:00,open,olist,False,"{""seller_ids"": [""d98eec89afa3380e14463da2aabaea72""], ""seller_locations"": [{""seller_id"": ""d98eec89afa3380e14463da2aabaea72"", ""city"": ""porto alegre"", ""state"": ""RS""}], ""order_status"": ""delivered"", ""customer_state"": ""SP"", ""item_prices"": [4999]}"
a1259693d26fb84a646c5c4a913a7c40,9a929d2c704fcfc61537b117d73343c9,12723,2724,2017-11-03T13:32:48+00:00,open,olist,False,"{""seller_ids"": [""850f4f8af5ea87287ac68de36e29107f""], ""seller_locations"": [{""seller_id"": ""850f4f8af5ea87287ac68de36e29107f"", ""city"": ""sao paulo"", ""state"": ""SP""}], ""order_status"": ""delivered"", ""customer_state"": ""PE"", ""item_prices"": [9999]}"
02e8498a91ec0e72dfaff47b27c805a3,d2e88d9c50422550ee9b0fc82c8208c4,10274,1784,2017-11-03T13:40:44+00:00,open,olist,False,"{""seller_ids"": [""7142540dd4c91e2237acb7e911c4eba2""], ""seller_locations"": [{""seller_id"": ""7142540dd4c91e2237acb7e911c4eba2"", ""city"": ""penapolis"", ""state"": ""SP""}], ""order_status"": ""delivered"", ""customer_state"": ""RS"", ""item_prices"": [8490]}"
7a415e8280c3ae4d608481124c4f5d62,03ab83a91e0c343bb0d7aa605338a013,6870,1680,2017-11-03T13:51:16+00:00,open,olist,False,"{""seller_ids"": [""bd0389da23d89b726abf911cccc54596""], ""seller_locations"": [{""seller_id"": ""bd0389da23d89b726abf911cccc54596"", ""city"": ""brasilia"", ""state"": ""DF""}], ""order_status"": ""delivered"", ""customer_state"": ""SP"", ""item_prices"": [5190]}"
9ddd723e703903eeb90abbd2af0ddc24,cd76e52dafb3175406b252a1959aa83d,5405,3415,2017-11-03T13:54:42+00:00,open,olist,False,"{""seller_ids"": [""75fbb52eda0cbc24f479d3b2fbfa8d3e""], ""seller_locations"": [{""seller_id"": ""75fbb52eda0cbc24f479d3b2fbfa8d3e"", ""city"": ""goiania"", ""state"": ""GO""}], ""order_status"": ""delivered"", ""customer_state"": ""RS"", ""item_prices"": [1990]}"
b3459a0ddec3dda60a8ab19fb172dfef,76655d8b3010c7235a58a9e0678a3857,13161,1804,2017-11-03T13:58:47+00:00,open,olist,False,"{""seller_ids"": [""cca3071e3e9bb7d12640c9fbe2301306""], ""seller_locations"": [{""seller_id"": ""cca3071e3e9bb7d12640c9fbe2301306"", ""city"": ""ibitinga"", ""state"": ""SP""}], ""order_status"": ""delivered"", ""customer_state"": ""RS"", ""item_prices"": [11357]}"
72467f16c5938bd5447af741ba86fdd2,9c5bb4e3494d918764d1c7abe807c9d0,31242,2252,2017-11-03T14:04:24+00:00,open,olist,False,"{""seller_ids"": [""a3a38f4affed601eb87a97788c949667""], ""seller_locations"": [{""seller_id"": ""a3a38f4affed601eb87a97788c949667"", ""city"": ""joinville"", ""state"": ""SC""}], ""order_status"": ""delivered"", ""customer_state"": ""SP"", ""item_prices"": [28990]}"
ecf04d68c5337972de2653e72f80790c,0b63b24d8169708a441e38f95f44f3ff,8736,936,2017-11-03T14:08:28+00:00,open,olist,False,"{""seller_ids"": [""1025f0e2d44d7041d6cf58b6550e0bfa""], ""seller_locations"": [{""seller_id"": ""1025f0e2d44d7041d6cf58b6550e0bfa"", ""city"": ""sao paulo"", ""state"": ""SP""}], ""order_status"": ""delivered"", ""customer_state"": ""SP"", ""item_prices"": [7800]}"
5312bad5331c273fdc6cb8069bedcd03,13bc0286a7f3ab0b58291344147200af,6337,1337,2017-11-03T14:23:33+00:00,open,olist,False,"{""seller_ids"": [""855668e0971d4dfd7bef1b6a4133b41b""], ""seller_locations"": [{""seller_id"": ""855668e0971d4dfd7bef1b6a4133b41b"", ""city"": ""itatiba"", ""state"": ""SP""}], ""order_status"": ""delivered"", ""customer_state"": ""SP"", ""item_prices"": [5000]}"
8bc3152ee315178b8a67ad565033f9c4,deb7c01a9d320206a6e1502e6e80d7e2,11220,1443,2017-11-03T14:25:13+00:00,open,olist,False,"{""seller_ids"": [""c826c40d7b19f62a09e2d7c5e7295ee2""], ""seller_locations"": [{""seller_id"": ""c826c40d7b19f62a09e2d7c5e7295ee2"", ""city"": ""guarulhos"", ""state"": ""SP""}], ""order_status"": ""delivered"", ""customer_state"": ""RJ"", ""item_prices"": [9777]}"
3b7a87febfa65d4cf29ad7ab9cab8c0d,4c63891f8504cd2c882836b549ca9ed1,10528,1538,2017-11-03T14:40:51+00:00,open,olist,False,"{""seller_ids"": [""0db783cfcd3b73998abc6e10e59a102f""], ""seller_locations"": [{""seller_id"": ""0db783cfcd3b73998abc6e10e59a102f"", ""city"": ""santos"", ""state"": ""SP""}], ""order_status"": ""delivered"", ""customer_state"": ""MG"", ""item_prices"": [8990]}"
0ebe7b603e2e4b83d9adf9f169585f0d,34263d90024a9191f248ee8a2c751de1,1935,1185,2017-11-03T14:42:52+00:00,open,olist,False,"{""seller_ids"": [""2c9e548be18521d1c43cde1c582c6de8""], ""seller_locations"": [{""seller_id"": ""2c9e548be18521d1c43cde1c582c6de8"", ""city"": ""mogi das cruzes"", ""state"": ""SP""}], ""order_status"": ""delivered"", ""customer_state"": ""SP"", ""item_prices"": [750]}"
610978786c543b1b75c537dcd82a8d10,695a6fa8320a8e2a9e2117e3c10848e8,9030,1205,2017-11-03T14:48:02+00:00,open,olist,False,"{""seller_ids"": [""4a3ca9315b744ce9f8e9374361493884""], ""seller_locations"": [{""seller_id"": ""4a3ca9315b744ce9f8e9374361493884"", ""city"": ""ibitinga"", ""state"": ""SP""}], ""order_status"": ""delivered"", ""customer_state"": ""SP"", ""item_prices"": [7825]}"
65e27b07de33e18c80be0dd01195c731,75f60ea9e06cc3308210f6fc5eab3c09,8683,1594,2017-11-03T14:50:46+00:00,open,olist,False,"{""seller_ids"": [""5656537e588803a555b8eb41f07a944b""], ""seller_locations"": [{""seller_id"": ""5656537e588803a555b8eb41f07a944b"", ""city"": ""brasilia"", ""state"": ""DF""}], ""order_status"": ""delivered"", ""customer_state"": ""SP"", ""item_prices"": [7089]}"
939d9e122aaa16bc3792f827d94aa25f,5e7643b562ec10d77a4de5dfc2a5d18c,4438,1248,2017-11-03T15:00:55+00:00,open,olist,False,"{""seller_ids"": [""85d9eb9ddc5d00ca9336a2219c97bb13""], ""seller_locations"": [{""seller_id"": ""85d9eb9ddc5d00ca9336a2219c97bb13"", ""city"": ""belo horizonte"", ""state"": ""MG""}], ""order_status"": ""delivered"", ""customer_state"": ""MG"", ""item_prices"": [3190]}"
9e26cbec7523f810798d1b3df04fa17a,dab132ef31d0f8034b098624d1545e77,4106,1611,2017-11-03T15:10:22+00:00,open,olist,False,"{""seller_ids"": [""0bae85eb84b9fb3bd773911e89288d54""], ""seller_locations"": [{""seller_id"": ""0bae85eb84b9fb3bd773911e89288d54"", ""city"": ""itajai"", ""state"": ""SP""}], ""order_status"": ""delivered"", ""customer_state"": ""SP"", ""item_prices"": [2495]}"
30633a14243612a15ee813ff2d6814d2,f1d39be267a33e57881986d6a2a42911,10173,1183,2017-11-03T15:10:40+00:00,open,olist,False,"{""seller_ids"": [""bd23da7354813347129d751591d1a6e2""], ""seller_locations"": [{""seller_id"": ""bd23da7354813347129d751591d1a6e2"", ""city"": ""sao paulo"", ""state"": ""SP""}], ""order_status"": ""delivered"", ""customer_state"": ""SP"", ""item_prices"": [8990]}"
0ff4f3385afd05bfdf9a3c39fb32766b,8588ffeed09487d07cfb0442a51d2b0b,3675,1185,2017-11-03T15:14:03+00:00,open,olist,False,"{""seller_ids"": [""dc8798cbf453b7e0f98745e396cc5616""], ""seller_locations"": [{""seller_id"": ""dc8798cbf453b7e0f98745e396cc5616"", ""city"": ""sao paulo"", ""state"": ""SP""}], ""order_status"": ""delivered"", ""customer_state"": ""SP"", ""item_prices"": [2490]}"
1ae12b6aeac8467444bd1b07ab3c793a,743b6b21edcc4f0a9be82e591187e0a8,7267,1767,2017-11-03T15:16:50+00:00,open,olist,False,"{""seller_ids"": [""376a891762bbdecbc02b4b6adec3fdda""], ""seller_locations"": [{""seller_id"": ""376a891762bbdecbc02b4b6adec3fdda"", ""city"": ""goiania"", ""state"": ""GO""}], ""order_status"": ""delivered"", ""customer_state"": ""SP"", ""item_prices"": [5500]}"
548c4aaaafce95ab8c06ac6a2f38d1cf,7d10d8a69b9a324de73dbd47850b028e,7415,1516,2017-11-03T15:31:53+00:00,open,olist,False,"{""seller_ids"": [""11bfa66332777660bd0640ee84d47006""], ""seller_locations"": [{""seller_id"": ""11bfa66332777660bd0640ee84d47006"", ""city"": ""ribeirao preto"", ""state"": ""SP""}], ""order_status"": ""delivered"", ""customer_state"": ""MG"", ""item_prices"": [5899]}"
51bf8106a8d1c81d402b04fe983b9b0c,5c60d93d30882cdd81708742077e214a,8766,4276,2017-11-03T15:38:59+00:00,open,olist,False,"{""seller_ids"": [""8bb48dc19fccaa8613b6229bf7f452a2""], ""seller_locations"": [{""seller_id"": ""8bb48dc19fccaa8613b6229bf7f452a2"", ""city"": ""assis"", ""state"": ""SP""}], ""order_status"": ""delivered"", ""customer_state"": ""RN"", ""item_prices"": [4490]}"
9d37f81251d833e6328fe07745bfc2d0,ddca77853118e7de2caec7e1896c5eb8,3909,1510,2017-11-03T15:52:40+00:00,open,olist,False,"{""seller_ids"": [""cc419e0650a3c5ba77189a1882b7556a""], ""seller_locations"": [{""seller_id"": ""cc419e0650a3c5ba77189a1882b7556a"", ""city"": ""santo andre"", ""state"": ""SP""}], ""order_status"": ""delivered"", ""customer_state"": ""SC"", ""item_prices"": [2399]}"
f3d5876234a5858786970f692f06c3ad,0cf744fa8ef832c2bd5f9208629d3967,25184,2086,2017-11-03T15:56:17+00:00,open,olist,False,"{""seller_ids"": [""a416b6a846a11724393025641d4edd5e""], ""seller_locations"": [{""seller_id"": ""a416b6a846a11724393025641d4edd5e"", ""city"": ""sao paulo"", ""state"": ""SP""}], ""order_status"": ""delivered"", ""customer_state"": ""MT"", ""item_prices"": [23098]}"
c11faa9e69b3bc1dcafb2d5238ca7a89,1f9729b02f212888228746412a90f421,5640,1510,2017-11-03T16:19:56+00:00,open,olist,False,"{""seller_ids"": [""e5a3438891c0bfdb9394643f95273d8e""], ""seller_locations"": [{""seller_id"": ""e5a3438891c0bfdb9394643f95273d8e"", ""city"": ""limeira"", ""state"": ""SP""}], ""order_status"": ""delivered"", ""customer_state"": ""SC"", ""item_prices"": [4130]}"
78dd5af5b7e40608ff69ca03bb016ed7,3e9c0b1e800b33f972c4ae67e035f3e2,33336,3362,2017-11-03T16:22:00+00:00,open,olist,False,"{""seller_ids"": [""25c5c91f63607446a97b143d2d535d31""], ""seller_locations"": [{""seller_id"": ""25c5c91f63607446a97b143d2d535d31"", ""city"": ""itauna"", ""state"": ""MG""}], ""order_status"": ""delivered"", ""customer_state"": ""RJ"", ""item_prices"": [14987, 14987]}"
8d23184181b28b55b4c150dec4f0f010,9b6a169c5966850bb9c65b838d468f98,65438,7638,2017-11-03T16:34:30+00:00,open,olist,False,"{""seller_ids"": [""02d35243ea2e497335cd0f076b45675d""], ""seller_locations"": [{""seller_id"": ""02d35243ea2e497335cd0f076b45675d"", ""city"": ""natal"", ""state"": ""RN""}], ""order_status"": ""delivered"", ""customer_state"": ""RS"", ""item_prices"": [28900, 28900]}"
d33ed17c28104a5821b0aed3fd7323d0,a0701efdde78341b097d00c789d35b97,3179,1679,2017-11-03T16:38:02+00:00,open,olist,False,"{""seller_ids"": [""d97df38225e5abadaff1e72cb72b823c""], ""seller_locations"": [{""seller_id"": ""d97df38225e5abadaff1e72cb72b823c"", ""city"": ""sao caetano do sul"", ""state"": ""SP""}], ""order_status"": ""delivered"", ""customer_state"": ""MT"", ""item_prices"": [1500]}"
76d820534ecdb9ff90b20c635d1c593c,49edba1328b35f23bd65375cf625b546,22887,2687,2017-11-03T16:43:28+00:00,open,olist,False,"{""seller_ids"": [""77530e9772f57a62c906e1c21538ab82"", ""c37b2059d4f90d4feead554e5246565e""], ""seller_locations"": [{""seller_id"": ""77530e9772f57a62c906e1c21538ab82"", ""city"": ""curitiba"", ""state"": ""PR""}, {""seller_id"": ""c37b2059d4f90d4feead554e5246565e"", ""city"": ""sao paulo"", ""state"": ""SP""}], ""order_status"": ""delivered"", ""customer_state"": ""PR"", ""item_prices"": [5400, 14800]}"
3b5e83bf808e04da4aaa1241937881ee,5f7ec44cc59400e228915ad065285fe8,26925,2625,2017-11-03T16:46:13+00:00,open,olist,False,"{""seller_ids"": [""503c1de08ae81a2d86f17951b204db55""], ""seller_locations"": [{""seller_id"": ""503c1de08ae81a2d86f17951b204db55"", ""city"": ""sao paulo"", ""state"": ""SP""}], ""order_status"": ""delivered"", ""customer_state"": ""PI"", ""item_prices"": [24300]}"
77e866a3acbb6e6eaf2ffe9089313076,e9fcb1c22404eb2c263c61a842c23055,9440,941,2017-11-03T16:49:37+00:00,open,olist,False,"{""seller_ids"": [""cc419e0650a3c5ba77189a1882b7556a""], ""seller_locations"": [{""seller_id"": ""cc419e0650a3c5ba77189a1882b7556a"", ""city"": ""santo andre"", ""state"": ""SP""}], ""order_status"": ""delivered"", ""customer_state"": ""SP"", ""item_prices"": [8499]}"
56d77478af78c445066db1c9876e9e84,118a4d2ca6098b5df303beca4c208642,17076,3082,2017-11-03T16:49:40+00:00,open,olist,False,"{""seller_ids"": [""7c67e1448b00f6e969d365cea6b010ab""], ""seller_locations"": [{""seller_id"": ""7c67e1448b00f6e969d365cea6b010ab"", ""city"": ""itaquaquecetuba"", ""state"": ""SP""}], ""order_status"": ""delivered"", ""customer_state"": ""RJ"", ""item_prices"": [13994]}"
2f0406761edfc84594b3ff458e5ddc6a,767e0ad33a0e895fff80604570c885e0,17564,1587,2017-11-03T16:55:44+00:00,open,olist,False,"{""seller_ids"": [""c826c40d7b19f62a09e2d7c5e7295ee2""], ""seller_locations"": [{""seller_id"": ""c826c40d7b19f62a09e2d7c5e7295ee2"", ""city"": ""guarulhos"", ""state"": ""SP""}], ""order_status"": ""delivered"", ""customer_state"": ""PR"", ""item_prices"": [15977]}"
0c46fe7e5915cf8413d797e298c50dba,c0f65d36aefea8816ca9498185fe6167,13259,2559,2017-11-03T16:55:46+00:00,open,olist,False,"{""seller_ids"": [""218d46b86c1881d022bce9c68a7d4b15""], ""seller_locations"": [{""seller_id"": ""218d46b86c1881d022bce9c68a7d4b15"", ""city"": ""ribeirao preto"", ""state"": ""SP""}], ""order_status"": ""delivered"", ""customer_state"": ""RJ"", ""item_prices"": [10700]}"
245547d35a6f1c94c1e2546ab3322e0f,86abea0b1511d2e6b8a256580fb49c83,18806,3506,2017-11-03T17:01:40+00:00,open,olist,False,"{""seller_ids"": [""77530e9772f57a62c906e1c21538ab82"", ""c37b2059d4f90d4feead554e5246565e""], ""seller_locations"": [{""seller_id"": ""77530e9772f57a62c906e1c21538ab82"", ""city"": ""curitiba"", ""state"": ""PR""}, {""seller_id"": ""c37b2059d4f90d4feead554e5246565e"", ""city"": ""sao paulo"", ""state"": ""SP""}], ""order_status"": ""delivered"", ""customer_state"": ""MG"", ""item_prices"": [5400, 9900]}"
a3a45c1c1ea8a1242a535611257bb20e,3c721f9508cd151923d3c7b2c5869743,16177,1577,2017-11-03T17:02:04+00:00,open,olist,False,"{""seller_ids"": [""b33e7c55446eabf8fe1a42d037ac7d6d""], ""seller_locations"": [{""seller_id"": ""b33e7c55446eabf8fe1a42d037ac7d6d"", ""city"": ""pradopolis"", ""state"": ""SP""}], ""order_status"": ""delivered"", ""customer_state"": ""MG"", ""item_prices"": [14600]}"
de09e6c4676182436c36ae4f25bd78bc,f17619a8db648adb2dd504e94873839a,5362,1763,2017-11-03T17:19:11+00:00,open,olist,False,"{""seller_ids"": [""ed4acab38528488b65a9a9c603ff024a""], ""seller_locations"": [{""seller_id"": ""ed4acab38528488b65a9a9c603ff024a"", ""city"": ""sao paulo"", ""state"": ""SP""}], ""order_status"": ""delivered"", ""customer_state"": ""PE"", ""item_prices"": [3599]}"
6baf65efe2c7c4b1641a061fa14fb621,85fb37cacc45dfc2696bfb510fe411f4,6310,1410,2017-11-03T17:25:26+00:00,open,olist,False,"{""seller_ids"": [""6560211a19b47992c3666cc44a7e94c0""], ""seller_locations"": [{""seller_id"": ""6560211a19b47992c3666cc44a7e94c0"", ""city"": ""sao paulo"", ""state"": ""SP""}], ""order_status"": ""delivered"", ""customer_state"": ""MG"", ""item_prices"": [4900]}"
f4b61d27084d490fb0046eeffa1af17f,a1b1ba35bba0f6ad5ec156792d50bde7,10778,1788,2017-11-03T17:27:44+00:00,open,olist,False,"{""seller_ids"": [""da8622b14eb17ae2831f4ac5b9dab84a""], ""seller_locations"": [{""seller_id"": ""da8622b14eb17ae2831f4ac5b9dab84a"", ""city"": ""piracicaba"", ""state"": ""SP""}], ""order_status"": ""delivered"", ""customer_state"": ""RJ"", ""item_prices"": [8990]}"
3f6dd48701c4fd8500f4c6d8862a806e,a33b71268bed518bd63c349f006f2aa8,8305,3415,2017-11-03T17:33:08+00:00,open,olist,False,"{""seller_ids"": [""85d9eb9ddc5d00ca9336a2219c97bb13""], ""seller_locations"": [{""seller_id"": ""85d9eb9ddc5d00ca9336a2219c97bb13"", ""city"": ""belo horizonte"", ""state"": ""MG""}], ""order_status"": ""delivered"", ""customer_state"": ""PA"", ""item_prices"": [4890]}"
da6d090f46627439b85ff58686e17188,80d1acba72cc1dd62e91c5858bed0ef2,13812,1812,2017-11-03T17:44:50+00:00,open,olist,False,"{""seller_ids"": [""432c37c9dfba871172ec162e20118b8c""], ""seller_locations"": [{""seller_id"": ""432c37c9dfba871172ec162e20118b8c"", ""city"": ""brasilia"", ""state"": ""DF""}], ""order_status"": ""delivered"", ""customer_state"": ""BA"", ""item_prices"": [12000]}"
1a26633be71803d169cfddfaa40fed21,f64ec6d8dd29940264cd0bbb5ecade8a,8975,1775,2017-11-03T17:45:48+00:00,open,olist,False,"{""seller_ids"": [""53e4c6e0f4312d4d2107a8c9cddf45cd""], ""seller_locations"": [{""seller_id"": ""53e4c6e0f4312d4d2107a8c9cddf45cd"", ""city"": ""pedreira"", ""state"": ""SP""}], ""order_status"": ""delivered"", ""customer_state"": ""RJ"", ""item_prices"": [7200]}"
3e8a5d740a1e7db9eb5bdc6262644e88,a327e24eb412d88da38902427a3cf4bf,10518,3320,2017-11-03T18:03:26+00:00,open,olist,False,"{""seller_ids"": [""259f7b5e6e482c230e5bfaa670b6bb8f""], ""seller_locations"": [{""seller_id"": ""259f7b5e6e482c230e5bfaa670b6bb8f"", ""city"": ""poa"", ""state"": ""SP""}], ""order_status"": ""delivered"", ""customer_state"": ""RJ"", ""item_prices"": [3599, 3599]}"
5b52136f452a7ee355f34fd4b2eb99b2,08c3ccdcc31144cf6e0159fe71807428,23531,1975,2017-11-03T18:06:09+00:00,open,olist,False,"{""seller_ids"": [""a3dd39f583bc80bd8c5901c95878921e""], ""seller_locations"": [{""seller_id"": ""a3dd39f583bc80bd8c5901c95878921e"", ""city"": ""salvador"", ""state"": ""BA""}], ""order_status"": ""delivered"", ""customer_state"": ""PE"", ""item_prices"": [21556]}"
b93e3a733006e1228ffb0f8a5550e9ab,e3d7a0d45bdf701f056d1c423f8bf0f8,11718,2538,2017-11-03T18:19:38+00:00,open,olist,False,"{""seller_ids"": [""1c129092bf23f28a5930387c980c0dfc""], ""seller_locations"": [{""seller_id"": ""1c129092bf23f28a5930387c980c0dfc"", ""city"": ""sao paulo"", ""state"": ""SP""}], ""order_status"": ""delivered"", ""customer_state"": ""SP"", ""item_prices"": [4590, 4590]}"
a235dd3be106ba5b2ea4610274402898,c7fb8ec1ea35af7e89f989b6e17e2bd8,29415,925,2017-11-03T18:34:16+00:00,open,olist,False,"{""seller_ids"": [""fa1c13f2614d7b5c4749cbc52fecda94""], ""seller_locations"": [{""seller_id"": ""fa1c13f2614d7b5c4749cbc52fecda94"", ""city"": ""sumare"", ""state"": ""SP""}], ""order_status"": ""delivered"", ""customer_state"": ""SP"", ""item_prices"": [28490]}"
67396d4e8e815db60a202db276db16a5,1e433d2aca7584032f8f56d51643e605,16100,1800,2017-11-03T18:36:43+00:00,open,olist,False,"{""seller_ids"": [""2dee2ce60de9709b1a24083217181a1f""], ""seller_locations"": [{""seller_id"": ""2dee2ce60de9709b1a24083217181a1f"", ""city"": ""sinop"", ""state"": ""MT""}], ""order_status"": ""delivered"", ""customer_state"": ""SP"", ""item_prices"": [14300]}"
d29cafb654e73fca65371aec22d88ca8,85c30f6989528b01b07b63e28299b9bd,16690,3700,2017-11-03T18:39:33+00:00,open,olist,False,"{""seller_ids"": [""5dceca129747e92ff8ef7a997dc4f8ca""], ""seller_locations"": [{""seller_id"": ""5dceca129747e92ff8ef7a997dc4f8ca"", ""city"": ""santa barbara d\u00b4oeste"", ""state"": ""SP""}], ""order_status"": ""delivered"", ""customer_state"": ""SP"", ""item_prices"": [12990]}"
b621235d09fbfbe88d897969dd240b59,8c532c86e424b28e85997dd891e26d5d,6400,1410,2017-11-03T18:43:16+00:00,open,olist,False,"{""seller_ids"": [""20d83f3ef0e6925fd74bfd59170babf7""], ""seller_locations"": [{""seller_id"": ""20d83f3ef0e6925fd74bfd59170babf7"", ""city"": ""sao paulo"", ""state"": ""SP""}], ""order_status"": ""delivered"", ""customer_state"": ""RJ"", ""item_prices"": [4990]}"
a4f71a0d584883f990018a219bb7dfb4,4f4cfd4238efefcaf3e6905ac8bb9e76,0,0,2017-11-03T18:44:49+00:00,cancelled,olist,False,"{""seller_ids"": [], ""seller_locations"": [], ""order_status"": ""unavailable"", ""customer_state"": ""BA"", ""item_prices"": []}"
cfae1e992eeb0f51ba0de3ddb87b33da,7a41dff0e8b1ea9c1f2a8b290ea80ba5,13438,4448,2017-11-03T19:05:47+00:00,open,olist,False,"{""seller_ids"": [""620c87c171fb2a6dd6e8bb4dec959fc6""], ""seller_locations"": [{""seller_id"": ""620c87c171fb2a6dd6e8bb4dec959fc6"", ""city"": ""petropolis"", ""state"": ""RJ""}], ""order_status"": ""delivered"", ""customer_state"": ""PA"", ""item_prices"": [8990]}"
7d512c7210020b9a4d7a90bfece69a65,68598b654c53799834f0abc847bd4a06,8580,780,2017-11-03T19:11:40+00:00,open,olist,False,"{""seller_ids"": [""6560211a19b47992c3666cc44a7e94c0""], ""seller_locations"": [{""seller_id"": ""6560211a19b47992c3666cc44a7e94c0"", ""city"": ""sao paulo"", ""state"": ""SP""}], ""order_status"": ""delivered"", ""customer_state"": ""SP"", ""item_prices"": [7800]}"
0fa7d9bf5e4786e331c11c950cb4082d,8e3d7e64a92ee5879a360326258c952e,6264,1269,2017-11-03T19:16:55+00:00,open,olist,False,"{""seller_ids"": [""391fc6631aebcf3004804e51b40bcf1e""], ""seller_locations"": [{""seller_id"": ""391fc6631aebcf3004804e51b40bcf1e"", ""city"": ""ibitinga"", ""state"": ""SP""}], ""order_status"": ""delivered"", ""customer_state"": ""SP"", ""item_prices"": [4995]}"
64999819cdd2759997379730b8aa6e22,325bdb07397fb78bf188c812e3c16ef7,6889,1190,2017-11-03T19:20:02+00:00,open,olist,False,"{""seller_ids"": [""cc419e0650a3c5ba77189a1882b7556a""], ""seller_locations"": [{""seller_id"": ""cc419e0650a3c5ba77189a1882b7556a"", ""city"": ""santo andre"", ""state"": ""SP""}], ""order_status"": ""delivered"", ""customer_state"": ""SP"", ""item_prices"": [5699]}"
0713892246596f649555ebebe57a9a7b,99251d77284980383662133057fe855b,10355,1365,2017-11-03T19:23:19+00:00,open,olist,False,"{""seller_ids"": [""4a3ca9315b744ce9f8e9374361493884""], ""seller_locations"": [{""seller_id"": ""4a3ca9315b744ce9f8e9374361493884"", ""city"": ""ibitinga"", ""state"": ""SP""}], ""order_status"": ""delivered"", ""customer_state"": ""SP"", ""item_prices"": [8990]}"
4f3428d2bdfb5f3910f874c72120c9f1,15702b42095b880565ce41d4b1511814,20676,1696,2017-11-03T19:30:41+00:00,open,olist,False,"{""seller_ids"": [""dc4a0fc896dc34b0d5bfec8438291c80""], ""seller_locations"": [{""seller_id"": ""dc4a0fc896dc34b0d5bfec8438291c80"", ""city"": ""ibitinga"", ""state"": ""SP""}], ""order_status"": ""delivered"", ""customer_state"": ""SP"", ""item_prices"": [18980]}"
ff8d0c8b5c1e8bdd6f8e3170f6fd62fd,6025e80315175e0241fc6e35c42916a9,12017,2118,2017-11-03T20:02:58+00:00,open,olist,False,"{""seller_ids"": [""bccf933e006e9b94a6184af782963e77""], ""seller_locations"": [{""seller_id"": ""bccf933e006e9b94a6184af782963e77"", ""city"": ""assis"", ""state"": ""SP""}], ""order_status"": ""delivered"", ""customer_state"": ""PR"", ""item_prices"": [9899]}"
f76887473f528c398659936663331251,a7657330b1c135f3acd420326e335b2c,7334,1344,2017-11-03T20:03:34+00:00,open,olist,False,"{""seller_ids"": [""0ea22c1cfbdc755f86b9b54b39c16043""], ""seller_locations"": [{""seller_id"": ""0ea22c1cfbdc755f86b9b54b39c16043"", ""city"": ""sete lagoas"", ""state"": ""MG""}], ""order_status"": ""delivered"", ""customer_state"": ""MG"", ""item_prices"": [5990]}"
e40d0c72305e1f0be6925df1e4378221,996eb644658f838b44eae50e22a48a70,0,0,2017-11-03T20:21:30+00:00,cancelled,olist,False,"{""seller_ids"": [], ""seller_locations"": [], ""order_status"": ""unavailable"", ""customer_state"": ""BA"", ""item_prices"": []}"
5f3e315da0dbfdaabd6f8cff4fd2946a,743b6b21edcc4f0a9be82e591187e0a8,5862,872,2017-11-03T20:23:47+00:00,open,olist,False,"{""seller_ids"": [""b2ba3715d723d245138f291a6fe42594""], ""seller_locations"": [{""seller_id"": ""b2ba3715d723d245138f291a6fe42594"", ""city"": ""sao paulo"", ""state"": ""SP""}], ""order_status"": ""delivered"", ""customer_state"": ""SP"", ""item_prices"": [4990]}"
fb044859ae3cc0721c694443c343aed4,83b82ec5bf93a47ccfbe05452ea32009,18892,1892,2017-11-03T20:25:39+00:00,open,olist,False,"{""seller_ids"": [""bc2ac6b95e1accce9858528ee566c17e""], ""seller_locations"": [{""seller_id"": ""bc2ac6b95e1accce9858528ee566c17e"", ""city"": ""campinas"", ""state"": ""SP""}], ""order_status"": ""delivered"", ""customer_state"": ""SP"", ""item_prices"": [6100, 10900]}"
2f8faef508a5a7ba5de0b455cd768da8,bb0aea12660bf8bd536b39fddbc336ee,9567,2577,2017-11-03T20:44:04+00:00,open,olist,False,"{""seller_ids"": [""1ce3ae5a399804d1a87e706f8a813c3e""], ""seller_locations"": [{""seller_id"": ""1ce3ae5a399804d1a87e706f8a813c3e"", ""city"": ""jaguaruna"", ""state"": ""SC""}], ""order_status"": ""delivered"", ""customer_state"": ""DF"", ""item_prices"": [6990]}"
0e6b2d0fe443a6d38c0f6447f4eb2262,bb0aea12660bf8bd536b39fddbc336ee,0,0,2017-11-03T20:44:04+00:00,cancelled,olist,False,"{""seller_ids"": [], ""seller_locations"": [], ""order_status"": ""unavailable"", ""customer_state"": ""DF"", ""item_prices"": []}"
47c29eebd9fb0e4d67c674f78e396be4,d1690fc33a52a1ffdc2ecde9ee88d7c9,9105,1205,2017-11-03T20:50:46+00:00,open,olist,False,"{""seller_ids"": [""4d6d651bd7684af3fffabd5f08d12e5a""], ""seller_locations"": [{""seller_id"": ""4d6d651bd7684af3fffabd5f08d12e5a"", ""city"": ""jau"", ""state"": ""SP""}], ""order_status"": ""delivered"", ""customer_state"": ""SP"", ""item_prices"": [7900]}"
55b961963d4c9e193651ea6c3dc6c8df,d2a784c948d14252def59dd0c2e49170,3277,778,2017-11-03T21:02:25+00:00,open,olist,False,"{""seller_ids"": [""ea8482cd71df3c1969d7b9473ff13abc""], ""seller_locations"": [{""seller_id"": ""ea8482cd71df3c1969d7b9473ff13abc"", ""city"": ""sao paulo"", ""state"": ""SP""}], ""order_status"": ""delivered"", ""customer_state"": ""SP"", ""item_prices"": [2499]}"
843c4657d0e36a64ee5819729168339d,0dd8363b55b6c0635a09dd43297e2291,18047,3348,2017-11-03T21:08:04+00:00,open,olist,False,"{""seller_ids"": [""7ddcbb64b5bc1ef36ca8c151f6ec77df""], ""seller_locations"": [{""seller_id"": ""7ddcbb64b5bc1ef36ca8c151f6ec77df"", ""city"": ""sao paulo"", ""state"": ""SP""}], ""order_status"": ""delivered"", ""customer_state"": ""PA"", ""item_prices"": [14699]}"
e31ec91cea1ecf97797787471f98a8c2,73c2643a0a458b49f58cea58833b192e,71107,2207,2017-11-03T21:08:33+00:00,open,olist,False,"{""seller_ids"": [""4869f7a5dfa277a7dca6462dcf3b52b2""], ""seller_locations"": [{""seller_id"": ""4869f7a5dfa277a7dca6462dcf3b52b2"", ""city"": ""guariba"", ""state"": ""SP""}], ""order_status"": ""delivered"", ""customer_state"": ""RS"", ""item_prices"": [68900]}"
f5f29bce586850f2fb4f268aba6ed81d,d5419994a02a55d4b7cd00e77fabdbae,20367,1284,2017-11-03T21:09:53+00:00,open,olist,False,"{""seller_ids"": [""b33e7c55446eabf8fe1a42d037ac7d6d""], ""seller_locations"": [{""seller_id"": ""b33e7c55446eabf8fe1a42d037ac7d6d"", ""city"": ""pradopolis"", ""state"": ""SP""}], ""order_status"": ""delivered"", ""customer_state"": ""SP"", ""item_prices"": [19083]}"
43caa2bfbf19b07993e7794248faec20,88a5947eba137391941e7c0d9a4532d8,4269,1679,2017-11-03T21:11:11+00:00,open,olist,False,"{""seller_ids"": [""e8f6dc8e6a1dcde89d20e3995c8d90b3""], ""seller_locations"": [{""seller_id"": ""e8f6dc8e6a1dcde89d20e3995c8d90b3"", ""city"": ""sao paulo"", ""state"": ""SP""}], ""order_status"": ""delivered"", ""customer_state"": ""MT"", ""item_prices"": [2590]}"
4480ac0eaab783664bd03d73f20e2896,ea2823cb06ffee228889fd07321fef42,20710,2730,2017-11-03T21:12:11+00:00,open,olist,False,"{""seller_ids"": [""4a3ca9315b744ce9f8e9374361493884""], ""seller_locations"": [{""seller_id"": ""4a3ca9315b744ce9f8e9374361493884"", ""city"": ""ibitinga"", ""state"": ""SP""}], ""order_status"": ""delivered"", ""customer_state"": ""SP"", ""item_prices"": [8990, 8990]}"
182c7c260aa89ec58595803372f60d1a,5e3e9e897d07a80fc2af58088a84812a,3635,1185,2017-11-03T21:21:10+00:00,open,olist,False,"{""seller_ids"": [""37515688008a7a40ac93e3b2e4ab203f""], ""seller_locations"": [{""seller_id"": ""37515688008a7a40ac93e3b2e4ab203f"", ""city"": ""dracena"", ""state"": ""SP""}], ""order_status"": ""delivered"", ""customer_state"": ""SP"", ""item_prices"": [2450]}"
502b66ddeae1875100eae9074f5d189a,a984da262e44d5df9e224ee3072c3717,19067,2167,2017-11-03T21:22:38+00:00,open,olist,False,"{""seller_ids"": [""a938325a4b357fd23a6a4d5bb126408e""], ""seller_locations"": [{""seller_id"": ""a938325a4b357fd23a6a4d5bb126408e"", ""city"": ""nilopolis"", ""state"": ""RJ""}], ""order_status"": ""delivered"", ""customer_state"": ""SP"", ""item_prices"": [16900]}"
a2d899ba8a26c87fd1ae28e82fc25c85,386e31ecc3dc1faaa5255e184fea1e5d,17149,1449,2017-11-03T21:48:54+00:00,open,olist,False,"{""seller_ids"": [""cfb1a033743668a192316f3c6d1d2671""], ""seller_locations"": [{""seller_id"": ""cfb1a033743668a192316f3c6d1d2671"", ""city"": ""votorantim"", ""state"": ""SP""}], ""order_status"": ""delivered"", ""customer_state"": ""SP"", ""item_prices"": [15700]}"
1e1fb779dc3ea5b2ece7892f4b1824cc,611009570f605781020550bff8c0d7a5,10292,792,2017-11-03T21:54:45+00:00,open,olist,False,"{""seller_ids"": [""6560211a19b47992c3666cc44a7e94c0""], ""seller_locations"": [{""seller_id"": ""6560211a19b47992c3666cc44a7e94c0"", ""city"": ""sao paulo"", ""state"": ""SP""}], ""order_status"": ""delivered"", ""customer_state"": ""SP"", ""item_prices"": [9500]}"
8c732378425fb2cff245875c583e5940,2ee77d43be5a64c61343323bd5b1ce16,9338,3358,2017-11-03T21:56:38+00:00,open,olist,False,"{""seller_ids"": [""c8467937e403e76a8ee9f0ab13f6f5ef""], ""seller_locations"": [{""seller_id"": ""c8467937e403e76a8ee9f0ab13f6f5ef"", ""city"": ""pocos de caldas"", ""state"": ""MG""}], ""order_status"": ""delivered"", ""customer_state"": ""BA"", ""item_prices"": [2990, 2990]}"
811ecf2dd75f2d765763c2c20c539cdf,e035ab2e06d5643295a12b3a0eaf892b,21356,3656,2017-11-03T22:13:13+00:00,open,olist,False,"{""seller_ids"": [""897060da8b9a21f655304d50fd935913""], ""seller_locations"": [{""seller_id"": ""897060da8b9a21f655304d50fd935913"", ""city"": ""ribeirao preto"", ""state"": ""SP""}], ""order_status"": ""delivered"", ""customer_state"": ""AL"", ""item_prices"": [17700]}"
980496fd521b7f8fe2d75593d11ee1fb,0a834292f8691cb3cdc64caf600c61c9,122798,17798,2017-11-03T22:16:26+00:00,open,olist,False,"{""seller_ids"": [""17f51e7198701186712e53a39c564617""], ""seller_locations"": [{""seller_id"": ""17f51e7198701186712e53a39c564617"", ""city"": ""sao paulo"", ""state"": ""SP""}], ""order_status"": ""delivered"", ""customer_state"": ""MS"", ""item_prices"": [105000]}"
9e844ac3fb9440b1393bf80ab5b59860,a4fd91dd92817169a032d202f2c1aa06,7757,1767,2017-11-03T22:18:57+00:00,open,olist,False,"{""seller_ids"": [""1f50f920176fa81dab994f9023523100""], ""seller_locations"": [{""seller_id"": ""1f50f920176fa81dab994f9023523100"", ""city"": ""sao jose do rio preto"", ""state"": ""SP""}], ""order_status"": ""delivered"", ""customer_state"": ""MG"", ""item_prices"": [5990]}"
491b6882815a6368f57277d9bfaebb12,647de02f33fb0058d4acb20ef1ce482f,7508,1518,2017-11-03T22:19:52+00:00,open,olist,False,"{""seller_ids"": [""aafe36600ce604f205b86b5084d3d767""], ""seller_locations"": [{""seller_id"": ""aafe36600ce604f205b86b5084d3d767"", ""city"": ""sao jose"", ""state"": ""SC""}], ""order_status"": ""delivered"", ""customer_state"": ""SP"", ""item_prices"": [5990]}"
19bbda1f882b3aeddba973e935519905,1a674d0bad43d5b5c387fce838e4c428,0,0,2017-11-03T22:26:44+00:00,cancelled,olist,False,"{""seller_ids"": [], ""seller_locations"": [], ""order_status"": ""unavailable"", ""customer_state"": ""SP"", ""item_prices"": []}"
a3ef7e4271c9088cf2d3de8305ef2355,1a674d0bad43d5b5c387fce838e4c428,0,0,2017-11-03T22:26:44+00:00,cancelled,olist,False,"{""seller_ids"": [], ""seller_locations"": [], ""order_status"": ""unavailable"", ""customer_state"": ""SP"", ""item_prices"": []}"
1d0179e06d705c4c8b0cccd7c58c30cb,2c14869f96fcf1d76d95e4b8e2841fdd,9890,5890,2017-11-03T22:32:42+00:00,open,olist,False,"{""seller_ids"": [""3dbbce181edfaa4a597ec858c382d2ec""], ""seller_locations"": [{""seller_id"": ""3dbbce181edfaa4a597ec858c382d2ec"", ""city"": ""curitiba"", ""state"": ""PR""}], ""order_status"": ""delivered"", ""customer_state"": ""SP"", ""item_prices"": [4000]}"
12eb23de9270a05fa07be92704d1a6ee,6dbf40025c492536db00c2ffff44ffff,11271,1371,2017-11-03T22:55:47+00:00,open,olist,False,"{""seller_ids"": [""4a3ca9315b744ce9f8e9374361493884""], ""seller_locations"": [{""seller_id"": ""4a3ca9315b744ce9f8e9374361493884"", ""city"": ""ibitinga"", ""state"": ""SP""}], ""order_status"": ""delivered"", ""customer_state"": ""SP"", ""item_prices"": [9900]}"
b392178525db3323c13bd67d9dee38ff,05e8b4d95b191ed344b0c2bc3b1dd984,7657,1667,2017-11-03T23:11:29+00:00,open,olist,False,"{""seller_ids"": [""f27e33c6d29b5138fa9967bcd445b6d5""], ""seller_locations"": [{""seller_id"": ""f27e33c6d29b5138fa9967bcd445b6d5"", ""city"": ""sao paulo"", ""state"": ""SP""}], ""order_status"": ""delivered"", ""customer_state"": ""RJ"", ""item_prices"": [5990]}"
92a6e33b636545263917ab59e3169882,0e71681ebdc97df774d7451ce1b4bef9,9870,1880,2017-11-03T23:14:01+00:00,open,olist,False,"{""seller_ids"": [""f3b80352b986ab4d1057a4b724be19d0""], ""seller_locations"": [{""seller_id"": ""f3b80352b986ab4d1057a4b724be19d0"", ""city"": ""brasilia"", ""state"": ""DF""}], ""order_status"": ""delivered"", ""customer_state"": ""RJ"", ""item_prices"": [7990]}"
f75d10ef288341085a1387de1052dfb7,44692492d6bb5c44dc9f7bce39fd7b6e,40480,8484,2017-11-03T23:42:39+00:00,open,olist,False,"{""seller_ids"": [""7c67e1448b00f6e969d365cea6b010ab""], ""seller_locations"": [{""seller_id"": ""7c67e1448b00f6e969d365cea6b010ab"", ""city"": ""itaquaquecetuba"", ""state"": ""SP""}], ""order_status"": ""delivered"", ""customer_state"": ""SP"", ""item_prices"": [7999, 7999, 7999, 7999]}"
5e9d5a2d9fdab80cd5bbe9706abf0087,fe80881541b7cb0a0732cf82eed3c82b,15514,3534,2017-11-04T00:01:14+00:00,open,olist,False,"{""seller_ids"": [""1f50f920176fa81dab994f9023523100""], ""seller_locations"": [{""seller_id"": ""1f50f920176fa81dab994f9023523100"", ""city"": ""sao jose do rio preto"", ""state"": ""SP""}], ""order_status"": ""delivered"", ""customer_state"": ""RJ"", ""item_prices"": [5990, 5990]}"
1525f8f0c2985955d93907fa19a9cc3a,4caa1eddb0d07179c6062964918c87fa,8872,1775,2017-11-04T00:10:23+00:00,open,olist,False,"{""seller_ids"": [""7aa4334be125fcdd2ba64b3180029f14""], ""seller_locations"": [{""seller_id"": ""7aa4334be125fcdd2ba64b3180029f14"", ""city"": ""laranjal paulista"", ""state"": ""SP""}], ""order_status"": ""delivered"", ""customer_state"": ""MG"", ""item_prices"": [7097]}"
3241efb4bf616d6fc2d9ff3803b06a46,659bdc990055d4604a50cd848a43b9a3,24692,2992,2017-11-04T00:25:12+00:00,open,olist,False,"{""seller_ids"": [""c3867b4666c7d76867627c2f7fb22e21""], ""seller_locations"": [{""seller_id"": ""c3867b4666c7d76867627c2f7fb22e21"", ""city"": ""guara"", ""state"": ""SP""}], ""order_status"": ""delivered"", ""customer_state"": ""PA"", ""item_prices"": [21700]}"
d7b4654d3ca41a3b97437da02dff3df0,b21dfdc5d4ff4d72390b2732975a504d,10808,2110,2017-11-04T00:32:11+00:00,open,olist,False,"{""seller_ids"": [""3078096983cf766a32a06257648502d1""], ""seller_locations"": [{""seller_id"": ""3078096983cf766a32a06257648502d1"", ""city"": ""scao jose do rio pardo"", ""state"": ""SP""}], ""order_status"": ""delivered"", ""customer_state"": ""PR"", ""item_prices"": [8698]}"
0640b06b89343b8b664b6ddef40ba020,2547d56bb668d0543d4902cf3f2e7515,6601,1611,2017-11-04T00:36:39+00:00,open,olist,False,"{""seller_ids"": [""620c87c171fb2a6dd6e8bb4dec959fc6""], ""seller_locations"": [{""seller_id"": ""620c87c171fb2a6dd6e8bb4dec959fc6"", ""city"": ""petropolis"", ""state"": ""RJ""}], ""order_status"": ""delivered"", ""customer_state"": ""SP"", ""item_prices"": [4990]}"
012eab2625c5f8aaac6f37f2c19ef62f,74d3316a8a3535f05feed75b4df15e7a,9722,1532,2017-11-04T00:38:14+00:00,open,olist,False,"{""seller_ids"": [""4a3ccda38b2129705f3fb522db62ca31""], ""seller_locations"": [{""seller_id"": ""4a3ccda38b2129705f3fb522db62ca31"", ""city"": ""marilia"", ""state"": ""SP""}], ""order_status"": ""delivered"", ""customer_state"": ""RJ"", ""item_prices"": [8190]}"
aae6432b1c1a2deae58567621da9d957,c6c590ae0a0b256c4184b2a7352a6736,17486,1586,2017-11-04T00:40:46+00:00,open,olist,False,"{""seller_ids"": [""a938325a4b357fd23a6a4d5bb126408e""], ""seller_locations"": [{""seller_id"": ""a938325a4b357fd23a6a4d5bb126408e"", ""city"": ""nilopolis"", ""state"": ""RJ""}], ""order_status"": ""delivered"", ""customer_state"": ""MG"", ""item_prices"": [15900]}"
8b353b3ac8bd5c8a07201989bdcb8f93,74d4c0cfaf825cd15b80dd167bdfa9b4,23747,2191,2017-11-04T03:19:27+00:00,open,olist,False,"{""seller_ids"": [""a3dd39f583bc80bd8c5901c95878921e""], ""seller_locations"": [{""seller_id"": ""a3dd39f583bc80bd8c5901c95878921e"", ""city"": ""salvador"", ""state"": ""BA""}], ""order_status"": ""delivered"", ""customer_state"": ""RJ"", ""item_prices"": [21556]}"
4653095ef7d71a9c9514e55131538126,d15605acc62833da0624a0bd2b50eeb1,6501,1511,2017-11-04T06:59:58+00:00,open,olist,False,"{""seller_ids"": [""dc8798cbf453b7e0f98745e396cc5616""], ""seller_locations"": [{""seller_id"": ""dc8798cbf453b7e0f98745e396cc5616"", ""city"": ""sao paulo"", ""state"": ""SP""}], ""order_status"": ""delivered"", ""customer_state"": ""MG"", ""item_prices"": [4990]}"
2bcc2646dcca22a1e6da38a7133cc8ed,86888bde47671fa164c9b4ddfa53b9f7,14744,1744,2017-11-04T08:21:11+00:00,open,olist,False,"{""seller_ids"": [""c9c7905cffc4ef9ff9f113554423e671""], ""seller_locations"": [{""seller_id"": ""c9c7905cffc4ef9ff9f113554423e671"", ""city"": ""itapecerica da serra"", ""state"": ""SP""}], ""order_status"": ""delivered"", ""customer_state"": ""SP"", ""item_prices"": [6500, 6500]}"
c5af01c76029f8063c756b08fcaf17ae,fd7c41c28fabc3ff2c039b465bb25a35,7602,1712,2017-11-04T08:45:05+00:00,open,olist,False,"{""seller_ids"": [""813348c996469b40f2e028d5429d3495""], ""seller_locations"": [{""seller_id"": ""813348c996469b40f2e028d5429d3495"", ""city"": ""jundiai"", ""state"": ""SP""}], ""order_status"": ""delivered"", ""customer_state"": ""SP"", ""item_prices"": [5890]}"
59823eb85efc0c6ee2cbc0567486757f,e423384cbe26938695befbaaaf242864,83634,3635,2017-11-04T09:09:12+00:00,open,olist,False,"{""seller_ids"": [""7bac63f6603d382cc8d0832eb6c100a8""], ""seller_locations"": [{""seller_id"": ""7bac63f6603d382cc8d0832eb6c100a8"", ""city"": ""sao paulo"", ""state"": ""SP""}], ""order_status"": ""delivered"", ""customer_state"": ""MS"", ""item_prices"": [79999]}"
7e666050aebcbd6feba9622558222157,9241793ecddc22fd6563685386c85eb5,5812,778,2017-11-04T09:24:45+00:00,open,olist,False,"{""seller_ids"": [""f3da5b2ff499efb8d4a6d371d175d7dd""], ""seller_locations"": [{""seller_id"": ""f3da5b2ff499efb8d4a6d371d175d7dd"", ""city"": ""sao paulo"", ""state"": ""SP""}], ""order_status"": ""delivered"", ""customer_state"": ""SP"", ""item_prices"": [5034]}"
5f21071bb4421ccceaf3ae565558f63f,185246288eb4cea28a37bb3269141e03,15514,3534,2017-11-04T09:29:36+00:00,open,olist,False,"{""seller_ids"": [""1f50f920176fa81dab994f9023523100""], ""seller_locations"": [{""seller_id"": ""1f50f920176fa81dab994f9023523100"", ""city"": ""sao jose do rio preto"", ""state"": ""SP""}], ""order_status"": ""delivered"", ""customer_state"": ""RS"", ""item_prices"": [5990, 5990]}"
af3327b567206d03f49d5cc63c712a22,1f5eec9b918893bafd7b2e88c9abae7e,3601,1611,2017-11-04T09:29:55+00:00,open,olist,False,"{""seller_ids"": [""e8b3a3a38279a82f0e5d006d5e5b7d2c""], ""seller_locations"": [{""seller_id"": ""e8b3a3a38279a82f0e5d006d5e5b7d2c"", ""city"": ""jussara"", ""state"": ""PR""}], ""order_status"": ""invoiced"", ""customer_state"": ""RS"", ""item_prices"": [1990]}"
820349ed7a25bbfa196bb4f9a28442f2,7efc49d7862ee114c0ca869b439bf381,147951,4251,2017-11-04T09:35:15+00:00,open,olist,False,"{""seller_ids"": [""53243585a1d6dc2643021fd1853d8905""], ""seller_locations"": [{""seller_id"": ""53243585a1d6dc2643021fd1853d8905"", ""city"": ""lauro de freitas"", ""state"": ""BA""}], ""order_status"": ""delivered"", ""customer_state"": ""CE"", ""item_prices"": [143700]}"
1bc2604f66282211f5aba0bf67ca3dff,3aace94f875e8ed34028832ce922ac5d,17144,2154,2017-11-04T09:43:19+00:00,open,olist,False,"{""seller_ids"": [""1a3df491d1c4f1589fc2b934ada68bf2""], ""seller_locations"": [{""seller_id"": ""1a3df491d1c4f1589fc2b934ada68bf2"", ""city"": ""joinville"", ""state"": ""SC""}], ""order_status"": ""delivered"", ""customer_state"": ""SP"", ""item_prices"": [14990]}"
b002261c1b562472adb57d81cc90995d,08abf792f548422ecfebe3b2217fa9a3,15852,1252,2017-11-04T09:44:23+00:00,open,olist,False,"{""seller_ids"": [""b33e7c55446eabf8fe1a42d037ac7d6d""], ""seller_locations"": [{""seller_id"": ""b33e7c55446eabf8fe1a42d037ac7d6d"", ""city"": ""pradopolis"", ""state"": ""SP""}], ""order_status"": ""delivered"", ""customer_state"": ""SP"", ""item_prices"": [14600]}"
cea54c1853c864ab36cea3ef732d7191,882023c0b40dc2130beea608b1196262,7494,994,2017-11-04T09:48:44+00:00,open,olist,False,"{""seller_ids"": [""4e922959ae960d389249c378d1c939f5""], ""seller_locations"": [{""seller_id"": ""4e922959ae960d389249c378d1c939f5"", ""city"": ""jacarei"", ""state"": ""SP""}], ""order_status"": ""delivered"", ""customer_state"": ""SP"", ""item_prices"": [6500]}"
024d4903890a56c2e98df63a32206bd9,d1977d0dffcab41b61db477ceecc3746,7617,1618,2017-11-04T09:51:58+00:00,open,olist,False,"{""seller_ids"": [""1900267e848ceeba8fa32d80c1a5f5a8""], ""seller_locations"": [{""seller_id"": ""1900267e848ceeba8fa32d80c1a5f5a8"", ""city"": ""ibitinga"", ""state"": ""SP""}], ""order_status"": ""delivered"", ""customer_state"": ""MG"", ""item_prices"": [5999]}"
782fab126cb645c5b3a1d88c15760b03,b826f5a1be01413121dd40956bfb9bda,7334,1344,2017-11-04T09:58:43+00:00,open,olist,False,"{""seller_ids"": [""f27e33c6d29b5138fa9967bcd445b6d5""], ""seller_locations"": [{""seller_id"": ""f27e33c6d29b5138fa9967bcd445b6d5"", ""city"": ""sao paulo"", ""state"": ""SP""}], ""order_status"": ""delivered"", ""customer_state"": ""SP"", ""item_prices"": [5990]}"
e2456fa3a339b1e8aa3ea8045a1ead4e,e279ede4d0a73bc22e97ce519415dcd4,62334,2344,2017-11-04T10:11:43+00:00,open,olist,False,"{""seller_ids"": [""b94cc9f10ddc85e4ba73a6f7974e7101""], ""seller_locations"": [{""seller_id"": ""b94cc9f10ddc85e4ba73a6f7974e7101"", ""city"": ""macae"", ""state"": ""RJ""}], ""order_status"": ""delivered"", ""customer_state"": ""RS"", ""item_prices"": [59990]}"
453c6f368bd52d7a2c03f6cc81ccf9d8,ef9b8ed47a7fa26d0bfab94575ab7964,4784,1185,2017-11-04T10:25:02+00:00,open,olist,False,"{""seller_ids"": [""f262cbc1c910c83959f849465454ddd3""], ""seller_locations"": [{""seller_id"": ""f262cbc1c910c83959f849465454ddd3"", ""city"": ""sao paulo"", ""state"": ""SP""}], ""order_status"": ""delivered"", ""customer_state"": ""SP"", ""item_prices"": [3599]}"
0a5862d87bffd3cfdc0615c7aafcf408,d6e3f8ffe22be51ff7df0880477577a9,4398,1408,2017-11-04T10:28:59+00:00,open,olist,False,"{""seller_ids"": [""c8467937e403e76a8ee9f0ab13f6f5ef""], ""seller_locations"": [{""seller_id"": ""c8467937e403e76a8ee9f0ab13f6f5ef"", ""city"": ""pocos de caldas"", ""state"": ""MG""}], ""order_status"": ""delivered"", ""customer_state"": ""SP"", ""item_prices"": [2990]}"
5b649740381032adc79831802d8d221a,f38e382731af9143e1321a49534c395d,25124,3125,2017-11-04T11:11:51+00:00,open,olist,False,"{""seller_ids"": [""ad420dd0c4f92f8af951ac24b86d0cf5""], ""seller_locations"": [{""seller_id"": ""ad420dd0c4f92f8af951ac24b86d0cf5"", ""city"": ""fronteira"", ""state"": ""MG""}], ""order_status"": ""delivered"", ""customer_state"": ""DF"", ""item_prices"": [20000, 1999]}"
1de86d094f7dd41cca13d246d3b7fd07,986c25a5e2ca08ed0a961e8475bfa26d,6197,1269,2017-11-04T11:25:14+00:00,open,olist,False,"{""seller_ids"": [""dc4a0fc896dc34b0d5bfec8438291c80""], ""seller_locations"": [{""seller_id"": ""dc4a0fc896dc34b0d5bfec8438291c80"", ""city"": ""ibitinga"", ""state"": ""SP""}], ""order_status"": ""delivered"", ""customer_state"": ""SP"", ""item_prices"": [4928]}"
d83ba33f7128e7d87dd7709a58cd0a2e,fe5eca6512b89e5786961fa1e8b8fcac,13853,1873,2017-11-04T11:31:59+00:00,open,olist,False,"{""seller_ids"": [""4d6d651bd7684af3fffabd5f08d12e5a""], ""seller_locations"": [{""seller_id"": ""4d6d651bd7684af3fffabd5f08d12e5a"", ""city"": ""jau"", ""state"": ""SP""}], ""order_status"": ""delivered"", ""customer_state"": ""SP"", ""item_prices"": [11980]}"
ea63d003e45a23a57429b135d4595111,8f20174c2cc13c9646f0ddd675a6d36a,11633,1243,2017-11-04T11:48:43+00:00,open,olist,False,"{""seller_ids"": [""b6e1504972665f739dec4facb9943775""], ""seller_locations"": [{""seller_id"": ""b6e1504972665f739dec4facb9943775"", ""city"": ""piracicaba"", ""state"": ""SP""}], ""order_status"": ""delivered"", ""customer_state"": ""SP"", ""item_prices"": [10390]}"
66030147ffa4f133089e5b7578977ac7,aa01e4499023e8a410adc9476261ce02,10896,2896,2017-11-04T11:52:53+00:00,open,olist,False,"{""seller_ids"": [""54965bbe3e4f07ae045b90b0b8541f52""], ""seller_locations"": [{""seller_id"": ""54965bbe3e4f07ae045b90b0b8541f52"", ""city"": ""foz do iguacu"", ""state"": ""PR""}], ""order_status"": ""delivered"", ""customer_state"": ""MT"", ""item_prices"": [8000]}"
8bd3b0d275f7d6d8686ddb86f88a71f6,d55b1d8c88528efb311e84d850c4914e,10494,2994,2017-11-04T11:58:49+00:00,open,olist,False,"{""seller_ids"": [""a416b6a846a11724393025641d4edd5e""], ""seller_locations"": [{""seller_id"": ""a416b6a846a11724393025641d4edd5e"", ""city"": ""sao paulo"", ""state"": ""SP""}], ""order_status"": ""delivered"", ""customer_state"": ""AP"", ""item_prices"": [7500]}"
9ee05256cfc9c15eb6b752dadd498501,f0d8077a3a9e24262cba3f1d2ea07368,4834,934,2017-11-04T12:00:59+00:00,open,olist,False,"{""seller_ids"": [""4830e40640734fc1c52cd21127c341d4""], ""seller_locations"": [{""seller_id"": ""4830e40640734fc1c52cd21127c341d4"", ""city"": ""sao paulo"", ""state"": ""SP""}], ""order_status"": ""delivered"", ""customer_state"": ""SP"", ""item_prices"": [3900]}"
8188245de83e27d91f5454e5ce159b89,cb7eecf6b3b822c5e3d650d79aff5156,11785,1795,2017-11-04T12:02:04+00:00,open,olist,False,"{""seller_ids"": [""da8622b14eb17ae2831f4ac5b9dab84a""], ""seller_locations"": [{""seller_id"": ""da8622b14eb17ae2831f4ac5b9dab84a"", ""city"": ""piracicaba"", ""state"": ""SP""}], ""order_status"": ""delivered"", ""customer_state"": ""MG"", ""item_prices"": [9990]}"
266f8c8ad2326ea2f2272adcb43b7ed9,c80acdd5a52315eead0f8eecd4317362,6201,1611,2017-11-04T12:02:33+00:00,open,olist,False,"{""seller_ids"": [""1c129092bf23f28a5930387c980c0dfc""], ""seller_locations"": [{""seller_id"": ""1c129092bf23f28a5930387c980c0dfc"", ""city"": ""sao paulo"", ""state"": ""SP""}], ""order_status"": ""delivered"", ""customer_state"": ""RJ"", ""item_prices"": [4590]}"
35e29aad915d0ccfeeb308572ff8fe79,36a9da4891b799387b6e7d59173ab8b6,2101,1511,2017-11-04T12:02:38+00:00,open,olist,False,"{""seller_ids"": [""7040e82f899a04d1b434b795a43b4617""], ""seller_locations"": [{""seller_id"": ""7040e82f899a04d1b434b795a43b4617"", ""city"": ""sao paulo"", ""state"": ""SP""}], ""order_status"": ""delivered"", ""customer_state"": ""DF"", ""item_prices"": [590]}"
0886b681f437971243d241ece6cf21d9,d0609a36bb71a14bffd247f7201fffb2,14465,1565,2017-11-04T12:02:41+00:00,open,olist,False,"{""seller_ids"": [""6560211a19b47992c3666cc44a7e94c0""], ""seller_locations"": [{""seller_id"": ""6560211a19b47992c3666cc44a7e94c0"", ""city"": ""sao paulo"", ""state"": ""SP""}], ""order_status"": ""delivered"", ""customer_state"": ""MG"", ""item_prices"": [12900]}"
0ccc28cc32fa5c8ca6a3b2d594700714,cfbf4886ae3c9a97d20957d147e50fbb,21672,3897,2017-11-04T12:03:25+00:00,open,olist,False,"{""seller_ids"": [""4a3ca9315b744ce9f8e9374361493884"", ""cca3071e3e9bb7d12640c9fbe2301306""], ""seller_locations"": [{""seller_id"": ""4a3ca9315b744ce9f8e9374361493884"", ""city"": ""ibitinga"", ""state"": ""SP""}, {""seller_id"": ""cca3071e3e9bb7d12640c9fbe2301306"", ""city"": ""ibitinga"", ""state"": ""SP""}], ""order_status"": ""delivered"", ""customer_state"": ""PR"", ""item_prices"": [8785, 8990]}"
43a95930524a9c5388fa5e417dc23241,db4a068b5f8bcb3e5e45be643f3961b0,71107,2207,2017-11-04T12:14:16+00:00,open,olist,False,"{""seller_ids"": [""4869f7a5dfa277a7dca6462dcf3b52b2""], ""seller_locations"": [{""seller_id"": ""4869f7a5dfa277a7dca6462dcf3b52b2"", ""city"": ""guariba"", ""state"": ""SP""}], ""order_status"": ""delivered"", ""customer_state"": ""RS"", ""item_prices"": [68900]}"
adfee4f7392b7c41fb280b51a787ab3e,3f51fe7189074be3c8355f1ac51679c7,9544,2346,2017-11-04T12:25:22+00:00,open,olist,False,"{""seller_ids"": [""259f7b5e6e482c230e5bfaa670b6bb8f""], ""seller_locations"": [{""seller_id"": ""259f7b5e6e482c230e5bfaa670b6bb8f"", ""city"": ""poa"", ""state"": ""SP""}], ""order_status"": ""delivered"", ""customer_state"": ""SP"", ""item_prices"": [3599, 3599]}"
0198e0de42189b3941d46857a87fac91,095822a49be101736ea0508b80fb827d,6571,872,2017-11-04T12:33:53+00:00,open,olist,False,"{""seller_ids"": [""cc419e0650a3c5ba77189a1882b7556a""], ""seller_locations"": [{""seller_id"": ""cc419e0650a3c5ba77189a1882b7556a"", ""city"": ""santo andre"", ""state"": ""SP""}], ""order_status"": ""delivered"", ""customer_state"": ""SP"", ""item_prices"": [5699]}"
77a5bfa62225470464b913edec2910a3,4e87a86e491f833e7a0347295a2e025e,5300,1510,2017-11-04T12:43:59+00:00,open,olist,False,"{""seller_ids"": [""4a3ccda38b2129705f3fb522db62ca31""], ""seller_locations"": [{""seller_id"": ""4a3ccda38b2129705f3fb522db62ca31"", ""city"": ""marilia"", ""state"": ""SP""}], ""order_status"": ""invoiced"", ""customer_state"": ""MG"", ""item_prices"": [3790]}"
d214b4670d22fbbbce0677ce7e2645ed,0e4c314bf70adc07db976ac1131a8d0e,11545,1546,2017-11-04T12:44:42+00:00,open,olist,False,"{""seller_ids"": [""46dc3b2cc0980fb8ec44634e21d2718e""], ""seller_locations"": [{""seller_id"": ""46dc3b2cc0980fb8ec44634e21d2718e"", ""city"": ""rio de janeiro"", ""state"": ""RJ""}], ""order_status"": ""delivered"", ""customer_state"": ""SP"", ""item_prices"": [9999]}"
194d5589bc5b36954c06e5d34e41f03d,ec2c939a56b9d792f75a3132ee47c2ec,17579,2589,2017-11-04T13:03:15+00:00,open,olist,False,"{""seller_ids"": [""c864036feaab8c1659f65ea4faebe1da""], ""seller_locations"": [{""seller_id"": ""c864036feaab8c1659f65ea4faebe1da"", ""city"": ""campo largo"", ""state"": ""PR""}], ""order_status"": ""delivered"", ""customer_state"": ""RS"", ""item_prices"": [14990]}"
cf785a05b67a9d6bc87e8cb56ec94e77,5b83a6e579043f9d293af671b3fde86a,60828,4838,2017-11-04T13:33:13+00:00,open,olist,False,"{""seller_ids"": [""ce248b21cb2adc36282ede306b7660e5""], ""seller_locations"": [{""seller_id"": ""ce248b21cb2adc36282ede306b7660e5"", ""city"": ""jaragua do sul"", ""state"": ""SC""}], ""order_status"": ""delivered"", ""customer_state"": ""SP"", ""item_prices"": [55990]}"
fc850201b579f014488f1cca40aaa06d,05128663fa180b637c99c17d8ce05949,4900,1410,2017-11-04T13:39:41+00:00,open,olist,False,"{""seller_ids"": [""04e38a233f726ef161074ab1c9b0399a""], ""seller_locations"": [{""seller_id"": ""04e38a233f726ef161074ab1c9b0399a"", ""city"": ""sao paulo"", ""state"": ""SP""}], ""order_status"": ""delivered"", ""customer_state"": ""RJ"", ""item_prices"": [3490]}"
ff903285ed6a7f76ecda147fc463ef57,77a5529971c407965806a921949a2d62,16057,1358,2017-11-04T13:53:28+00:00,open,olist,False,"{""seller_ids"": [""7ddcbb64b5bc1ef36ca8c151f6ec77df""], ""seller_locations"": [{""seller_id"": ""7ddcbb64b5bc1ef36ca8c151f6ec77df"", ""city"": ""sao paulo"", ""state"": ""SP""}], ""order_status"": ""delivered"", ""customer_state"": ""SP"", ""item_prices"": [14699]}"
7ea5afa01a6aed827dec68beed373ea9,3f5c45742c7aa9f895b8b0902587c137,16077,2578,2017-11-04T13:54:18+00:00,open,olist,False,"{""seller_ids"": [""d1c281d3ae149232351cd8c8cc885f0d""], ""seller_locations"": [{""seller_id"": ""d1c281d3ae149232351cd8c8cc885f0d"", ""city"": ""ibitinga"", ""state"": ""SP""}], ""order_status"": ""delivered"", ""customer_state"": ""PR"", ""item_prices"": [13499]}"
f8e76bb341db0c60411beac8a83f312a,2fc5e667ccf2a1c87a798be23f1c920a,21778,5779,2017-11-04T14:02:54+00:00,open,olist,False,"{""seller_ids"": [""ad781527c93d00d89a11eecd9dcad7c1""], ""seller_locations"": [{""seller_id"": ""ad781527c93d00d89a11eecd9dcad7c1"", ""city"": ""sao jose do rio preto"", ""state"": ""SP""}], ""order_status"": ""delivered"", ""customer_state"": ""RJ"", ""item_prices"": [15999]}"
f83c07d038cf7ce0132a5797f823e4fe,2fc5e667ccf2a1c87a798be23f1c920a,21963,2063,2017-11-04T14:02:54+00:00,open,olist,False,"{""seller_ids"": [""12b9676b00f60f3b700e83af21824c0e""], ""seller_locations"": [{""seller_id"": ""12b9676b00f60f3b700e83af21824c0e"", ""city"": ""montenegro"", ""state"": ""RS""}], ""order_status"": ""delivered"", ""customer_state"": ""RJ"", ""item_prices"": [19900]}"
e852ff3390a09b155f3e73343bcfcbe2,61b390579bdb1d9ab9562b7b231955dc,5310,1510,2017-11-04T14:04:06+00:00,open,olist,False,"{""seller_ids"": [""7299e27ed73d2ad986de7f7c77d919fa""], ""seller_locations"": [{""seller_id"": ""7299e27ed73d2ad986de7f7c77d919fa"", ""city"": ""araguari"", ""state"": ""MG""}], ""order_status"": ""delivered"", ""customer_state"": ""RJ"", ""item_prices"": [3800]}"
e6712050b6cb63061665c44062c15b78,105b90bd13985a707ab2cc4567cb7c58,14485,1817,2017-11-04T14:07:11+00:00,open,olist,False,"{""seller_ids"": [""fa1c13f2614d7b5c4749cbc52fecda94""], ""seller_locations"": [{""seller_id"": ""fa1c13f2614d7b5c4749cbc52fecda94"", ""city"": ""sumare"", ""state"": ""SP""}], ""order_status"": ""delivered"", ""customer_state"": ""PE"", ""item_prices"": [12668]}"
58c6e33bc7b4ebacdc2171cd9e2c6f96,029939dc94df37cac6ac39bb3e55562f,16751,2052,2017-11-04T14:10:26+00:00,open,olist,False,"{""seller_ids"": [""7ddcbb64b5bc1ef36ca8c151f6ec77df""], ""seller_locations"": [{""seller_id"": ""7ddcbb64b5bc1ef36ca8c151f6ec77df"", ""city"": ""sao paulo"", ""state"": ""SP""}], ""order_status"": ""delivered"", ""customer_state"": ""RJ"", ""item_prices"": [14699]}"
3bbf8f927f288e4a1854c7c12d0dc1b7,3cd86c600cc096464ad1f49a47dcf59c,8620,2820,2017-11-04T14:10:49+00:00,open,olist,False,"{""seller_ids"": [""6560211a19b47992c3666cc44a7e94c0""], ""seller_locations"": [{""seller_id"": ""6560211a19b47992c3666cc44a7e94c0"", ""city"": ""sao paulo"", ""state"": ""SP""}], ""order_status"": ""delivered"", ""customer_state"": ""MG"", ""item_prices"": [2900, 2900]}"
536b55df90b1eadec8cd2151d8d54536,efc96f2b0d64a87eab5fda58be1f6c57,51428,2629,2017-11-04T14:16:12+00:00,open,olist,False,"{""seller_ids"": [""9de4643a8dbde634fe55621059d92273""], ""seller_locations"": [{""seller_id"": ""9de4643a8dbde634fe55621059d92273"", ""city"": ""joinville"", ""state"": ""SC""}], ""order_status"": ""delivered"", ""customer_state"": ""MG"", ""item_prices"": [48799]}"
7ef3a4439f550deadd7bc3891b2f6242,7c5cd64106c9160122fd28b026cec28b,7276,1276,2017-11-04T14:31:26+00:00,open,olist,False,"{""seller_ids"": [""1dfe5347016252a7884b694d4f10f5c4""], ""seller_locations"": [{""seller_id"": ""1dfe5347016252a7884b694d4f10f5c4"", ""city"": ""ibitinga"", ""state"": ""SP""}], ""order_status"": ""delivered"", ""customer_state"": ""SP"", ""item_prices"": [6000]}"
d0dbda050bd2eab75385fd7d22fc3a80,1e24bcbf79c2fe9dfbfc065e1a6c4780,16830,5050,2017-11-04T14:32:12+00:00,open,olist,False,"{""seller_ids"": [""813348c996469b40f2e028d5429d3495""], ""seller_locations"": [{""seller_id"": ""813348c996469b40f2e028d5429d3495"", ""city"": ""jundiai"", ""state"": ""SP""}], ""order_status"": ""delivered"", ""customer_state"": ""MG"", ""item_prices"": [5890, 5890]}"
5754e773f5f53dbb1fd793be8d1250eb,7b8613dd80f23830102271dcf047f27e,4009,1510,2017-11-04T14:34:23+00:00,open,olist,False,"{""seller_ids"": [""ea8482cd71df3c1969d7b9473ff13abc""], ""seller_locations"": [{""seller_id"": ""ea8482cd71df3c1969d7b9473ff13abc"", ""city"": ""sao paulo"", ""state"": ""SP""}], ""order_status"": ""delivered"", ""customer_state"": ""SC"", ""item_prices"": [2499]}"
55d4ac8ab9f932ba5badbf6088b9a1c3,c1247f49e4171bb71b390a4eea026a56,15500,1250,2017-11-04T14:36:45+00:00,open,olist,False,"{""seller_ids"": [""058fd0aa2bfdb2274e05e1ae971dabb6""], ""seller_locations"": [{""seller_id"": ""058fd0aa2bfdb2274e05e1ae971dabb6"", ""city"": ""santo andre"", ""state"": ""SP""}], ""order_status"": ""delivered"", ""customer_state"": ""SP"", ""item_prices"": [14250]}"
04b21593198275390ded3d92c6d9fd6a,423f9e0c39ec9e6ca5b4aea2791393e1,55509,5609,2017-11-04T14:41:09+00:00,open,olist,False,"{""seller_ids"": [""2528513dd95219a6013d4d05176e391a""], ""seller_locations"": [{""seller_id"": ""2528513dd95219a6013d4d05176e391a"", ""city"": ""osasco"", ""state"": ""SP""}], ""order_status"": ""delivered"", ""customer_state"": ""RJ"", ""item_prices"": [49900]}"
2904c252504167d25044631cfa95a558,95295e9cda1d086d82030c9485f14c74,123462,3472,2017-11-04T14:51:41+00:00,open,olist,False,"{""seller_ids"": [""c847e075301870dd144a116762eaff9a""], ""seller_locations"": [{""seller_id"": ""c847e075301870dd144a116762eaff9a"", ""city"": ""uberaba"", ""state"": ""MG""}], ""order_status"": ""delivered"", ""customer_state"": ""RJ"", ""item_prices"": [119990]}"
91d38275ca75e585338637cc73deeec1,464522fecc7b52a42faf755f562c1048,30477,1677,2017-11-04T15:04:25+00:00,open,olist,False,"{""seller_ids"": [""fe2032dab1a61af8794248c8196565c9""], ""seller_locations"": [{""seller_id"": ""fe2032dab1a61af8794248c8196565c9"", ""city"": ""campinas"", ""state"": ""SP""}], ""order_status"": ""delivered"", ""customer_state"": ""RS"", ""item_prices"": [28800]}"
5845efeb1a7164fc3885f465a37ebd46,d16c23f187530d1aba8bd8cd58b8cec9,5169,1269,2017-11-04T15:32:14+00:00,open,olist,False,"{""seller_ids"": [""3d871de0142ce09b7081e2b9d1733cb1""], ""seller_locations"": [{""seller_id"": ""3d871de0142ce09b7081e2b9d1733cb1"", ""city"": ""campo limpo paulista"", ""state"": ""SP""}], ""order_status"": ""delivered"", ""customer_state"": ""SP"", ""item_prices"": [3900]}"
797758082c81c67fa72cb48448b5225c,6948c3ead81cb5ad121a53836d6bd858,21605,1615,2017-11-04T15:52:35+00:00,open,olist,False,"{""seller_ids"": [""4a3ccda38b2129705f3fb522db62ca31""], ""seller_locations"": [{""seller_id"": ""4a3ccda38b2129705f3fb522db62ca31"", ""city"": ""marilia"", ""state"": ""SP""}], ""order_status"": ""delivered"", ""customer_state"": ""PR"", ""item_prices"": [19990]}"
363424d26d96395e168488b25d4b9efc,578d11a64d1b03dc76793ce64f4d65a9,3675,1185,2017-11-04T16:14:38+00:00,open,olist,False,"{""seller_ids"": [""7d76b645482be4a332374e8223836592""], ""seller_locations"": [{""seller_id"": ""7d76b645482be4a332374e8223836592"", ""city"": ""sao paulo"", ""state"": ""SP""}], ""order_status"": ""delivered"", ""customer_state"": ""SP"", ""item_prices"": [2490]}"
804a79d234b0f9470b218e9abef45e7e,c7fb8ec1ea35af7e89f989b6e17e2bd8,67882,1912,2017-11-04T16:29:23+00:00,open,olist,False,"{""seller_ids"": [""fa1c13f2614d7b5c4749cbc52fecda94""], ""seller_locations"": [{""seller_id"": ""fa1c13f2614d7b5c4749cbc52fecda94"", ""city"": ""sumare"", ""state"": ""SP""}], ""order_status"": ""delivered"", ""customer_state"": ""SP"", ""item_prices"": [28490, 37480]}"
b041fef38844f3b487478d3c16c3ff90,d37b5d5b492f667ea230e377a97fe859,7757,1767,2017-11-04T16:30:20+00:00,open,olist,False,"{""seller_ids"": [""1f50f920176fa81dab994f9023523100""], ""seller_locations"": [{""seller_id"": ""1f50f920176fa81dab994f9023523100"", ""city"": ""sao jose do rio preto"", ""state"": ""SP""}], ""order_status"": ""delivered"", ""customer_state"": ""DF"", ""item_prices"": [5990]}"
b0d704a2823bd5fc86a8b47a4671d219,3d079dcf2a5e4a0517f8ed0af8fe0b6a,6569,1579,2017-11-04T16:37:45+00:00,open,olist,False,"{""seller_ids"": [""fa40cc5b934574b62717c68f3d678b6d""], ""seller_locations"": [{""seller_id"": ""fa40cc5b934574b62717c68f3d678b6d"", ""city"": ""sao paulo"", ""state"": ""SP""}], ""order_status"": ""delivered"", ""customer_state"": ""BA"", ""item_prices"": [4990]}"
d347f2967d904f9f8657e9919366545c,5278be4edc434fcbd9c86f8574bae5d7,3400,1410,2017-11-04T16:55:38+00:00,open,olist,False,"{""seller_ids"": [""71039d19d4303bf9054d69e9a9236699""], ""seller_locations"": [{""seller_id"": ""71039d19d4303bf9054d69e9a9236699"", ""city"": ""sao paulo"", ""state"": ""SP""}], ""order_status"": ""delivered"", ""customer_state"": ""RJ"", ""item_prices"": [1990]}"
c3ea3d111a47aec730f0a2aa73a6588b,818424e02ee185318b30b99bf7f9cd29,13194,1204,2017-11-04T16:55:44+00:00,open,olist,False,"{""seller_ids"": [""f7496d659ca9fdaf323c0aae84176632""], ""seller_locations"": [{""seller_id"": ""f7496d659ca9fdaf323c0aae84176632"", ""city"": ""sao paulo"", ""state"": ""SP""}], ""order_status"": ""delivered"", ""customer_state"": ""SP"", ""item_prices"": [11990]}"
fbee1784fcce86e1c120a0b525750e57,6f2013debda201c8ffa9b4a783ef1622,4079,1579,2017-11-04T17:01:40+00:00,open,olist,False,"{""seller_ids"": [""432c37c9dfba871172ec162e20118b8c""], ""seller_locations"": [{""seller_id"": ""432c37c9dfba871172ec162e20118b8c"", ""city"": ""brasilia"", ""state"": ""DF""}], ""order_status"": ""delivered"", ""customer_state"": ""SP"", ""item_prices"": [2500]}"
db3b94ddef8837c5c780836f80da86c7,9a81c7dc0ab471b009bc6c0b3fd8ec1d,101752,21753,2017-11-04T17:06:18+00:00,open,olist,False,"{""seller_ids"": [""c35affa65afd250151285c5917fc1c8a""], ""seller_locations"": [{""seller_id"": ""c35affa65afd250151285c5917fc1c8a"", ""city"": ""sao paluo"", ""state"": ""SP""}], ""order_status"": ""delivered"", ""customer_state"": ""RO"", ""item_prices"": [79999]}"
fb34891f680ec3b5b3b0dd8d9f863d2a,7faa5e8b6dfa50377c3c5f482cf83d8d,9786,4086,2017-11-04T17:16:38+00:00,open,olist,False,"{""seller_ids"": [""c4fb51fb1c5b7c07bc5e67be6e7e8f6e""], ""seller_locations"": [{""seller_id"": ""c4fb51fb1c5b7c07bc5e67be6e7e8f6e"", ""city"": ""curitiba"", ""state"": ""PR""}], ""order_status"": ""delivered"", ""customer_state"": ""PA"", ""item_prices"": [5700]}"
be382a9e1ed25128148b97d6bfdb21af,6d394722d5fc5e721aee6875a218d8db,203920,47928,2017-11-04T17:29:15+00:00,open,olist,False,"{""seller_ids"": [""7c67e1448b00f6e969d365cea6b010ab""], ""seller_locations"": [{""seller_id"": ""7c67e1448b00f6e969d365cea6b010ab"", ""city"": ""itaquaquecetuba"", ""state"": ""SP""}], ""order_status"": ""delivered"", ""customer_state"": ""RJ"", ""item_prices"": [19499, 19499, 19499, 19499, 19499, 19499, 19499, 19499]}"
d0b89f48792a49d4ed750adcc08236c5,ec926d74ab971660d5584693e3c317dc,4781,1760,2017-11-04T17:35:10+00:00,open,olist,False,"{""seller_ids"": [""897060da8b9a21f655304d50fd935913""], ""seller_locations"": [{""seller_id"": ""897060da8b9a21f655304d50fd935913"", ""city"": ""ribeirao preto"", ""state"": ""SP""}], ""order_status"": ""shipped"", ""customer_state"": ""RS"", ""item_prices"": [3021]}"
d82197665b49263e8815437c1e860b1c,e620be18eb7152ef8303a266641a5cf5,7507,1517,2017-11-04T17:42:02+00:00,open,olist,False,"{""seller_ids"": [""dc8798cbf453b7e0f98745e396cc5616""], ""seller_locations"": [{""seller_id"": ""dc8798cbf453b7e0f98745e396cc5616"", ""city"": ""sao paulo"", ""state"": ""SP""}], ""order_status"": ""delivered"", ""customer_state"": ""MG"", ""item_prices"": [5990]}"
36c03fb1172cec1edee00c380e3ae9ec,82ff394fc2b8861825166bfc7ec12644,9287,1598,2017-11-04T17:46:25+00:00,open,olist,False,"{""seller_ids"": [""5656537e588803a555b8eb41f07a944b""], ""seller_locations"": [{""seller_id"": ""5656537e588803a555b8eb41f07a944b"", ""city"": ""brasilia"", ""state"": ""DF""}], ""order_status"": ""delivered"", ""customer_state"": ""SP"", ""item_prices"": [7689]}"
e01023596310bc78e2726329569e3d21,c54b688917ba01fd1529c189c1f593d3,3675,1185,2017-11-04T18:01:05+00:00,open,olist,False,"{""seller_ids"": [""da8622b14eb17ae2831f4ac5b9dab84a""], ""seller_locations"": [{""seller_id"": ""da8622b14eb17ae2831f4ac5b9dab84a"", ""city"": ""piracicaba"", ""state"": ""SP""}], ""order_status"": ""delivered"", ""customer_state"": ""SP"", ""item_prices"": [2490]}"
bcf65f82b751df0d1a320ae5078b92ab,ddc7e78822511e9ba4ef62aee5f0ec6b,8800,3020,2017-11-04T18:20:58+00:00,open,olist,False,"{""seller_ids"": [""670c26e0f1bf8d0576271d5cfaec6d2b""], ""seller_locations"": [{""seller_id"": ""670c26e0f1bf8d0576271d5cfaec6d2b"", ""city"": ""maringa"", ""state"": ""PR""}], ""order_status"": ""delivered"", ""customer_state"": ""SC"", ""item_prices"": [2890, 2890]}"
f3aa2dd753099c0b69934615c49540c2,548c8c880671355a078b42dd9198405b,2177,778,2017-11-04T18:26:00+00:00,open,olist,False,"{""seller_ids"": [""1da3aeb70d7989d1e6d9b0e887f97c23""], ""seller_locations"": [{""seller_id"": ""1da3aeb70d7989d1e6d9b0e887f97c23"", ""city"": ""sao paulo"", ""state"": ""SP""}], ""order_status"": ""shipped"", ""customer_state"": ""SP"", ""item_prices"": [1399]}"
08a72c88fa7ee3652a339070245b9f1e,8e7798dd3d11650d0702e888c0ea37ff,31912,6922,2017-11-04T18:50:58+00:00,open,olist,False,"{""seller_ids"": [""dc317f341ab0e22f39acbd9dbf9b4a1f""], ""seller_locations"": [{""seller_id"": ""dc317f341ab0e22f39acbd9dbf9b4a1f"", ""city"": ""cachoeirinha"", ""state"": ""RS""}], ""order_status"": ""delivered"", ""customer_state"": ""RJ"", ""item_prices"": [24990]}"
504b7cb87442ebd376fbcab13b114a3f,8cfe342553b4a1db7bc8ba9e2f98b596,16751,2052,2017-11-04T18:59:16+00:00,open,olist,False,"{""seller_ids"": [""7ddcbb64b5bc1ef36ca8c151f6ec77df""], ""seller_locations"": [{""seller_id"": ""7ddcbb64b5bc1ef36ca8c151f6ec77df"", ""city"": ""sao paulo"", ""state"": ""SP""}], ""order_status"": ""delivered"", ""customer_state"": ""MG"", ""item_prices"": [14699]}"
201fa78c1fb6877f57ca0689e8538bc1,37f8fa0b4ce75bc83caf2a6a3052dce8,7716,1767,2017-11-04T19:21:33+00:00,open,olist,False,"{""seller_ids"": [""2e1c9f22be269ef4643f826c9e650a52""], ""seller_locations"": [{""seller_id"": ""2e1c9f22be269ef4643f826c9e650a52"", ""city"": ""sao paulo"", ""state"": ""SP""}], ""order_status"": ""delivered"", ""customer_state"": ""MG"", ""item_prices"": [5949]}"
9f68f87aaf72589c361305b9d4900b78,c242a0771386d44b6875be1fbb88a538,31753,1853,2017-11-04T19:22:13+00:00,open,olist,False,"{""seller_ids"": [""e0878efa0e0b7e5313ac0b43bc04c081""], ""seller_locations"": [{""seller_id"": ""e0878efa0e0b7e5313ac0b43bc04c081"", ""city"": ""curitiba"", ""state"": ""PR""}], ""order_status"": ""delivered"", ""customer_state"": ""MG"", ""item_prices"": [29900]}"
e5a82ab3e8fd5f8a2ff5c12f15736659,2d462921bfc3604f732bb3109d5e7259,4600,1410,2017-11-04T19:27:25+00:00,open,olist,False,"{""seller_ids"": [""85d9eb9ddc5d00ca9336a2219c97bb13""], ""seller_locations"": [{""seller_id"": ""85d9eb9ddc5d00ca9336a2219c97bb13"", ""city"": ""belo horizonte"", ""state"": ""MG""}], ""order_status"": ""delivered"", ""customer_state"": ""SP"", ""item_prices"": [3190]}"
b3ada39a1e9a71ee3b5dc5d61b32f0ca,f153272ca75661659630de82f3f2084d,19592,1602,2017-11-04T19:58:30+00:00,open,olist,False,"{""seller_ids"": [""83deb69e889cf80f82be1dc6d5f2d486""], ""seller_locations"": [{""seller_id"": ""83deb69e889cf80f82be1dc6d5f2d486"", ""city"": ""florianopolis"", ""state"": ""SC""}], ""order_status"": ""delivered"", ""customer_state"": ""SP"", ""item_prices"": [17990]}"
beb1c748e3742c97274d107f109c6298,715506d20bbcdf6e2665aef32c378cc8,11212,2713,2017-11-04T20:04:11+00:00,open,olist,False,"{""seller_ids"": [""cc419e0650a3c5ba77189a1882b7556a""], ""seller_locations"": [{""seller_id"": ""cc419e0650a3c5ba77189a1882b7556a"", ""city"": ""santo andre"", ""state"": ""SP""}], ""order_status"": ""delivered"", ""customer_state"": ""CE"", ""item_prices"": [8499]}"
8a98ad89f447011bd6ed7b90a5cc2b4a,30638e9176bb2e8c6edf015710f8c8fa,23692,5792,2017-11-04T20:07:29+00:00,open,olist,False,"{""seller_ids"": [""3d871de0142ce09b7081e2b9d1733cb1""], ""seller_locations"": [{""seller_id"": ""3d871de0142ce09b7081e2b9d1733cb1"", ""city"": ""campo limpo paulista"", ""state"": ""SP""}], ""order_status"": ""delivered"", ""customer_state"": ""SC"", ""item_prices"": [17900]}"
d3c5d59ee5c6bd9cbb3230d8bfebfffb,00575b2023dedcc0f3e81a938834689b,3238,1248,2017-11-04T20:24:52+00:00,open,olist,False,"{""seller_ids"": [""128639473a139ac0f3e5f5ade55873a5""], ""seller_locations"": [{""seller_id"": ""128639473a139ac0f3e5f5ade55873a5"", ""city"": ""maringa"", ""state"": ""PR""}], ""order_status"": ""delivered"", ""customer_state"": ""PR"", ""item_prices"": [1990]}"
321d9d09f4d1ffa67dd4ca76b9914da0,1d514d88794bb46123db575f387bf739,10778,1788,2017-11-04T20:27:39+00:00,open,olist,False,"{""seller_ids"": [""da8622b14eb17ae2831f4ac5b9dab84a""], ""seller_locations"": [{""seller_id"": ""da8622b14eb17ae2831f4ac5b9dab84a"", ""city"": ""piracicaba"", ""state"": ""SP""}], ""order_status"": ""delivered"", ""customer_state"": ""RJ"", ""item_prices"": [8990]}"
ad8f6641cb556bea52f1b3f0d08f1fca,081da3a79ed883f702a083f1e963900c,13386,1386,2017-11-04T20:30:56+00:00,open,olist,False,"{""seller_ids"": [""3d871de0142ce09b7081e2b9d1733cb1""], ""seller_locations"": [{""seller_id"": ""3d871de0142ce09b7081e2b9d1733cb1"", ""city"": ""campo limpo paulista"", ""state"": ""SP""}], ""order_status"": ""delivered"", ""customer_state"": ""SP"", ""item_prices"": [12000]}"
260b8c09973c3e4067907121aac17c14,c32eefe4715ca1180e41d4e67c6978ba,11718,2538,2017-11-04T20:36:20+00:00,open,olist,False,"{""seller_ids"": [""cca3071e3e9bb7d12640c9fbe2301306""], ""seller_locations"": [{""seller_id"": ""cca3071e3e9bb7d12640c9fbe2301306"", ""city"": ""ibitinga"", ""state"": ""SP""}], ""order_status"": ""delivered"", ""customer_state"": ""SP"", ""item_prices"": [4590, 4590]}"
3101c208f7e41c66b3929266928afa56,37e06dc2d138214d1562fa194a2f4fae,6992,1614,2017-11-04T20:42:48+00:00,open,olist,False,"{""seller_ids"": [""17e34d8224d27a541263c4c64b11a56b""], ""seller_locations"": [{""seller_id"": ""17e34d8224d27a541263c4c64b11a56b"", ""city"": ""riberao preto"", ""state"": ""SP""}], ""order_status"": ""delivered"", ""customer_state"": ""MG"", ""item_prices"": [5378]}"
d5b4f23f53baadbbaaf0c6a983494333,e2af42f42a86805055a8e71af58ee71e,4409,1510,2017-11-04T20:54:50+00:00,open,olist,False,"{""seller_ids"": [""ef506c96320abeedfb894c34db06f478""], ""seller_locations"": [{""seller_id"": ""ef506c96320abeedfb894c34db06f478"", ""city"": ""sao paulo"", ""state"": ""SP""}], ""order_status"": ""delivered"", ""customer_state"": ""MG"", ""item_prices"": [2899]}"
58563954fff8aefe4f7ca6827885a5f6,02b9defff3fd946df37af806a194a49b,4278,778,2017-11-04T21:01:13+00:00,open,olist,False,"{""seller_ids"": [""6560211a19b47992c3666cc44a7e94c0""], ""seller_locations"": [{""seller_id"": ""6560211a19b47992c3666cc44a7e94c0"", ""city"": ""sao paulo"", ""state"": ""SP""}], ""order_status"": ""delivered"", ""customer_state"": ""SP"", ""item_prices"": [3500]}"
59fcd6efd47e8f61ca7c5d872abe3ccf,e7421fd9e84363b840f3ef9d6e879b4e,6611,1611,2017-11-04T21:07:29+00:00,open,olist,False,"{""seller_ids"": [""855668e0971d4dfd7bef1b6a4133b41b""], ""seller_locations"": [{""seller_id"": ""855668e0971d4dfd7bef1b6a4133b41b"", ""city"": ""itatiba"", ""state"": ""SP""}], ""order_status"": ""delivered"", ""customer_state"": ""SC"", ""item_prices"": [5000]}"
1c3a07f6d5470538c2bbed1275e785b3,cdba7ccee20eda71daddbfceb0e1cea1,17209,5319,2017-11-04T21:10:16+00:00,open,olist,False,"{""seller_ids"": [""8c16d1f32a54d92897cc437244442e1b""], ""seller_locations"": [{""seller_id"": ""8c16d1f32a54d92897cc437244442e1b"", ""city"": ""blumenau"", ""state"": ""SC""}], ""order_status"": ""delivered"", ""customer_state"": ""RO"", ""item_prices"": [11890]}"
a02db77e1f2b1eb32c2cf8793740843d,44a22a3351d7f1bb3d337d1be11b41fb,5621,872,2017-11-04T21:14:30+00:00,open,olist,False,"{""seller_ids"": [""2e1c9f22be269ef4643f826c9e650a52""], ""seller_locations"": [{""seller_id"": ""2e1c9f22be269ef4643f826c9e650a52"", ""city"": ""sao paulo"", ""state"": ""SP""}], ""order_status"": ""delivered"", ""customer_state"": ""SP"", ""item_prices"": [4749]}"
281adb47b408b1e1866642b03432f095,74e79d184c9d0034b5ee498813abbc7b,8767,1777,2017-11-04T21:20:18+00:00,open,olist,False,"{""seller_ids"": [""7722b1df1b0e383e000397b2c11e3e19""], ""seller_locations"": [{""seller_id"": ""7722b1df1b0e383e000397b2c11e3e19"", ""city"": ""sao bernardo do campo"", ""state"": ""SP""}], ""order_status"": ""delivered"", ""customer_state"": ""CE"", ""item_prices"": [6990]}"
31842de63b28390ef7b35e9b7c4a94a3,dec0b0af1827fb725bf3a9d98063d2b4,9737,837,2017-11-04T21:28:16+00:00,open,olist,False,"{""seller_ids"": [""4e922959ae960d389249c378d1c939f5""], ""seller_locations"": [{""seller_id"": ""4e922959ae960d389249c378d1c939f5"", ""city"": ""jacarei"", ""state"": ""SP""}], ""order_status"": ""delivered"", ""customer_state"": ""SP"", ""item_prices"": [8900]}"
c3cc6a266e4c55bcf3f8d72556617cf8,340eb5fa89140c45f5be0a7a4cbb571b,16668,1681,2017-11-04T21:28:42+00:00,open,olist,False,"{""seller_ids"": [""25c5c91f63607446a97b143d2d535d31""], ""seller_locations"": [{""seller_id"": ""25c5c91f63607446a97b143d2d535d31"", ""city"": ""itauna"", ""state"": ""MG""}], ""order_status"": ""delivered"", ""customer_state"": ""SP"", ""item_prices"": [14987]}"
9a3f1cdf5909e7ed3b0566e9ee3f1618,0f5a5218812ded0d641b87f580c47ca9,21286,4286,2017-11-04T21:37:25+00:00,open,olist,False,"{""seller_ids"": [""955fee9216a65b617aa5c0531780ce60""], ""seller_locations"": [{""seller_id"": ""955fee9216a65b617aa5c0531780ce60"", ""city"": ""sao paulo"", ""state"": ""SP""}], ""order_status"": ""delivered"", ""customer_state"": ""SC"", ""item_prices"": [8500, 8500]}"
6b1b8ac3b7a9f8088825fa1152811b1f,ecf034665697bb068f20143aa3fd4e8e,7757,1767,2017-11-04T21:54:55+00:00,open,olist,False,"{""seller_ids"": [""1f50f920176fa81dab994f9023523100""], ""seller_locations"": [{""seller_id"": ""1f50f920176fa81dab994f9023523100"", ""city"": ""sao jose do rio preto"", ""state"": ""SP""}], ""order_status"": ""delivered"", ""customer_state"": ""PR"", ""item_prices"": [5990]}"
980b9aef670d4659912793b2fffdea29,fbbc90758764567a8630c142c3b84402,4738,1248,2017-11-04T22:08:08+00:00,open,olist,False,"{""seller_ids"": [""0ea22c1cfbdc755f86b9b54b39c16043""], ""seller_locations"": [{""seller_id"": ""0ea22c1cfbdc755f86b9b54b39c16043"", ""city"": ""sete lagoas"", ""state"": ""MG""}], ""order_status"": ""delivered"", ""customer_state"": ""MG"", ""item_prices"": [3490]}"
db8d02df9b1149df5c94b9619ae11e4b,3eac075c434a1fece6c3a94430746cc7,10678,1688,2017-11-04T22:17:07+00:00,open,olist,False,"{""seller_ids"": [""bd23da7354813347129d751591d1a6e2""], ""seller_locations"": [{""seller_id"": ""bd23da7354813347129d751591d1a6e2"", ""city"": ""sao paulo"", ""state"": ""SP""}], ""order_status"": ""delivered"", ""customer_state"": ""PR"", ""item_prices"": [8990]}"
d1ecf8ea463b1f0cee4ecb78c2c5e3f1,a85021416086b65d3e8dd1b205988fe0,6200,2820,2017-11-04T22:21:11+00:00,open,olist,False,"{""seller_ids"": [""8d46553a36e68f95350a200c12f8f2e2""], ""seller_locations"": [{""seller_id"": ""8d46553a36e68f95350a200c12f8f2e2"", ""city"": ""campinas"", ""state"": ""SP""}], ""order_status"": ""processing"", ""customer_state"": ""DF"", ""item_prices"": [1690, 1690]}"
fdfb66d87e905833548d15ef7f08ee60,93c698e1c95478c1e46c375c8d588ae1,30386,4396,2017-11-04T22:23:51+00:00,open,olist,False,"{""seller_ids"": [""710e3548e02bc1d2831dfc4f1b5b14d4""], ""seller_locations"": [{""seller_id"": ""710e3548e02bc1d2831dfc4f1b5b14d4"", ""city"": ""rolandia"", ""state"": ""PR""}], ""order_status"": ""delivered"", ""customer_state"": ""SP"", ""item_prices"": [25990]}"
b3a5244e63837c138b11bad69f104bd2,3649e61287fc6b7d763d7555342b1def,17743,3044,2017-11-04T22:25:11+00:00,open,olist,False,"{""seller_ids"": [""7ddcbb64b5bc1ef36ca8c151f6ec77df""], ""seller_locations"": [{""seller_id"": ""7ddcbb64b5bc1ef36ca8c151f6ec77df"", ""city"": ""sao paulo"", ""state"": ""SP""}], ""order_status"": ""delivered"", ""customer_state"": ""MA"", ""item_prices"": [14699]}"
297cce15c34916477e3daa6b59db8a67,8fa772a05f9db0319b6537f94d1eec58,42318,5727,2017-11-04T23:15:33+00:00,open,olist,False,"{""seller_ids"": [""17ca9b9e9b9ef8fdb529001b49ebb50f""], ""seller_locations"": [{""seller_id"": ""17ca9b9e9b9ef8fdb529001b49ebb50f"", ""city"": ""betim"", ""state"": ""MG""}], ""order_status"": ""delivered"", ""customer_state"": ""ES"", ""item_prices"": [12197, 12197, 12197]}"
ff2635a956565ccce72d295a39423aea,8148a04267b770094c93db158285ffd3,9879,2889,2017-11-04T23:17:13+00:00,open,olist,False,"{""seller_ids"": [""620c87c171fb2a6dd6e8bb4dec959fc6""], ""seller_locations"": [{""seller_id"": ""620c87c171fb2a6dd6e8bb4dec959fc6"", ""city"": ""petropolis"", ""state"": ""RJ""}], ""order_status"": ""delivered"", ""customer_state"": ""BA"", ""item_prices"": [6990]}"
cd69fdf2e46758d65a29de7bb4766e5b,b993981240043cefcacd680e731fffe9,10570,1215,2017-11-04T23:17:28+00:00,open,olist,False,"{""seller_ids"": [""4a3ca9315b744ce9f8e9374361493884""], ""seller_locations"": [{""seller_id"": ""4a3ca9315b744ce9f8e9374361493884"", ""city"": ""ibitinga"", ""state"": ""SP""}], ""order_status"": ""delivered"", ""customer_state"": ""SP"", ""item_prices"": [9355]}"
a9b40303a2123e60ba30e5c02613e6dc,5692f45005b99d929b723b96408957ec,15514,3534,2017-11-04T23:27:43+00:00,open,olist,False,"{""seller_ids"": [""1f50f920176fa81dab994f9023523100""], ""seller_locations"": [{""seller_id"": ""1f50f920176fa81dab994f9023523100"", ""city"": ""sao jose do rio preto"", ""state"": ""SP""}], ""order_status"": ""delivered"", ""customer_state"": ""SC"", ""item_prices"": [5990, 5990]}"
5f96a11ca1438f152748a22210b680c8,ae927677d2eeaba059c05cc2154902ce,18838,2858,2017-11-04T23:44:13+00:00,open,olist,False,"{""seller_ids"": [""f3b80352b986ab4d1057a4b724be19d0""], ""seller_locations"": [{""seller_id"": ""f3b80352b986ab4d1057a4b724be19d0"", ""city"": ""brasilia"", ""state"": ""DF""}], ""order_status"": ""delivered"", ""customer_state"": ""GO"", ""item_prices"": [7990, 7990]}"
3c8c15b1af4ebac663b1e5645cd05506,b0c5e02d315f15318e37d7aab7ebb289,9171,3121,2017-11-05T00:20:43+00:00,open,olist,False,"{""seller_ids"": [""1336efc61c316ddf92c899eb817f7cae"", ""37515688008a7a40ac93e3b2e4ab203f""], ""seller_locations"": [{""seller_id"": ""1336efc61c316ddf92c899eb817f7cae"", ""city"": ""assis"", ""state"": ""SP""}, {""seller_id"": ""37515688008a7a40ac93e3b2e4ab203f"", ""city"": ""dracena"", ""state"": ""SP""}], ""order_status"": ""delivered"", ""customer_state"": ""RJ"", ""item_prices"": [3600, 2450]}"
775a7a08701f1131029bf828eb85b602,b0c5e02d315f15318e37d7aab7ebb289,3309,1410,2017-11-05T00:20:47+00:00,open,olist,False,"{""seller_ids"": [""1b8356dabde1d35e17cef975c3f82730""], ""seller_locations"": [{""seller_id"": ""1b8356dabde1d35e17cef975c3f82730"", ""city"": ""sao paulo"", ""state"": ""SP""}], ""order_status"": ""delivered"", ""customer_state"": ""RJ"", ""item_prices"": [1899]}"
6c0c8452f4e021b56ee9a49c4ceb075a,14576e3c4cbda70c7fc84decdd33214f,11694,1794,2017-11-05T00:31:10+00:00,open,olist,False,"{""seller_ids"": [""3d871de0142ce09b7081e2b9d1733cb1""], ""seller_locations"": [{""seller_id"": ""3d871de0142ce09b7081e2b9d1733cb1"", ""city"": ""campo limpo paulista"", ""state"": ""SP""}], ""order_status"": ""delivered"", ""customer_state"": ""RJ"", ""item_prices"": [9900]}"
72fac1240f2dbf9cb8947475f525d588,531707a5ce57f7d05a0697fe81587687,6228,4238,2017-11-05T00:42:40+00:00,open,olist,False,"{""seller_ids"": [""8b28d096634035667e8263d57ba3368c""], ""seller_locations"": [{""seller_id"": ""8b28d096634035667e8263d57ba3368c"", ""city"": ""sao jose dos campos"", ""state"": ""SP""}], ""order_status"": ""delivered"", ""customer_state"": ""RS"", ""item_prices"": [1990]}"
e9f5a7b6ba6d2c2d62ba0ad5109453f8,0d4f16ef5e1cafae6327a3440c180629,16751,2052,2017-11-05T00:51:56+00:00,open,olist,False,"{""seller_ids"": [""7ddcbb64b5bc1ef36ca8c151f6ec77df""], ""seller_locations"": [{""seller_id"": ""7ddcbb64b5bc1ef36ca8c151f6ec77df"", ""city"": ""sao paulo"", ""state"": ""SP""}], ""order_status"": ""delivered"", ""customer_state"": ""RJ"", ""item_prices"": [14699]}"
7892114ce9e8834d860b44a782ef9af6,b7f8a7b85fdd98bc5fd951c67b6e1684,4178,1679,2017-11-05T00:57:30+00:00,open,olist,False,"{""seller_ids"": [""ea8482cd71df3c1969d7b9473ff13abc""], ""seller_locations"": [{""seller_id"": ""ea8482cd71df3c1969d7b9473ff13abc"", ""city"": ""sao paulo"", ""state"": ""SP""}], ""order_status"": ""delivered"", ""customer_state"": ""BA"", ""item_prices"": [2499]}"
833e4c18609b9ca1d6c79b3b108fc19a,8d683e4913e8e224595a5c273dac554a,20674,2757,2017-11-05T00:57:55+00:00,open,olist,False,"{""seller_ids"": [""2c4c47cb51acd5ea5db5e0ae0e26542a""], ""seller_locations"": [{""seller_id"": ""2c4c47cb51acd5ea5db5e0ae0e26542a"", ""city"": ""buritama"", ""state"": ""SP""}], ""order_status"": ""delivered"", ""customer_state"": ""RJ"", ""item_prices"": [17917]}"
08ec1f862c4cca80515d39b2787601f4,de6d0cc54acbe9c1a7d7967e29fbb899,5463,2563,2017-11-05T01:06:20+00:00,open,olist,False,"{""seller_ids"": [""6560211a19b47992c3666cc44a7e94c0""], ""seller_locations"": [{""seller_id"": ""6560211a19b47992c3666cc44a7e94c0"", ""city"": ""sao paulo"", ""state"": ""SP""}], ""order_status"": ""delivered"", ""customer_state"": ""PA"", ""item_prices"": [2900]}"
b4eed0937529c145938bdfcb03ed14d2,bc5d06f01d205ccbe00aa95fc6672f0b,18689,1789,2017-11-05T01:22:08+00:00,open,olist,False,"{""seller_ids"": [""ebd2d60905fb58271facef5596b620d3""], ""seller_locations"": [{""seller_id"": ""ebd2d60905fb58271facef5596b620d3"", ""city"": ""lencois paulista"", ""state"": ""SP""}], ""order_status"": ""delivered"", ""customer_state"": ""SP"", ""item_prices"": [16900]}"
8eb1d3ed40538d746e6147a86703ca50,66c4cb83cabf31a7dd19db539d2a9b68,11846,1547,2017-11-05T01:28:00+00:00,open,olist,False,"{""seller_ids"": [""43f8c9950d11ecd03a0304a49e010da6""], ""seller_locations"": [{""seller_id"": ""43f8c9950d11ecd03a0304a49e010da6"", ""city"": ""carapicuiba"", ""state"": ""SP""}], ""order_status"": ""delivered"", ""customer_state"": ""MS"", ""item_prices"": [10299]}"
d4cbc225f34eaa10be0e578f70bb915a,fcc16c0b2588529f1f5b7a871b1ec018,5510,1760,2017-11-05T02:30:19+00:00,open,olist,False,"{""seller_ids"": [""6c7d50c24b3ccd2fd83b44d8bb34e073""], ""seller_locations"": [{""seller_id"": ""6c7d50c24b3ccd2fd83b44d8bb34e073"", ""city"": ""presidente prudente"", ""state"": ""SP""}], ""order_status"": ""delivered"", ""customer_state"": ""RJ"", ""item_prices"": [3750]}"
3643f070f0ecf3a35acc73cc863b296f,1f773c8d8bfac690beddb97b2864f74f,7786,1196,2017-11-05T07:21:55+00:00,open,olist,False,"{""seller_ids"": [""4a3ccda38b2129705f3fb522db62ca31""], ""seller_locations"": [{""seller_id"": ""4a3ccda38b2129705f3fb522db62ca31"", ""city"": ""marilia"", ""state"": ""SP""}], ""order_status"": ""delivered"", ""customer_state"": ""SP"", ""item_prices"": [6590]}"
cf32e5a0f188cc90992084bec043a9c2,252e03cd7121b3b9d61d9398a6db7647,7757,1767,2017-11-05T07:40:50+00:00,open,olist,False,"{""seller_ids"": [""06579cb253ecd5a3a12a9e6eb6bf8f47""], ""seller_locations"": [{""seller_id"": ""06579cb253ecd5a3a12a9e6eb6bf8f47"", ""city"": ""sao paulo - sp"", ""state"": ""SP""}], ""order_status"": ""delivered"", ""customer_state"": ""RJ"", ""item_prices"": [5990]}"
9cd56a4791f9a693673888aec901d978,fe87efb2a10c5be210f09f813108a433,8658,3568,2017-11-05T08:20:03+00:00,open,olist,False,"{""seller_ids"": [""cca3071e3e9bb7d12640c9fbe2301306""], ""seller_locations"": [{""seller_id"": ""cca3071e3e9bb7d12640c9fbe2301306"", ""city"": ""ibitinga"", ""state"": ""SP""}], ""order_status"": ""delivered"", ""customer_state"": ""RN"", ""item_prices"": [5090]}"
62492d216bd7ca39cab1f24109b6bfd7,a48b10541da559f610aa549f4eb59538,0,0,2017-11-05T08:26:50+00:00,cancelled,olist,False,"{""seller_ids"": [], ""seller_locations"": [], ""order_status"": ""unavailable"", ""customer_state"": ""MG"", ""item_prices"": []}"
f55dda7072d923a3191dbca61f40d8e3,641584b3ec3027aaf8fa9c088f1a1a00,3246,1598,2017-11-05T09:53:54+00:00,open,olist,False,"{""seller_ids"": [""e9779976487b77c6d4ac45f75ec7afe9""], ""seller_locations"": [{""seller_id"": ""e9779976487b77c6d4ac45f75ec7afe9"", ""city"": ""praia grande"", ""state"": ""SP""}], ""order_status"": ""delivered"", ""customer_state"": ""SP"", ""item_prices"": [1648]}"
e1090e366ab626c68ca02d56a6dd1821,3dee4ec14c3ac9f45636ac5862ac0e94,21072,2082,2017-11-05T10:22:00+00:00,open,olist,False,"{""seller_ids"": [""83353a83fd769dfafa4f21a72b15e3e5""], ""seller_locations"": [{""seller_id"": ""83353a83fd769dfafa4f21a72b15e3e5"", ""city"": ""sao paulo"", ""state"": ""SP""}], ""order_status"": ""delivered"", ""customer_state"": ""RS"", ""item_prices"": [18990]}"
a512132380fbd3ae24feca8ee9512efa,c85df1c6ef6f7bb605e1c49d34f172ee,15912,3932,2017-11-05T10:22:05+00:00,open,olist,False,"{""seller_ids"": [""1f50f920176fa81dab994f9023523100""], ""seller_locations"": [{""seller_id"": ""1f50f920176fa81dab994f9023523100"", ""city"": ""sao jose do rio preto"", ""state"": ""SP""}], ""order_status"": ""delivered"", ""customer_state"": ""MT"", ""item_prices"": [5990, 5990]}"
fb502b9421eb6ab817d72fc973b7b708,47a71b49f98984efd3c62cb213f977e8,7334,1344,2017-11-05T10:38:50+00:00,open,olist,False,"{""seller_ids"": [""1f50f920176fa81dab994f9023523100""], ""seller_locations"": [{""seller_id"": ""1f50f920176fa81dab994f9023523100"", ""city"": ""sao jose do rio preto"", ""state"": ""SP""}], ""order_status"": ""delivered"", ""customer_state"": ""SP"", ""item_prices"": [5990]}"
82a9e8fe2ac3a3bba14bf07d4c56813a,4b7f5e85252a59d2b30d15b9e8d5c0cb,32860,1370,2017-11-05T10:58:05+00:00,open,olist,False,"{""seller_ids"": [""fa1c13f2614d7b5c4749cbc52fecda94""], ""seller_locations"": [{""seller_id"": ""fa1c13f2614d7b5c4749cbc52fecda94"", ""city"": ""sumare"", ""state"": ""SP""}], ""order_status"": ""delivered"", ""customer_state"": ""SP"", ""item_prices"": [31490]}"
72a052a9ab8a74244365ab1abf627bf3,79c38419d77b549344a137b38f0ee31a,2371,872,2017-11-05T11:03:50+00:00,open,olist,False,"{""seller_ids"": [""2c9e548be18521d1c43cde1c582c6de8""], ""seller_locations"": [{""seller_id"": ""2c9e548be18521d1c43cde1c582c6de8"", ""city"": ""mogi das cruzes"", ""state"": ""SP""}], ""order_status"": ""delivered"", ""customer_state"": ""SP"", ""item_prices"": [1499]}"
465bf2bd806ec5b47ff89a62e4c44071,e20081fc203c5b78fad87517631f5e99,12983,1383,2017-11-05T11:05:06+00:00,open,olist,False,"{""seller_ids"": [""44073f8b7e41514de3b7815dd0237f4f""], ""seller_locations"": [{""seller_id"": ""44073f8b7e41514de3b7815dd0237f4f"", ""city"": ""brasilia"", ""state"": ""DF""}], ""order_status"": ""delivered"", ""customer_state"": ""GO"", ""item_prices"": [11600]}"
47f1d4cd72cfee577340ecb01a3e8028,ac96769b758dad3bd572bc5e3fcb8511,31350,1360,2017-11-05T11:12:52+00:00,open,olist,False,"{""seller_ids"": [""0432ead42b6c8a0bdf68154add917fdf""], ""seller_locations"": [{""seller_id"": ""0432ead42b6c8a0bdf68154add917fdf"", ""city"": ""maua"", ""state"": ""SP""}], ""order_status"": ""delivered"", ""customer_state"": ""SP"", ""item_prices"": [29990]}"
fb7ead2842ee0acaace53d1476d0b7ca,65c6b170ceaa4ae3ee5bd6c46c0df5fa,7334,1344,2017-11-05T11:13:39+00:00,open,olist,False,"{""seller_ids"": [""1f50f920176fa81dab994f9023523100""], ""seller_locations"": [{""seller_id"": ""1f50f920176fa81dab994f9023523100"", ""city"": ""sao jose do rio preto"", ""state"": ""SP""}], ""order_status"": ""delivered"", ""customer_state"": ""SP"", ""item_prices"": [5990]}"
99137bc9ba1f9cc74ae549cefc759b7d,7c438259d88d8eefb977be5432d761c1,17382,2392,2017-11-05T11:26:25+00:00,open,olist,False,"{""seller_ids"": [""1a3df491d1c4f1589fc2b934ada68bf2""], ""seller_locations"": [{""seller_id"": ""1a3df491d1c4f1589fc2b934ada68bf2"", ""city"": ""joinville"", ""state"": ""SC""}], ""order_status"": ""delivered"", ""customer_state"": ""MG"", ""item_prices"": [14990]}"
956057c9959fe111349c59bf929f5c7b,128cf57442889ee76a3d51908f735c79,7384,1517,2017-11-05T11:29:33+00:00,open,olist,False,"{""seller_ids"": [""6fd52c528dcb38be2eea044946b811f8""], ""seller_locations"": [{""seller_id"": ""6fd52c528dcb38be2eea044946b811f8"", ""city"": ""sao paulo"", ""state"": ""SP""}], ""order_status"": ""delivered"", ""customer_state"": ""RJ"", ""item_prices"": [5867]}"
5d3e9872c4d4dcdafa21c09eb064171b,38963cccac7ddbf4819da22bdd569be7,16830,1830,2017-11-05T11:33:28+00:00,open,olist,False,"{""seller_ids"": [""955fee9216a65b617aa5c0531780ce60""], ""seller_locations"": [{""seller_id"": ""955fee9216a65b617aa5c0531780ce60"", ""city"": ""sao paulo"", ""state"": ""SP""}], ""order_status"": ""delivered"", ""customer_state"": ""SC"", ""item_prices"": [15000]}"
08f982d8b8d8de12b00d35edefe5d26a,8af6dc185ec6635edfa865375cfcffec,20810,2780,2017-11-05T11:56:00+00:00,open,olist,False,"{""seller_ids"": [""17e34d8224d27a541263c4c64b11a56b""], ""seller_locations"": [{""seller_id"": ""17e34d8224d27a541263c4c64b11a56b"", ""city"": ""riberao preto"", ""state"": ""SP""}], ""order_status"": ""delivered"", ""customer_state"": ""PE"", ""item_prices"": [18030]}"
c06ce911e890b4e3ca9b08b5d33334ce,7c7a4d0678fb2f5a4b3e2875a30ebe5f,17671,3881,2017-11-05T12:07:17+00:00,open,olist,False,"{""seller_ids"": [""25c5c91f63607446a97b143d2d535d31""], ""seller_locations"": [{""seller_id"": ""25c5c91f63607446a97b143d2d535d31"", ""city"": ""itauna"", ""state"": ""MG""}], ""order_status"": ""delivered"", ""customer_state"": ""SP"", ""item_prices"": [13790]}"
787948cceabfd5a5dfde3e8d693e0303,473ccd2f03685490c92e20a120aa7dba,4605,2115,2017-11-05T12:08:40+00:00,open,olist,False,"{""seller_ids"": [""7d76b645482be4a332374e8223836592""], ""seller_locations"": [{""seller_id"": ""7d76b645482be4a332374e8223836592"", ""city"": ""sao paulo"", ""state"": ""SP""}], ""order_status"": ""delivered"", ""customer_state"": ""AM"", ""item_prices"": [2490]}"
3de0dbeea06cef3f62afd5bb4f225384,2536a4c43bcd30e6e1f5188b2c781437,4962,2563,2017-11-05T12:09:46+00:00,open,olist,False,"{""seller_ids"": [""cc419e0650a3c5ba77189a1882b7556a""], ""seller_locations"": [{""seller_id"": ""cc419e0650a3c5ba77189a1882b7556a"", ""city"": ""santo andre"", ""state"": ""SP""}], ""order_status"": ""delivered"", ""customer_state"": ""PE"", ""item_prices"": [2399]}"
56b8dfac98a87021344bae2675b86709,5d754f8207d351d98f314c7c7c1a971d,53840,19845,2017-11-05T12:10:00+00:00,open,olist,False,"{""seller_ids"": [""7c67e1448b00f6e969d365cea6b010ab""], ""seller_locations"": [{""seller_id"": ""7c67e1448b00f6e969d365cea6b010ab"", ""city"": ""itaquaquecetuba"", ""state"": ""SP""}], ""order_status"": ""delivered"", ""customer_state"": ""CE"", ""item_prices"": [17999, 7998, 7998]}"
3cee2cdd98c20d7092569ca549afa958,d159a5181c39c1f2902c86d2e6bb37e8,6678,1679,2017-11-05T12:18:41+00:00,open,olist,False,"{""seller_ids"": [""955fee9216a65b617aa5c0531780ce60""], ""seller_locations"": [{""seller_id"": ""955fee9216a65b617aa5c0531780ce60"", ""city"": ""sao paulo"", ""state"": ""SP""}], ""order_status"": ""shipped"", ""customer_state"": ""MT"", ""item_prices"": [4999]}"
97df9530497023b31dd0654f5908e41b,f1aff05a3d7dd7a5b84d3e68504bb669,9862,944,2017-11-05T12:23:49+00:00,open,olist,False,"{""seller_ids"": [""e5a38146df062edaf55c38afa99e42dc""], ""seller_locations"": [{""seller_id"": ""e5a38146df062edaf55c38afa99e42dc"", ""city"": ""sao paulo"", ""state"": ""SP""}], ""order_status"": ""delivered"", ""customer_state"": ""SP"", ""item_prices"": [8918]}"
fa8cbd21c8617a2e568d5e448d8216bb,a2ec34c17bddf46369fb937db73f57c2,6010,1510,2017-11-05T12:29:45+00:00,open,olist,False,"{""seller_ids"": [""6560211a19b47992c3666cc44a7e94c0""], ""seller_locations"": [{""seller_id"": ""6560211a19b47992c3666cc44a7e94c0"", ""city"": ""sao paulo"", ""state"": ""SP""}], ""order_status"": ""delivered"", ""customer_state"": ""MG"", ""item_prices"": [4500]}"
ba2317ad828792aaba0e51a272a3b9a0,46f999c7216a7dabe82b5ce58a1792ce,13322,3822,2017-11-05T12:30:56+00:00,open,olist,False,"{""seller_ids"": [""3d871de0142ce09b7081e2b9d1733cb1""], ""seller_locations"": [{""seller_id"": ""3d871de0142ce09b7081e2b9d1733cb1"", ""city"": ""campo limpo paulista"", ""state"": ""SP""}], ""order_status"": ""delivered"", ""customer_state"": ""RN"", ""item_prices"": [9500]}"
a9f7beeff5d3fdb2859b22c0dfde51ce,0f521a5df860500124a598e7a0db89b8,25422,1423,2017-11-05T12:31:17+00:00,open,olist,False,"{""seller_ids"": [""7a67c85e85bb2ce8582c35f2203ad736""], ""seller_locations"": [{""seller_id"": ""7a67c85e85bb2ce8582c35f2203ad736"", ""city"": ""sao paulo"", ""state"": ""SP""}], ""order_status"": ""delivered"", ""customer_state"": ""SP"", ""item_prices"": [23999]}"
8994132130033d9e2bdc70f74f3d4819,6c03b71412e22bfc2300d5a03dc4f20d,24888,1889,2017-11-05T12:51:46+00:00,open,olist,False,"{""seller_ids"": [""5058e8c1e82653974541e83690655b4a""], ""seller_locations"": [{""seller_id"": ""5058e8c1e82653974541e83690655b4a"", ""city"": ""itaquaquecetuba"", ""state"": ""SP""}], ""order_status"": ""delivered"", ""customer_state"": ""CE"", ""item_prices"": [22999]}"
0cf7571add1c69ad1e6c35589c2a8876,111004975efcc926fc61c8a640709a32,4409,1510,2017-11-05T12:54:01+00:00,open,olist,False,"{""seller_ids"": [""ef506c96320abeedfb894c34db06f478""], ""seller_locations"": [{""seller_id"": ""ef506c96320abeedfb894c34db06f478"", ""city"": ""sao paulo"", ""state"": ""SP""}], ""order_status"": ""delivered"", ""customer_state"": ""MS"", ""item_prices"": [2899]}"
077abb7d4f87719b0a5cce22295eb775,8faf7d578c01ac864da5b942a4a0a3c7,6101,1511,2017-11-05T13:10:25+00:00,open,olist,False,"{""seller_ids"": [""1c129092bf23f28a5930387c980c0dfc""], ""seller_locations"": [{""seller_id"": ""1c129092bf23f28a5930387c980c0dfc"", ""city"": ""sao paulo"", ""state"": ""SP""}], ""order_status"": ""delivered"", ""customer_state"": ""RJ"", ""item_prices"": [4590]}"
d59dcaef70d9e2c4082bc5d33dd190e4,05041293eb4002c27c3bebf636dbd308,51628,1638,2017-11-05T13:33:19+00:00,open,olist,False,"{""seller_ids"": [""b94cc9f10ddc85e4ba73a6f7974e7101""], ""seller_locations"": [{""seller_id"": ""b94cc9f10ddc85e4ba73a6f7974e7101"", ""city"": ""macae"", ""state"": ""RJ""}], ""order_status"": ""delivered"", ""customer_state"": ""RJ"", ""item_prices"": [49990]}"
14cb3b3caf8abdd2361971932a664cf5,fc86194d31d21e9c13ac0055f0c9e27d,22596,7806,2017-11-05T13:43:51+00:00,open,olist,False,"{""seller_ids"": [""5dceca129747e92ff8ef7a997dc4f8ca""], ""seller_locations"": [{""seller_id"": ""5dceca129747e92ff8ef7a997dc4f8ca"", ""city"": ""santa barbara d\u00b4oeste"", ""state"": ""SP""}], ""order_status"": ""delivered"", ""customer_state"": ""RJ"", ""item_prices"": [14790]}"
034e643b615bc5da33b1ede13e2ae803,e696aa94a87c8e7c24562a26491c2e69,18505,3407,2017-11-05T13:45:28+00:00,open,olist,False,"{""seller_ids"": [""d1c281d3ae149232351cd8c8cc885f0d""], ""seller_locations"": [{""seller_id"": ""d1c281d3ae149232351cd8c8cc885f0d"", ""city"": ""ibitinga"", ""state"": ""SP""}], ""order_status"": ""delivered"", ""customer_state"": ""RJ"", ""item_prices"": [8699, 6399]}"
4cd51eda54a11e3c63f60e6ce9626c35,620b2eae304c046f8945c3a326807307,9110,4230,2017-11-05T13:48:41+00:00,open,olist,False,"{""seller_ids"": [""0be8ff43f22e456b4e0371b2245e4d01"", ""0bfd0b434243adc5c2e1aa6baf19c6aa""], ""seller_locations"": [{""seller_id"": ""0be8ff43f22e456b4e0371b2245e4d01"", ""city"": ""sao paulo"", ""state"": ""SP""}, {""seller_id"": ""0bfd0b434243adc5c2e1aa6baf19c6aa"", ""city"": ""rio de janeiro"", ""state"": ""RJ""}], ""order_status"": ""delivered"", ""customer_state"": ""MA"", ""item_prices"": [2390, 2490]}"
e82821e8f1ffd4b14d53774b740db796,0ad7cb4f48f2a2cf5080e3c19c7cf98c,5985,1185,2017-11-05T13:49:38+00:00,open,olist,False,"{""seller_ids"": [""4a3ca9315b744ce9f8e9374361493884""], ""seller_locations"": [{""seller_id"": ""4a3ca9315b744ce9f8e9374361493884"", ""city"": ""ibitinga"", ""state"": ""SP""}], ""order_status"": ""delivered"", ""customer_state"": ""SP"", ""item_prices"": [4800]}"
b69246cbe19ece82f41f3343cb25999c,d888af68574687ee61490379f13f687f,3177,778,2017-11-05T13:52:08+00:00,open,olist,False,"{""seller_ids"": [""cc419e0650a3c5ba77189a1882b7556a""], ""seller_locations"": [{""seller_id"": ""cc419e0650a3c5ba77189a1882b7556a"", ""city"": ""santo andre"", ""state"": ""SP""}], ""order_status"": ""delivered"", ""customer_state"": ""SP"", ""item_prices"": [2399]}"
5d9e1e0e7084f2f9e90a7069e64cba61,cda31ad527f32bfe5d75029c8aa9c0bd,0,0,2017-11-05T13:58:19+00:00,cancelled,olist,False,"{""seller_ids"": [], ""seller_locations"": [], ""order_status"": ""canceled"", ""customer_state"": ""SP"", ""item_prices"": []}"
c6f52d94c1f44ee12e0fecf4b347bdc6,d78c12d22bb74c07f4a55c5c3a76b39d,16751,2052,2017-11-05T14:13:02+00:00,open,olist,False,"{""seller_ids"": [""7ddcbb64b5bc1ef36ca8c151f6ec77df""], ""seller_locations"": [{""seller_id"": ""7ddcbb64b5bc1ef36ca8c151f6ec77df"", ""city"": ""sao paulo"", ""state"": ""SP""}], ""order_status"": ""delivered"", ""customer_state"": ""RJ"", ""item_prices"": [14699]}"
0bbaf543aa84dd90baa21ed685d72605,62e1ae4534034e997766c534abf8f22d,3000,1510,2017-11-05T14:18:00+00:00,open,olist,False,"{""seller_ids"": [""36a968b544695394e4e9d7572688598f""], ""seller_locations"": [{""seller_id"": ""36a968b544695394e4e9d7572688598f"", ""city"": ""santos"", ""state"": ""SP""}], ""order_status"": ""delivered"", ""customer_state"": ""GO"", ""item_prices"": [1490]}"
456bc7cd27fcbdf7dc39b27f9dc0d32f,6dcd617b8df9d73079529b8719ec904a,73144,3144,2017-11-05T14:20:02+00:00,open,olist,False,"{""seller_ids"": [""7299e27ed73d2ad986de7f7c77d919fa""], ""seller_locations"": [{""seller_id"": ""7299e27ed73d2ad986de7f7c77d919fa"", ""city"": ""araguari"", ""state"": ""MG""}], ""order_status"": ""delivered"", ""customer_state"": ""RS"", ""item_prices"": [70000]}"
d3fd3af08566edbfdd903c8f2a2d8bef,d36992438cf455a0810b43f8c63215a4,11043,2543,2017-11-05T14:23:00+00:00,open,olist,False,"{""seller_ids"": [""955fee9216a65b617aa5c0531780ce60""], ""seller_locations"": [{""seller_id"": ""955fee9216a65b617aa5c0531780ce60"", ""city"": ""sao paulo"", ""state"": ""SP""}], ""order_status"": ""delivered"", ""customer_state"": ""PR"", ""item_prices"": [8500]}"
d2caf57c35ba2c5bea24ab9b08aba4f7,44f4e30c7aa3df7983d97f2b96c3a0ea,64920,14940,2017-11-05T14:24:46+00:00,open,olist,False,"{""seller_ids"": [""dc317f341ab0e22f39acbd9dbf9b4a1f""], ""seller_locations"": [{""seller_id"": ""dc317f341ab0e22f39acbd9dbf9b4a1f"", ""city"": ""cachoeirinha"", ""state"": ""RS""}], ""order_status"": ""delivered"", ""customer_state"": ""SP"", ""item_prices"": [24990, 24990]}"
01ae5e4c5d2549f7c05000a2f5856c28,c459f4dd69a0d9468e3e170cf0c26d8f,5560,1660,2017-11-05T15:01:09+00:00,open,olist,False,"{""seller_ids"": [""282f23a9769b2690c5dda22e316f9941""], ""seller_locations"": [{""seller_id"": ""282f23a9769b2690c5dda22e316f9941"", ""city"": ""belo horizonte"", ""state"": ""MG""}], ""order_status"": ""delivered"", ""customer_state"": ""RJ"", ""item_prices"": [3900]}"
45f42317b5fa7a5f4822b837d7e8304b,f3b2eb3359ceec0c944d6eaaff458072,88475,24575,2017-11-05T15:08:38+00:00,open,olist,False,"{""seller_ids"": [""712e6ed8aa4aa1fa65dab41fed5737e4""], ""seller_locations"": [{""seller_id"": ""712e6ed8aa4aa1fa65dab41fed5737e4"", ""city"": ""videira"", ""state"": ""SC""}], ""order_status"": ""delivered"", ""customer_state"": ""MA"", ""item_prices"": [63900]}"
c3d312efaba704532c277f632796b258,8627dec75c84b5477661ad7af63c95e8,7977,1348,2017-11-05T15:14:56+00:00,open,olist,False,"{""seller_ids"": [""cca3071e3e9bb7d12640c9fbe2301306""], ""seller_locations"": [{""seller_id"": ""cca3071e3e9bb7d12640c9fbe2301306"", ""city"": ""ibitinga"", ""state"": ""SP""}], ""order_status"": ""delivered"", ""customer_state"": ""SP"", ""item_prices"": [6629]}"
c716cf7b3e3bdc07c0e72acc2b182b99,9f2edafc17f2d2141c6a7f63d0119cd3,62216,2416,2017-11-05T15:17:00+00:00,open,olist,False,"{""seller_ids"": [""afa6714acee029b2dfdf357e5579cc03""], ""seller_locations"": [{""seller_id"": ""afa6714acee029b2dfdf357e5579cc03"", ""city"": ""descalvado"", ""state"": ""SP""}], ""order_status"": ""delivered"", ""customer_state"": ""SP"", ""item_prices"": [59800]}"
08504a0dce0a3cd13b3f7971d29fb991,de34b16117594161a6a89c50b289d35a,3678,778,2017-11-05T15:24:14+00:00,open,olist,False,"{""seller_ids"": [""6560211a19b47992c3666cc44a7e94c0""], ""seller_locations"": [{""seller_id"": ""6560211a19b47992c3666cc44a7e94c0"", ""city"": ""sao paulo"", ""state"": ""SP""}], ""order_status"": ""delivered"", ""customer_state"": ""SP"", ""item_prices"": [2900]}"
83f8459006c34fe926f44256bb057bee,3d312265fc9d391f8dcda6be3c0605c5,7516,1517,2017-11-05T15:36:10+00:00,open,olist,False,"{""seller_ids"": [""236585a4ddb5fea9fa40233e2249ed91""], ""seller_locations"": [{""seller_id"": ""236585a4ddb5fea9fa40233e2249ed91"", ""city"": ""caxias do sul"", ""state"": ""RS""}], ""order_status"": ""delivered"", ""customer_state"": ""SP"", ""item_prices"": [5999]}"
d432a2eab9f386c43387aa3105877c50,5d3002cbe1d063e8510d5a7ad59ba35e,25169,1834,2017-11-05T15:38:00+00:00,open,olist,False,"{""seller_ids"": [""dc4a0fc896dc34b0d5bfec8438291c80""], ""seller_locations"": [{""seller_id"": ""dc4a0fc896dc34b0d5bfec8438291c80"", ""city"": ""ibitinga"", ""state"": ""SP""}], ""order_status"": ""delivered"", ""customer_state"": ""SP"", ""item_prices"": [23335]}"
9bbcf2413e13209e34df2de7b7ce161c,328027d573d3b5c58a2f13f21bf8bc92,5524,934,2017-11-05T15:45:54+00:00,open,olist,False,"{""seller_ids"": [""1c129092bf23f28a5930387c980c0dfc""], ""seller_locations"": [{""seller_id"": ""1c129092bf23f28a5930387c980c0dfc"", ""city"": ""sao paulo"", ""state"": ""SP""}], ""order_status"": ""delivered"", ""customer_state"": ""SP"", ""item_prices"": [4590]}"
2373908388bcaa9a225c34e33d9e9f0d,3906f8113531d94413a0b6b7cbe11bef,13056,1757,2017-11-05T15:52:26+00:00,open,olist,False,"{""seller_ids"": [""5058e8c1e82653974541e83690655b4a""], ""seller_locations"": [{""seller_id"": ""5058e8c1e82653974541e83690655b4a"", ""city"": ""itaquaquecetuba"", ""state"": ""SP""}], ""order_status"": ""delivered"", ""customer_state"": ""SP"", ""item_prices"": [11299]}"
666cef1ea6542e749eed5394238041a2,f64051691a2eaa6c39c8a546ff92220e,31249,6249,2017-11-05T15:53:29+00:00,open,olist,False,"{""seller_ids"": [""1025f0e2d44d7041d6cf58b6550e0bfa""], ""seller_locations"": [{""seller_id"": ""1025f0e2d44d7041d6cf58b6550e0bfa"", ""city"": ""sao paulo"", ""state"": ""SP""}], ""order_status"": ""delivered"", ""customer_state"": ""MG"", ""item_prices"": [25000]}"
f8b3a190c48ca5261da8494b51c540bd,b2ed6ed08d758a308f53dad5d0340548,6650,1760,2017-11-05T15:56:14+00:00,open,olist,False,"{""seller_ids"": [""3504c0cb71d7fa48d967e0e4c94d59d9""], ""seller_locations"": [{""seller_id"": ""3504c0cb71d7fa48d967e0e4c94d59d9"", ""city"": ""maua"", ""state"": ""SP""}], ""order_status"": ""delivered"", ""customer_state"": ""RJ"", ""item_prices"": [4890]}"
5f4415c3829ad05566ee455a5344d07d,72e79d08a90aa4e10f7e5aa76e65b258,8615,1625,2017-11-05T15:57:06+00:00,open,olist,False,"{""seller_ids"": [""3db66a856d18a9cba7c9241fc5221c50""], ""seller_locations"": [{""seller_id"": ""3db66a856d18a9cba7c9241fc5221c50"", ""city"": ""ponte nova"", ""state"": ""MG""}], ""order_status"": ""delivered"", ""customer_state"": ""SP"", ""item_prices"": [6990]}"
1f4409e522bbd17f0fcc7b9d1409fe8c,72e79d08a90aa4e10f7e5aa76e65b258,8615,1625,2017-11-05T15:57:07+00:00,open,olist,False,"{""seller_ids"": [""3db66a856d18a9cba7c9241fc5221c50""], ""seller_locations"": [{""seller_id"": ""3db66a856d18a9cba7c9241fc5221c50"", ""city"": ""ponte nova"", ""state"": ""MG""}], ""order_status"": ""delivered"", ""customer_state"": ""SP"", ""item_prices"": [6990]}"
c7aa0d557dc01880717bbcce8c72640e,073667f98c8956621ffdacb34d7ab922,17775,4695,2017-11-05T16:14:34+00:00,open,olist,False,"{""seller_ids"": [""c53bcd3be457a342a97e39e5a9f0be22"", ""d20b021d3efdf267a402c402a48ea64b""], ""seller_locations"": [{""seller_id"": ""c53bcd3be457a342a97e39e5a9f0be22"", ""city"": ""neopolis"", ""state"": ""SE""}, {""seller_id"": ""d20b021d3efdf267a402c402a48ea64b"", ""city"": ""ibitinga"", ""state"": ""SP""}], ""order_status"": ""delivered"", ""customer_state"": ""PE"", ""item_prices"": [1090, 11990]}"
0e4b26f1fb99fc0f0472dd5f403d36d4,22757c044f096bef19c36c5d6ffc51d5,3794,994,2017-11-05T16:17:53+00:00,open,olist,False,"{""seller_ids"": [""520b493b57809f446cb0a233bb3e25c7""], ""seller_locations"": [{""seller_id"": ""520b493b57809f446cb0a233bb3e25c7"", ""city"": ""santos"", ""state"": ""SP""}], ""order_status"": ""delivered"", ""customer_state"": ""SP"", ""item_prices"": [2800]}"
cf04407ac40c37f0ec0e0873da74117f,b6b5af827ac97711a48b71a26e986cc2,2875,1185,2017-11-05T16:26:33+00:00,open,olist,False,"{""seller_ids"": [""8d46553a36e68f95350a200c12f8f2e2""], ""seller_locations"": [{""seller_id"": ""8d46553a36e68f95350a200c12f8f2e2"", ""city"": ""campinas"", ""state"": ""SP""}], ""order_status"": ""processing"", ""customer_state"": ""SP"", ""item_prices"": [1690]}"
8c3078b30ae073033c2ea0964a5ada96,4da5e4516dfe9be3e6c06902659e0c9c,9219,2130,2017-11-05T16:26:43+00:00,open,olist,False,"{""seller_ids"": [""5656537e588803a555b8eb41f07a944b""], ""seller_locations"": [{""seller_id"": ""5656537e588803a555b8eb41f07a944b"", ""city"": ""brasilia"", ""state"": ""DF""}], ""order_status"": ""shipped"", ""customer_state"": ""CE"", ""item_prices"": [7089]}"
a5dfd2f42a4f9d9def13d24ef5f115f9,3fc3fe30f14b0eed5a5b99a1832656d1,7516,1517,2017-11-05T16:28:49+00:00,open,olist,False,"{""seller_ids"": [""43f8c9950d11ecd03a0304a49e010da6""], ""seller_locations"": [{""seller_id"": ""43f8c9950d11ecd03a0304a49e010da6"", ""city"": ""carapicuiba"", ""state"": ""SP""}], ""order_status"": ""delivered"", ""customer_state"": ""PR"", ""item_prices"": [5999]}"
8cbffbe81b61eeb7a472f618013b69f6,29b3f53b1aa56b499f8433ff696cb94c,4409,1510,2017-11-05T16:29:42+00:00,open,olist,False,"{""seller_ids"": [""ef506c96320abeedfb894c34db06f478""], ""seller_locations"": [{""seller_id"": ""ef506c96320abeedfb894c34db06f478"", ""city"": ""sao paulo"", ""state"": ""SP""}], ""order_status"": ""delivered"", ""customer_state"": ""SC"", ""item_prices"": [2899]}"
c9b8db1f0bbeafcbea122f1fb447a1c3,cd99a9eef357a06bf370cb0584c412c0,6973,1274,2017-11-05T16:45:58+00:00,open,olist,False,"{""seller_ids"": [""1835b56ce799e6a4dc4eddc053f04066""], ""seller_locations"": [{""seller_id"": ""1835b56ce799e6a4dc4eddc053f04066"", ""city"": ""ibitinga"", ""state"": ""SP""}], ""order_status"": ""delivered"", ""customer_state"": ""SP"", ""item_prices"": [5699]}"
67baff8b7c789c3e93b6787e4c18a14c,1976cf27dc816eae1657095cc52d4ff4,16579,1580,2017-11-05T16:47:03+00:00,open,olist,False,"{""seller_ids"": [""46dc3b2cc0980fb8ec44634e21d2718e""], ""seller_locations"": [{""seller_id"": ""46dc3b2cc0980fb8ec44634e21d2718e"", ""city"": ""rio de janeiro"", ""state"": ""RJ""}], ""order_status"": ""delivered"", ""customer_state"": ""SP"", ""item_prices"": [14999]}"
ace32c3a7cdce2ac7c62d0ca6c39b0bb,f079f24421070c48eda95468f1842707,15270,1671,2017-11-05T16:50:18+00:00,open,olist,False,"{""seller_ids"": [""3361277dc30b7cccdb0c286b24219756""], ""seller_locations"": [{""seller_id"": ""3361277dc30b7cccdb0c286b24219756"", ""city"": ""maringa"", ""state"": ""PR""}], ""order_status"": ""delivered"", ""customer_state"": ""SC"", ""item_prices"": [13599]}"
9815e3ce8d1f9d25cf9f0c6103a10aca,5b75fed624dfb67890f5d9345f4dc062,8393,1803,2017-11-05T17:00:19+00:00,open,olist,False,"{""seller_ids"": [""aaed1309374718fdd995ee4c58c9dfcd""], ""seller_locations"": [{""seller_id"": ""aaed1309374718fdd995ee4c58c9dfcd"", ""city"": ""timbo"", ""state"": ""SC""}], ""order_status"": ""delivered"", ""customer_state"": ""MG"", ""item_prices"": [6590]}"
15c820a6083da915f1212f0945b3d90b,ad2ba9ffc25294bd578b5662b79adc2a,15320,1820,2017-11-05T17:27:31+00:00,open,olist,False,"{""seller_ids"": [""4a3ca9315b744ce9f8e9374361493884""], ""seller_locations"": [{""seller_id"": ""4a3ca9315b744ce9f8e9374361493884"", ""city"": ""ibitinga"", ""state"": ""SP""}], ""order_status"": ""delivered"", ""customer_state"": ""RJ"", ""item_prices"": [13500]}"
f436f6d14054239efee21f9df0605039,91dda3852e8a4757ed73fc91360cfa5f,20780,3800,2017-11-05T17:33:45+00:00,open,olist,False,"{""seller_ids"": [""620c87c171fb2a6dd6e8bb4dec959fc6""], ""seller_locations"": [{""seller_id"": ""620c87c171fb2a6dd6e8bb4dec959fc6"", ""city"": ""petropolis"", ""state"": ""RJ""}], ""order_status"": ""delivered"", ""customer_state"": ""MS"", ""item_prices"": [9990, 6990]}"
5f416901ed4850dea2341b0c8cf6fde7,3d20f9eb3b573ac7c42e3888c339467f,89851,3261,2017-11-05T17:40:04+00:00,cancelled,olist,False,"{""seller_ids"": [""44f091b5abab8018f682fce8124b85e5""], ""seller_locations"": [{""seller_id"": ""44f091b5abab8018f682fce8124b85e5"", ""city"": ""sao paulo"", ""state"": ""SP""}], ""order_status"": ""canceled"", ""customer_state"": ""SP"", ""item_prices"": [86590]}"
09d8753e77ffa5e71ba4137166a3b6ad,9c77ef5c10eb297b09aa326cadd6b4e8,45350,7450,2017-11-05T17:41:50+00:00,open,olist,False,"{""seller_ids"": [""59b22a78efb79a4797979612b885db36""], ""seller_locations"": [{""seller_id"": ""59b22a78efb79a4797979612b885db36"", ""city"": ""uberlandia"", ""state"": ""MG""}], ""order_status"": ""delivered"", ""customer_state"": ""RO"", ""item_prices"": [37900]}"
3745ac683b5ef89d47799dcd2a703d99,acbdb96ba80617e88d7aee420c0a11e7,4241,811,2017-11-05T17:59:44+00:00,open,olist,False,"{""seller_ids"": [""e5a3438891c0bfdb9394643f95273d8e""], ""seller_locations"": [{""seller_id"": ""e5a3438891c0bfdb9394643f95273d8e"", ""city"": ""limeira"", ""state"": ""SP""}], ""order_status"": ""delivered"", ""customer_state"": ""SP"", ""item_prices"": [3430]}"
5ac2c9301491372ab320f5aa4e451ff1,f3614734af84686da8c277c2e041761b,6239,1679,2017-11-05T18:13:54+00:00,open,olist,False,"{""seller_ids"": [""8c16d1f32a54d92897cc437244442e1b""], ""seller_locations"": [{""seller_id"": ""8c16d1f32a54d92897cc437244442e1b"", ""city"": ""blumenau"", ""state"": ""SC""}], ""order_status"": ""delivered"", ""customer_state"": ""MS"", ""item_prices"": [4560]}"
d1e95c31279e7136834ea9d9e84e2fc0,82c0bc25523807a4246382561020ca5b,8222,2123,2017-11-05T18:19:24+00:00,open,olist,False,"{""seller_ids"": [""7963e546f34e098b578f9ad102494601""], ""seller_locations"": [{""seller_id"": ""7963e546f34e098b578f9ad102494601"", ""city"": ""sao paulo"", ""state"": ""SP""}], ""order_status"": ""delivered"", ""customer_state"": ""AL"", ""item_prices"": [6099]}"
701297a4e969ea9de58134eef0561b8f,c1a4b53b842e8d216fb21eead6bd42b3,15594,3114,2017-11-05T18:27:48+00:00,open,olist,False,"{""seller_ids"": [""1f50f920176fa81dab994f9023523100"", ""79ebd9a61bac3eaf882805ed4ecfa12a""], ""seller_locations"": [{""seller_id"": ""1f50f920176fa81dab994f9023523100"", ""city"": ""sao jose do rio preto"", ""state"": ""SP""}, {""seller_id"": ""79ebd9a61bac3eaf882805ed4ecfa12a"", ""city"": ""cascavel"", ""state"": ""PR""}], ""order_status"": ""delivered"", ""customer_state"": ""PR"", ""item_prices"": [5990, 6490]}"
72c53c1fb781f7736972c1a877a90b46,20ab68e0683c4154beea6981ddfd9955,7507,1517,2017-11-05T18:32:19+00:00,open,olist,False,"{""seller_ids"": [""dee656f0f566ed1aa85bd137c943f08f""], ""seller_locations"": [{""seller_id"": ""dee656f0f566ed1aa85bd137c943f08f"", ""city"": ""cruzeiro"", ""state"": ""SP""}], ""order_status"": ""delivered"", ""customer_state"": ""RJ"", ""item_prices"": [5990]}"
0c6715b2f888887f2ab9c7d6e099d38b,688f5342ea5ff47d612126908c38f7f0,7245,1255,2017-11-05T18:34:14+00:00,open,olist,False,"{""seller_ids"": [""9616352088dcf83a7c06637f4ebf1c80""], ""seller_locations"": [{""seller_id"": ""9616352088dcf83a7c06637f4ebf1c80"", ""city"": ""umuarama"", ""state"": ""PR""}], ""order_status"": ""delivered"", ""customer_state"": ""SP"", ""item_prices"": [5990]}"
e94d7f11e3a990b65f46d2b02b1c23a2,d0a89a3601ed45679e53689fe39763de,15911,2021,2017-11-05T18:36:40+00:00,open,olist,False,"{""seller_ids"": [""86ccac0b835037332a596a33b6949ee1""], ""seller_locations"": [{""seller_id"": ""86ccac0b835037332a596a33b6949ee1"", ""city"": ""blumenau"", ""state"": ""SC""}], ""order_status"": ""delivered"", ""customer_state"": ""RJ"", ""item_prices"": [13890]}"
177f9e393eed9cbf21f8dee4e2d5903f,eab55d94c67aaf17eb72cc436a269711,39801,2311,2017-11-05T18:39:09+00:00,open,olist,False,"{""seller_ids"": [""17306570e772e7718c92a562d33f5f1d""], ""seller_locations"": [{""seller_id"": ""17306570e772e7718c92a562d33f5f1d"", ""city"": ""bariri"", ""state"": ""SP""}], ""order_status"": ""delivered"", ""customer_state"": ""RJ"", ""item_prices"": [37490]}"
6b17276ebb8c2bcae9b571b0f68d787c,e68adbdac93c15c8035827ac6634ad0e,4601,1611,2017-11-05T18:41:01+00:00,open,olist,False,"{""seller_ids"": [""febab0275244b9a49a623f0bd613ca2f""], ""seller_locations"": [{""seller_id"": ""febab0275244b9a49a623f0bd613ca2f"", ""city"": ""pedreira"", ""state"": ""SP""}], ""order_status"": ""delivered"", ""customer_state"": ""MG"", ""item_prices"": [2990]}"
1b5fc0bc24e5112c2cc802209fd54fcb,8d26367d9632f8b98d75c91aca86147e,5179,1679,2017-11-05T18:47:17+00:00,open,olist,False,"{""seller_ids"": [""25e6ffe976bd75618accfe16cefcbd0d""], ""seller_locations"": [{""seller_id"": ""25e6ffe976bd75618accfe16cefcbd0d"", ""city"": ""sao paulo"", ""state"": ""SP""}], ""order_status"": ""delivered"", ""customer_state"": ""BA"", ""item_prices"": [3500]}"
fe2c0c8f40ab6263806c513fe424fa44,1e7494c847d6a45f6503c7ac3eb4222c,12738,1381,2017-11-05T18:59:55+00:00,open,olist,False,"{""seller_ids"": [""cca3071e3e9bb7d12640c9fbe2301306""], ""seller_locations"": [{""seller_id"": ""cca3071e3e9bb7d12640c9fbe2301306"", ""city"": ""ibitinga"", ""state"": ""SP""}], ""order_status"": ""delivered"", ""customer_state"": ""SP"", ""item_prices"": [11357]}"
24b53730781f4921d543c4683b26c072,c7cbfde15c23e2adb6234e650d2ab92e,3669,1679,2017-11-05T19:07:02+00:00,open,olist,False,"{""seller_ids"": [""128639473a139ac0f3e5f5ade55873a5""], ""seller_locations"": [{""seller_id"": ""128639473a139ac0f3e5f5ade55873a5"", ""city"": ""maringa"", ""state"": ""PR""}], ""order_status"": ""delivered"", ""customer_state"": ""RJ"", ""item_prices"": [1990]}"
05ea901eba2a26661f43478b5c6b02d0,a493e7ed9815ba5cb18de1cbcd24c68b,16404,6444,2017-11-05T19:14:22+00:00,open,olist,False,"{""seller_ids"": [""391fc6631aebcf3004804e51b40bcf1e""], ""seller_locations"": [{""seller_id"": ""391fc6631aebcf3004804e51b40bcf1e"", ""city"": ""ibitinga"", ""state"": ""SP""}], ""order_status"": ""delivered"", ""customer_state"": ""GO"", ""item_prices"": [2490, 2490, 2490, 2490]}"
242bbb3b84eef5d7f4aa6ca1921e04d6,d27a98f493218188dbeafb7a4afff8fa,7405,1415,2017-11-05T19:14:32+00:00,open,olist,False,"{""seller_ids"": [""0c8380b62e38e8a1e6adbeba7eb9688c""], ""seller_locations"": [{""seller_id"": ""0c8380b62e38e8a1e6adbeba7eb9688c"", ""city"": ""tres coracoes"", ""state"": ""MG""}], ""order_status"": ""delivered"", ""customer_state"": ""MG"", ""item_prices"": [5990]}"
2ed2cecbd0a129265173791a944b3a43,dc7db033534dd88c993be14c98ac7de6,4358,1337,2017-11-05T19:15:31+00:00,open,olist,False,"{""seller_ids"": [""897060da8b9a21f655304d50fd935913""], ""seller_locations"": [{""seller_id"": ""897060da8b9a21f655304d50fd935913"", ""city"": ""ribeirao preto"", ""state"": ""SP""}], ""order_status"": ""delivered"", ""customer_state"": ""SP"", ""item_prices"": [3021]}"
e3598a5fc9a765a5269c084646faf00f,8c9ca7a5718a991b4f765b8c3d569b85,12301,2302,2017-11-05T19:18:07+00:00,open,olist,False,"{""seller_ids"": [""46dc3b2cc0980fb8ec44634e21d2718e""], ""seller_locations"": [{""seller_id"": ""46dc3b2cc0980fb8ec44634e21d2718e"", ""city"": ""rio de janeiro"", ""state"": ""RJ""}], ""order_status"": ""delivered"", ""customer_state"": ""PE"", ""item_prices"": [9999]}"
917b267dc796aa050652ac9f24b245b2,a6946426d0c88e33bbe84a9a3196b0b9,12738,1381,2017-11-05T19:41:16+00:00,open,olist,False,"{""seller_ids"": [""cca3071e3e9bb7d12640c9fbe2301306""], ""seller_locations"": [{""seller_id"": ""cca3071e3e9bb7d12640c9fbe2301306"", ""city"": ""ibitinga"", ""state"": ""SP""}], ""order_status"": ""delivered"", ""customer_state"": ""SP"", ""item_prices"": [11357]}"
e077d52f6cbef7bb5e3e3e147e44a189,73782acd986b766778b686b42441bf0e,6400,1410,2017-11-05T19:45:10+00:00,open,olist,False,"{""seller_ids"": [""4c2b230173bb36f9b240f2b8ac11786e""], ""seller_locations"": [{""seller_id"": ""4c2b230173bb36f9b240f2b8ac11786e"", ""city"": ""sao paulo"", ""state"": ""SP""}], ""order_status"": ""delivered"", ""customer_state"": ""RJ"", ""item_prices"": [4990]}"
4a520a26516a2fba9ae35945ac6a2229,12728eaaef44ecf87a76083fd1e442c3,9518,3520,2017-11-05T19:51:43+00:00,open,olist,False,"{""seller_ids"": [""1336efc61c316ddf92c899eb817f7cae""], ""seller_locations"": [{""seller_id"": ""1336efc61c316ddf92c899eb817f7cae"", ""city"": ""assis"", ""state"": ""SP""}], ""order_status"": ""delivered"", ""customer_state"": ""RJ"", ""item_prices"": [2999, 2999]}"
6d7d0d56c64bb5a9c735dbf24d838bf8,db1cce77026a6c7b2fe3553ce05d71ed,11132,1642,2017-11-05T19:52:47+00:00,open,olist,False,"{""seller_ids"": [""5cf13accae3222c70a9cac40818ae839""], ""seller_locations"": [{""seller_id"": ""5cf13accae3222c70a9cac40818ae839"", ""city"": ""patos de minas"", ""state"": ""MG""}], ""order_status"": ""delivered"", ""customer_state"": ""SP"", ""item_prices"": [9490]}"
acdbc7396e191931c263db11af241d62,9e68775971541ca8a79b6fce848e7aee,15115,2925,2017-11-05T19:54:45+00:00,open,olist,False,"{""seller_ids"": [""431af27f296bc6519d890aa5a05fdb11""], ""seller_locations"": [{""seller_id"": ""431af27f296bc6519d890aa5a05fdb11"", ""city"": ""ribeirao preto"", ""state"": ""SP""}], ""order_status"": ""delivered"", ""customer_state"": ""PA"", ""item_prices"": [12190]}"
a716cb9d34cccf1db631fdbdf2f398de,55fb9192213bf782857b13d56eb0ec80,7508,1518,2017-11-05T20:02:16+00:00,open,olist,False,"{""seller_ids"": [""aafe36600ce604f205b86b5084d3d767""], ""seller_locations"": [{""seller_id"": ""aafe36600ce604f205b86b5084d3d767"", ""city"": ""sao jose"", ""state"": ""SC""}], ""order_status"": ""delivered"", ""customer_state"": ""SP"", ""item_prices"": [5990]}"
e5e40991ee40d56c69312d1736f84cdd,bd9e8963c5cc40946d3e404fec35ab9c,11444,6044,2017-11-05T20:03:17+00:00,open,olist,False,"{""seller_ids"": [""ca3bd7cd9f149df75950150d010fe4a2""], ""seller_locations"": [{""seller_id"": ""ca3bd7cd9f149df75950150d010fe4a2"", ""city"": ""sao paulo"", ""state"": ""SP""}], ""order_status"": ""delivered"", ""customer_state"": ""PR"", ""item_prices"": [1350, 1350, 1350, 1350]}"
b79ad0abdee66423cbdc69a208d69a68,0a04ef49753f87dcfed8d37f19f8dea4,4075,1185,2017-11-05T20:07:15+00:00,open,olist,False,"{""seller_ids"": [""7d76b645482be4a332374e8223836592""], ""seller_locations"": [{""seller_id"": ""7d76b645482be4a332374e8223836592"", ""city"": ""sao paulo"", ""state"": ""SP""}], ""order_status"": ""delivered"", ""customer_state"": ""SP"", ""item_prices"": [2890]}"
5319d79dbab671824060b110de9d8346,4dd90242272ee2cabb138d66d95012dc,17827,1837,2017-11-05T20:11:03+00:00,open,olist,False,"{""seller_ids"": [""620c87c171fb2a6dd6e8bb4dec959fc6""], ""seller_locations"": [{""seller_id"": ""620c87c171fb2a6dd6e8bb4dec959fc6"", ""city"": ""petropolis"", ""state"": ""RJ""}], ""order_status"": ""delivered"", ""customer_state"": ""MG"", ""item_prices"": [15990]}"
58a9eee77c75781ec6c4f725891c7747,1c31e9e0651dcb9bb941ff68c87365ee,22002,4032,2017-11-05T20:11:40+00:00,open,olist,False,"{""seller_ids"": [""1f50f920176fa81dab994f9023523100""], ""seller_locations"": [{""seller_id"": ""1f50f920176fa81dab994f9023523100"", ""city"": ""sao jose do rio preto"", ""state"": ""SP""}], ""order_status"": ""delivered"", ""customer_state"": ""SP"", ""item_prices"": [5990, 5990, 5990]}"
b7fc96d05af08ecd1ecc914608254771,52685285a351700c230d7360fe1a5617,15541,1641,2017-11-05T20:15:12+00:00,open,olist,False,"{""seller_ids"": [""744dac408745240a2c2528fb1b6028f3""], ""seller_locations"": [{""seller_id"": ""744dac408745240a2c2528fb1b6028f3"", ""city"": ""colombo"", ""state"": ""PR""}], ""order_status"": ""delivered"", ""customer_state"": ""RJ"", ""item_prices"": [13900]}"
3335145dde4116490421d86d3248aaf5,2d4ae260c92aac1d323cb1a872eb9c20,18760,1763,2017-11-05T20:22:11+00:00,open,olist,False,"{""seller_ids"": [""06e5eefc71ec47ae763c5c6f8db7064f""], ""seller_locations"": [{""seller_id"": ""06e5eefc71ec47ae763c5c6f8db7064f"", ""city"": ""porto alegre"", ""state"": ""RS""}], ""order_status"": ""delivered"", ""customer_state"": ""MG"", ""item_prices"": [16997]}"
6d4c45be223296bf5be3d2612fffcf3b,be2020ecbdb297610a13fd963cf78f31,11362,1372,2017-11-05T20:48:06+00:00,open,olist,False,"{""seller_ids"": [""da8622b14eb17ae2831f4ac5b9dab84a""], ""seller_locations"": [{""seller_id"": ""da8622b14eb17ae2831f4ac5b9dab84a"", ""city"": ""piracicaba"", ""state"": ""SP""}], ""order_status"": ""delivered"", ""customer_state"": ""SP"", ""item_prices"": [9990]}"
e417e04e3bc1fdac9c19f9fc5e137527,1aefdb169d82d349ff074518bab4876a,3678,778,2017-11-05T20:51:44+00:00,open,olist,False,"{""seller_ids"": [""6560211a19b47992c3666cc44a7e94c0""], ""seller_locations"": [{""seller_id"": ""6560211a19b47992c3666cc44a7e94c0"", ""city"": ""sao paulo"", ""state"": ""SP""}], ""order_status"": ""delivered"", ""customer_state"": ""SP"", ""item_prices"": [2900]}"
a0e71b06151dd529dd0d71f578cd3457,3b89c5ae5ede6cc774386d606ded6e77,0,0,2017-11-05T20:59:18+00:00,cancelled,olist,False,"{""seller_ids"": [], ""seller_locations"": [], ""order_status"": ""unavailable"", ""customer_state"": ""MG"", ""item_prices"": []}"
fd1bc6424a4e2f0f5d8acd868aef11e9,6a7ee8caad3b24acd1400d10ec62bf64,72222,3322,2017-11-05T21:01:05+00:00,open,olist,False,"{""seller_ids"": [""4869f7a5dfa277a7dca6462dcf3b52b2""], ""seller_locations"": [{""seller_id"": ""4869f7a5dfa277a7dca6462dcf3b52b2"", ""city"": ""guariba"", ""state"": ""SP""}], ""order_status"": ""delivered"", ""customer_state"": ""PE"", ""item_prices"": [68900]}"
fc3de87b923f14c3605e6a0fb08882b1,9a0ebd74a3b2f4f460405fa665807864,9376,2576,2017-11-05T21:02:37+00:00,open,olist,False,"{""seller_ids"": [""65b081a070633e057c462abdd6fb9dd8""], ""seller_locations"": [{""seller_id"": ""65b081a070633e057c462abdd6fb9dd8"", ""city"": ""morrinhos"", ""state"": ""GO""}], ""order_status"": ""delivered"", ""customer_state"": ""SP"", ""item_prices"": [6800]}"
8a4f049e93b07babc87ccf981d7cdd94,42b25604b2a8dd76ed934e07a0aa1ca0,6101,1611,2017-11-05T21:10:54+00:00,open,olist,False,"{""seller_ids"": [""d2374cbcbb3ca4ab1086534108cc3ab7""], ""seller_locations"": [{""seller_id"": ""d2374cbcbb3ca4ab1086534108cc3ab7"", ""city"": ""ibitinga"", ""state"": ""SP""}], ""order_status"": ""delivered"", ""customer_state"": ""RS"", ""item_prices"": [4490]}"
122a6d89b8a3ee8fe039b6990c1dc226,9199d4b03f114560011e2e878eb9d9fd,9422,3422,2017-11-05T21:14:39+00:00,open,olist,False,"{""seller_ids"": [""855668e0971d4dfd7bef1b6a4133b41b""], ""seller_locations"": [{""seller_id"": ""855668e0971d4dfd7bef1b6a4133b41b"", ""city"": ""itatiba"", ""state"": ""SP""}], ""order_status"": ""delivered"", ""customer_state"": ""PB"", ""item_prices"": [6000]}"
954945beeb5990c532ac06d464edf931,d56879f3551bb3b35caa7950ef7e7dd1,2510,1510,2017-11-05T21:29:37+00:00,open,olist,False,"{""seller_ids"": [""b4ffb71f0cb1b1c3d63fad021ecf93e1""], ""seller_locations"": [{""seller_id"": ""b4ffb71f0cb1b1c3d63fad021ecf93e1"", ""city"": ""sao paulo"", ""state"": ""SP""}], ""order_status"": ""delivered"", ""customer_state"": ""PR"", ""item_prices"": [1000]}"
fd6eda1ff5aedbd14847c99543d9162f,a89c1b6ce77fa159fa11e282c1f48299,17285,2705,2017-11-05T21:53:52+00:00,open,olist,False,"{""seller_ids"": [""3d871de0142ce09b7081e2b9d1733cb1""], ""seller_locations"": [{""seller_id"": ""3d871de0142ce09b7081e2b9d1733cb1"", ""city"": ""campo limpo paulista"", ""state"": ""SP""}], ""order_status"": ""delivered"", ""customer_state"": ""SP"", ""item_prices"": [6990, 7590]}"
61dc7d82d2eb6ecf4f0ac2a3cd693cfb,cb85e26bc7feed69b59cdd1bc1aecb86,6063,1173,2017-11-05T21:54:53+00:00,open,olist,False,"{""seller_ids"": [""3504c0cb71d7fa48d967e0e4c94d59d9""], ""seller_locations"": [{""seller_id"": ""3504c0cb71d7fa48d967e0e4c94d59d9"", ""city"": ""maua"", ""state"": ""SP""}], ""order_status"": ""delivered"", ""customer_state"": ""SP"", ""item_prices"": [4890]}"
37c5e874cd21d8a572111e7fe0bab749,93cb1651a79ef0fa3c8af11866054d9b,5500,1510,2017-11-05T21:55:51+00:00,open,olist,False,"{""seller_ids"": [""643214e62b870443ccbe55ab29a4dccf""], ""seller_locations"": [{""seller_id"": ""643214e62b870443ccbe55ab29a4dccf"", ""city"": ""sao paulo"", ""state"": ""SP""}], ""order_status"": ""delivered"", ""customer_state"": ""RS"", ""item_prices"": [3990]}"
183f2bb10e984acdee08ad34070ebf69,dc8a6cdc8426f5ceede410e0dd67aa22,3960,1510,2017-11-05T21:58:39+00:00,open,olist,False,"{""seller_ids"": [""37515688008a7a40ac93e3b2e4ab203f""], ""seller_locations"": [{""seller_id"": ""37515688008a7a40ac93e3b2e4ab203f"", ""city"": ""dracena"", ""state"": ""SP""}], ""order_status"": ""delivered"", ""customer_state"": ""DF"", ""item_prices"": [2450]}"
2eb455a9ac809470168098ddf4e2a25b,3201915c3f25b7f281e5a5e0a89fab6d,4959,1269,2017-11-05T21:59:14+00:00,open,olist,False,"{""seller_ids"": [""f8db351d8c4c4c22c6835c19a46f01b0""], ""seller_locations"": [{""seller_id"": ""f8db351d8c4c4c22c6835c19a46f01b0"", ""city"": ""salto"", ""state"": ""SP""}], ""order_status"": ""delivered"", ""customer_state"": ""SP"", ""item_prices"": [3690]}"
131497483f8457541cf92c467b847c39,6001c49233ae204da889cac6fbb71ee4,10337,1537,2017-11-05T22:00:26+00:00,open,olist,False,"{""seller_ids"": [""70a12e78e608ac31179aea7f8422044b""], ""seller_locations"": [{""seller_id"": ""70a12e78e608ac31179aea7f8422044b"", ""city"": ""jacarei"", ""state"": ""SP""}], ""order_status"": ""delivered"", ""customer_state"": ""RJ"", ""item_prices"": [8800]}"
04711aafa1156335ba1ea7f6f7b7daef,5c555b5e0d044f377f7da3011ba0655a,9922,1432,2017-11-05T22:04:34+00:00,open,olist,False,"{""seller_ids"": [""dbc22125167c298ef99da25668e1011f""], ""seller_locations"": [{""seller_id"": ""dbc22125167c298ef99da25668e1011f"", ""city"": ""borda da mata"", ""state"": ""MG""}], ""order_status"": ""delivered"", ""customer_state"": ""SP"", ""item_prices"": [8490]}"
c95fb74948e8db073f6114d3fa726fe1,4aceb8c7e323505487fb7ad6775f177b,62334,2344,2017-11-05T22:06:17+00:00,open,olist,False,"{""seller_ids"": [""b94cc9f10ddc85e4ba73a6f7974e7101""], ""seller_locations"": [{""seller_id"": ""b94cc9f10ddc85e4ba73a6f7974e7101"", ""city"": ""macae"", ""state"": ""RJ""}], ""order_status"": ""delivered"", ""customer_state"": ""RS"", ""item_prices"": [59990]}"
a5dcc015b748b353c2ddfb0939d36c58,d31877e6feecf887ec4e9b95c30e6422,13208,3308,2017-11-05T22:08:34+00:00,open,olist,False,"{""seller_ids"": [""001cca7ae9ae17fb1caed9dfb1094831""], ""seller_locations"": [{""seller_id"": ""001cca7ae9ae17fb1caed9dfb1094831"", ""city"": ""cariacica"", ""state"": ""ES""}], ""order_status"": ""delivered"", ""customer_state"": ""SP"", ""item_prices"": [9900]}"
ff3137ffb0ead0baad8da8a2a7b063b9,43f797685f3789d5d81995ec61777b95,7057,2267,2017-11-05T22:12:29+00:00,open,olist,False,"{""seller_ids"": [""d57e18d5f73c7ccb7f7339b61166898d""], ""seller_locations"": [{""seller_id"": ""d57e18d5f73c7ccb7f7339b61166898d"", ""city"": ""sao paulo"", ""state"": ""SP""}], ""order_status"": ""delivered"", ""customer_state"": ""MA"", ""item_prices"": [4790]}"
222e2e919b398d9f76f574166e305c62,b413c4606ef07dbf8eec895fdff606d9,6157,3567,2017-11-05T22:14:30+00:00,open,olist,False,"{""seller_ids"": [""aac29b1b99776be73c3049939652091d""], ""seller_locations"": [{""seller_id"": ""aac29b1b99776be73c3049939652091d"", ""city"": ""uberlandia"", ""state"": ""MG""}], ""order_status"": ""delivered"", ""customer_state"": ""CE"", ""item_prices"": [2590]}"
f6b73cb42a81880d54cdbf2059599d93,3d7680ce87086effbf73c8ca1e2f48bb,9781,1781,2017-11-05T22:16:07+00:00,open,olist,False,"{""seller_ids"": [""54965bbe3e4f07ae045b90b0b8541f52""], ""seller_locations"": [{""seller_id"": ""54965bbe3e4f07ae045b90b0b8541f52"", ""city"": ""foz do iguacu"", ""state"": ""PR""}], ""order_status"": ""delivered"", ""customer_state"": ""SP"", ""item_prices"": [8000]}"
c000c9de28e2436553f200d0faf8eb97,e5eed5d0afc1ee8620468918995df9f6,12553,2554,2017-11-05T22:21:01+00:00,open,olist,False,"{""seller_ids"": [""3b15288545f8928d3e65a8f949a28291""], ""seller_locations"": [{""seller_id"": ""3b15288545f8928d3e65a8f949a28291"", ""city"": ""ibitinga"", ""state"": ""SP""}], ""order_status"": ""delivered"", ""customer_state"": ""SC"", ""item_prices"": [9999]}"
b77200a7cbfba12d399cea6ab05f0056,e5eed5d0afc1ee8620468918995df9f6,5650,1760,2017-11-05T22:21:05+00:00,open,olist,False,"{""seller_ids"": [""d2374cbcbb3ca4ab1086534108cc3ab7""], ""seller_locations"": [{""seller_id"": ""d2374cbcbb3ca4ab1086534108cc3ab7"", ""city"": ""ibitinga"", ""state"": ""SP""}], ""order_status"": ""delivered"", ""customer_state"": ""SC"", ""item_prices"": [3890]}"
a5bee526a0ca9f2a66f3704b82ad7833,18887503eefa84ee51a6fcdca1e71240,2624,934,2017-11-05T22:32:25+00:00,open,olist,False,"{""seller_ids"": [""1acde099eb406aa220b1169b188b42da""], ""seller_locations"": [{""seller_id"": ""1acde099eb406aa220b1169b188b42da"", ""city"": ""sao paulo"", ""state"": ""SP""}], ""order_status"": ""delivered"", ""customer_state"": ""SP"", ""item_prices"": [1690]}"
8c2c2b26ae4677e7457b0daaea13a8d3,3a131e6c88849b1d0b28020c3809ea29,11760,2820,2017-11-05T22:41:44+00:00,open,olist,False,"{""seller_ids"": [""809413606dbfe5deefd2db646693ef67""], ""seller_locations"": [{""seller_id"": ""809413606dbfe5deefd2db646693ef67"", ""city"": ""sao paulo"", ""state"": ""SP""}], ""order_status"": ""delivered"", ""customer_state"": ""PR"", ""item_prices"": [4470, 4470]}"
857c7d158a6669fae8d2aa86c645f021,3a131e6c88849b1d0b28020c3809ea29,8121,1621,2017-11-05T22:41:51+00:00,open,olist,False,"{""seller_ids"": [""26bad72add1f86e08a776ce4ffdaf1ca""], ""seller_locations"": [{""seller_id"": ""26bad72add1f86e08a776ce4ffdaf1ca"", ""city"": ""pedregulho"", ""state"": ""SP""}], ""order_status"": ""delivered"", ""customer_state"": ""PR"", ""item_prices"": [6500]}"
8e560aad7a656560a2c1333ce6734541,6b0746a7e01fcf5053470173fbe80240,4141,778,2017-11-05T22:42:05+00:00,open,olist,False,"{""seller_ids"": [""1127b7f2594683f2510f1c2c834a486b""], ""seller_locations"": [{""seller_id"": ""1127b7f2594683f2510f1c2c834a486b"", ""city"": ""campinas"", ""state"": ""SP""}], ""order_status"": ""delivered"", ""customer_state"": ""SP"", ""item_prices"": [3363]}"
b9019981769010866e2b59c6a1fc9c9f,67cce2f1e7855cac590025a05419dc6b,14489,5490,2017-11-05T22:43:20+00:00,open,olist,False,"{""seller_ids"": [""a1043bafd471dff536d0c462352beb48""], ""seller_locations"": [{""seller_id"": ""a1043bafd471dff536d0c462352beb48"", ""city"": ""ilicinea"", ""state"": ""MG""}], ""order_status"": ""delivered"", ""customer_state"": ""RS"", ""item_prices"": [8999]}"
4172384c4b3c2ef103c55f5dc3086b9e,6db51553e2c20e18d99b2cad5d06be76,18094,994,2017-11-05T22:45:45+00:00,open,olist,False,"{""seller_ids"": [""e9779976487b77c6d4ac45f75ec7afe9""], ""seller_locations"": [{""seller_id"": ""e9779976487b77c6d4ac45f75ec7afe9"", ""city"": ""praia grande"", ""state"": ""SP""}], ""order_status"": ""delivered"", ""customer_state"": ""SP"", ""item_prices"": [17100]}"
53bf51495103abe64e330f5360456ca0,85730e226e2f3a1608433546133793e1,5109,2119,2017-11-05T22:52:55+00:00,open,olist,False,"{""seller_ids"": [""0ea22c1cfbdc755f86b9b54b39c16043""], ""seller_locations"": [{""seller_id"": ""0ea22c1cfbdc755f86b9b54b39c16043"", ""city"": ""sete lagoas"", ""state"": ""MG""}], ""order_status"": ""delivered"", ""customer_state"": ""SP"", ""item_prices"": [2990]}"
f6352809547e1221141a36c6cbaaba58,85730e226e2f3a1608433546133793e1,3400,1410,2017-11-05T22:52:56+00:00,open,olist,False,"{""seller_ids"": [""0ea22c1cfbdc755f86b9b54b39c16043""], ""seller_locations"": [{""seller_id"": ""0ea22c1cfbdc755f86b9b54b39c16043"", ""city"": ""sete lagoas"", ""state"": ""MG""}], ""order_status"": ""delivered"", ""customer_state"": ""SP"", ""item_prices"": [1990]}"
c5ef8c0266eff0d27d9d8f279a2e85cc,8505734f21396405b5477c75a45734fe,4175,1185,2017-11-05T23:00:43+00:00,open,olist,False,"{""seller_ids"": [""da8622b14eb17ae2831f4ac5b9dab84a""], ""seller_locations"": [{""seller_id"": ""da8622b14eb17ae2831f4ac5b9dab84a"", ""city"": ""piracicaba"", ""state"": ""SP""}], ""order_status"": ""delivered"", ""customer_state"": ""SP"", ""item_prices"": [2990]}"
4321bf26c064204859cdc39a9fd479ee,df18b55cc16528b438bed221135c2dd5,8872,2882,2017-11-05T23:05:51+00:00,open,olist,False,"{""seller_ids"": [""1f50f920176fa81dab994f9023523100""], ""seller_locations"": [{""seller_id"": ""1f50f920176fa81dab994f9023523100"", ""city"": ""sao jose do rio preto"", ""state"": ""SP""}], ""order_status"": ""delivered"", ""customer_state"": ""CE"", ""item_prices"": [5990]}"
decd71d55b8127d489aa78bbe87efe5e,51e5603fc75c806835b85d5dfee5ed78,16751,2052,2017-11-05T23:08:19+00:00,open,olist,False,"{""seller_ids"": [""7ddcbb64b5bc1ef36ca8c151f6ec77df""], ""seller_locations"": [{""seller_id"": ""7ddcbb64b5bc1ef36ca8c151f6ec77df"", ""city"": ""sao paulo"", ""state"": ""SP""}], ""order_status"": ""delivered"", ""customer_state"": ""ES"", ""item_prices"": [14699]}"
8567d0e0c41a3f32730d8d68b7a73d33,fd6692516c7c9fbc14eba639f54339f6,13126,2126,2017-11-05T23:08:59+00:00,open,olist,False,"{""seller_ids"": [""cee48807215b30a12ca2ca10ffb5f250""], ""seller_locations"": [{""seller_id"": ""cee48807215b30a12ca2ca10ffb5f250"", ""city"": ""guaruja"", ""state"": ""SP""}], ""order_status"": ""delivered"", ""customer_state"": ""RJ"", ""item_prices"": [11000]}"
f6f1f2a565bc0c1d761799e42d923401,c9b3b24308b1a4587ffa3e60fafc2b1f,22690,1790,2017-11-05T23:10:41+00:00,open,olist,False,"{""seller_ids"": [""2addf05f476d0637864454e93ba673d5""], ""seller_locations"": [{""seller_id"": ""2addf05f476d0637864454e93ba673d5"", ""city"": ""brasilia"", ""state"": ""DF""}], ""order_status"": ""delivered"", ""customer_state"": ""SP"", ""item_prices"": [20900]}"
ffc22f2404e3490516c9a03e88da4507,f7a9e1dae3c51a82111886d637af688d,6499,1800,2017-11-05T23:33:03+00:00,open,olist,False,"{""seller_ids"": [""870d0118f7a9d85960f29ad89d5d989a""], ""seller_locations"": [{""seller_id"": ""870d0118f7a9d85960f29ad89d5d989a"", ""city"": ""pocos de caldas"", ""state"": ""MG""}], ""order_status"": ""delivered"", ""customer_state"": ""MG"", ""item_prices"": [4699]}"
065d4f458013cd9c9e716f8be1ca00d1,5e15e6aa831179d018ee6caafe4ac330,6817,827,2017-11-05T23:44:57+00:00,open,olist,False,"{""seller_ids"": [""620c87c171fb2a6dd6e8bb4dec959fc6""], ""seller_locations"": [{""seller_id"": ""620c87c171fb2a6dd6e8bb4dec959fc6"", ""city"": ""petropolis"", ""state"": ""RJ""}], ""order_status"": ""delivered"", ""customer_state"": ""RJ"", ""item_prices"": [5990]}"
fabf6de4b124e6dda46615c09ecd7476,6b3fb73cdfc7d680d94676a78c105f19,17313,1413,2017-11-06T00:05:50+00:00,open,olist,False,"{""seller_ids"": [""3d871de0142ce09b7081e2b9d1733cb1""], ""seller_locations"": [{""seller_id"": ""3d871de0142ce09b7081e2b9d1733cb1"", ""city"": ""campo limpo paulista"", ""state"": ""SP""}], ""order_status"": ""delivered"", ""customer_state"": ""SP"", ""item_prices"": [15900]}"
7c42aafccecb4aefc0c0b345114cb321,6c9871f7c55b411fabb59d9130b51e6d,21547,3657,2017-11-06T00:27:44+00:00,open,olist,False,"{""seller_ids"": [""4cf490a58259286ada5ba8525ba9e84a""], ""seller_locations"": [{""seller_id"": ""4cf490a58259286ada5ba8525ba9e84a"", ""city"": ""tabatinga"", ""state"": ""SP""}], ""order_status"": ""delivered"", ""customer_state"": ""MA"", ""item_prices"": [17890]}"
049999b745ab7d4bc3ddf00181c39d56,39c27daff7dd7ad6f534c53970fe8e3b,3277,778,2017-11-06T01:15:08+00:00,open,olist,False,"{""seller_ids"": [""ea8482cd71df3c1969d7b9473ff13abc""], ""seller_locations"": [{""seller_id"": ""ea8482cd71df3c1969d7b9473ff13abc"", ""city"": ""sao paulo"", ""state"": ""SP""}], ""order_status"": ""delivered"", ""customer_state"": ""SP"", ""item_prices"": [2499]}"
de4661d6593c1c713abab1b11549f6c7,2d62c1ea4c3b6b96960799107a1bf5e3,8928,1528,2017-11-06T02:08:11+00:00,open,olist,False,"{""seller_ids"": [""aced59e9b31ef866a94f9e7f29d8d418""], ""seller_locations"": [{""seller_id"": ""aced59e9b31ef866a94f9e7f29d8d418"", ""city"": ""sao paulo"", ""state"": ""SP""}], ""order_status"": ""delivered"", ""customer_state"": ""MG"", ""item_prices"": [7400]}"
93cd78e1b92970d2a7e7251057f85153,0333b2fc6ba7014702e08ef613850270,6200,2820,2017-11-06T04:41:37+00:00,open,olist,False,"{""seller_ids"": [""4200ddf1967c5e41e48db62bc6d4b5ac""], ""seller_locations"": [{""seller_id"": ""4200ddf1967c5e41e48db62bc6d4b5ac"", ""city"": ""sao bernardo do campo"", ""state"": ""SP""}], ""order_status"": ""delivered"", ""customer_state"": ""RJ"", ""item_prices"": [1690, 1690]}"
adc8df919d6fe4d55a9e8fd9e14e013c,afc789e24a84241112316aaaba8664f8,7472,1173,2017-11-06T07:03:41+00:00,open,olist,False,"{""seller_ids"": [""7a67c85e85bb2ce8582c35f2203ad736""], ""seller_locations"": [{""seller_id"": ""7a67c85e85bb2ce8582c35f2203ad736"", ""city"": ""sao paulo"", ""state"": ""SP""}], ""order_status"": ""delivered"", ""customer_state"": ""SP"", ""item_prices"": [6299]}"
a5cb9da004bf54e017f20e3c1f8629f7,d9eb68c5371db8543ced02a5937b9805,7517,1517,2017-11-06T07:20:25+00:00,open,olist,False,"{""seller_ids"": [""8f119a0aee85c0c8fc534629734e94fd""], ""seller_locations"": [{""seller_id"": ""8f119a0aee85c0c8fc534629734e94fd"", ""city"": ""barueri"", ""state"": ""SP""}], ""order_status"": ""delivered"", ""customer_state"": ""MG"", ""item_prices"": [6000]}"
9eb14d81ec261aeae5d99c5460425b59,d54b9a83d89e3d7dbfb98101f3790bd9,8569,2570,2017-11-06T07:46:46+00:00,open,olist,False,"{""seller_ids"": [""236585a4ddb5fea9fa40233e2249ed91""], ""seller_locations"": [{""seller_id"": ""236585a4ddb5fea9fa40233e2249ed91"", ""city"": ""caxias do sul"", ""state"": ""RS""}], ""order_status"": ""delivered"", ""customer_state"": ""ES"", ""item_prices"": [5999]}"
e95da0c5222e85d118b3d1d3c7dba675,048dbdf8f9bbd1be87b25868d1408311,6201,1611,2017-11-06T07:59:11+00:00,open,olist,False,"{""seller_ids"": [""1c129092bf23f28a5930387c980c0dfc""], ""seller_locations"": [{""seller_id"": ""1c129092bf23f28a5930387c980c0dfc"", ""city"": ""sao paulo"", ""state"": ""SP""}], ""order_status"": ""delivered"", ""customer_state"": ""MG"", ""item_prices"": [4590]}"
b9ce6b3fb6996bc5690ee196a0c80888,147fae04ca79eb0e3a3617428b43eed6,17944,4944,2017-11-06T08:07:10+00:00,open,olist,False,"{""seller_ids"": [""712e6ed8aa4aa1fa65dab41fed5737e4""], ""seller_locations"": [{""seller_id"": ""712e6ed8aa4aa1fa65dab41fed5737e4"", ""city"": ""videira"", ""state"": ""SC""}], ""order_status"": ""delivered"", ""customer_state"": ""SP"", ""item_prices"": [13000]}"
403ed75cff50b04645c2414360fff7b6,24af9d33418188ade58994554fe2fa30,5510,1510,2017-11-06T08:23:55+00:00,open,olist,False,"{""seller_ids"": [""16090f2ca825584b5a147ab24aa30c86""], ""seller_locations"": [{""seller_id"": ""16090f2ca825584b5a147ab24aa30c86"", ""city"": ""atibaia"", ""state"": ""SP""}], ""order_status"": ""delivered"", ""customer_state"": ""SC"", ""item_prices"": [4000]}"
4296801e936343a5f6a38e29143c0f88,34559b7e3e0742c1952c9d905e0604cc,9118,1528,2017-11-06T08:38:45+00:00,open,olist,False,"{""seller_ids"": [""82e0a475a88cc9595229d8029273f045""], ""seller_locations"": [{""seller_id"": ""82e0a475a88cc9595229d8029273f045"", ""city"": ""sao paulo"", ""state"": ""SP""}], ""order_status"": ""delivered"", ""customer_state"": ""SC"", ""item_prices"": [7590]}"
49e9e78cdbec6c106e1958234d752ce4,3a2dd9ed30322ef11af9f31f8bbd498c,6201,1611,2017-11-06T08:39:05+00:00,open,olist,False,"{""seller_ids"": [""1c129092bf23f28a5930387c980c0dfc""], ""seller_locations"": [{""seller_id"": ""1c129092bf23f28a5930387c980c0dfc"", ""city"": ""sao paulo"", ""state"": ""SP""}], ""order_status"": ""delivered"", ""customer_state"": ""PR"", ""item_prices"": [4590]}"
561dd928c7f7e63277e02e6662bcce48,74ac946f1e9d688ca07e592a8dc816ef,86824,6864,2017-11-06T08:53:06+00:00,open,olist,False,"{""seller_ids"": [""e9bc59e7b60fc3063eb2290deda4cced""], ""seller_locations"": [{""seller_id"": ""e9bc59e7b60fc3063eb2290deda4cced"", ""city"": ""maringa"", ""state"": ""PR""}], ""order_status"": ""delivered"", ""customer_state"": ""RS"", ""item_prices"": [19990, 19990, 19990, 19990]}"
5d1c0dcecd1bdd50fb9edd53d2680184,f11a80ef32241a111971c84a01760dac,88874,3974,2017-11-06T08:57:51+00:00,open,olist,False,"{""seller_ids"": [""e9c6969d40e6a3d2d0f90013165c2b98""], ""seller_locations"": [{""seller_id"": ""e9c6969d40e6a3d2d0f90013165c2b98"", ""city"": ""sao paulo"", ""state"": ""SP""}], ""order_status"": ""delivered"", ""customer_state"": ""RN"", ""item_prices"": [84900]}"
0e79e80abdb81ad5003ede1e8d4ef4e1,c5752c026096348f9d760b778b250e75,13577,1387,2017-11-06T09:04:52+00:00,open,olist,False,"{""seller_ids"": [""431af27f296bc6519d890aa5a05fdb11""], ""seller_locations"": [{""seller_id"": ""431af27f296bc6519d890aa5a05fdb11"", ""city"": ""ribeirao preto"", ""state"": ""SP""}], ""order_status"": ""delivered"", ""customer_state"": ""SP"", ""item_prices"": [12190]}"
e697685891b55205f61d598d64db1c1f,42f791f74ef1f0e1befd3eb3f117c8c2,24406,1416,2017-11-06T09:05:48+00:00,cancelled,olist,False,"{""seller_ids"": [""44f091b5abab8018f682fce8124b85e5""], ""seller_locations"": [{""seller_id"": ""44f091b5abab8018f682fce8124b85e5"", ""city"": ""sao paulo"", ""state"": ""SP""}], ""order_status"": ""canceled"", ""customer_state"": ""SP"", ""item_prices"": [22990]}"
b540d328af5b078f6c8aebac46ae606b,dc066efc5d97d0ddf6d4cc1794cf1fd8,4310,811,2017-11-06T09:07:42+00:00,open,olist,False,"{""seller_ids"": [""f45122a9ab94eb4f3f8953578bc0c560""], ""seller_locations"": [{""seller_id"": ""f45122a9ab94eb4f3f8953578bc0c560"", ""city"": ""piracicaba"", ""state"": ""SP""}], ""order_status"": ""delivered"", ""customer_state"": ""SP"", ""item_prices"": [3499]}"
2c4c9c00a376feb3bbd0bf49823eca56,d9f9ec2e8b0b960bb670070fca4d6274,68790,5890,2017-11-06T09:16:31+00:00,open,olist,False,"{""seller_ids"": [""5dceca129747e92ff8ef7a997dc4f8ca""], ""seller_locations"": [{""seller_id"": ""5dceca129747e92ff8ef7a997dc4f8ca"", ""city"": ""santa barbara d\u00b4oeste"", ""state"": ""SP""}], ""order_status"": ""delivered"", ""customer_state"": ""SP"", ""item_prices"": [62900]}"
fb362fb533a2d245c5822558de85ce16,5e14026973c4b71ae2e86aa64cde17bf,13961,1462,2017-11-06T09:25:35+00:00,open,olist,False,"{""seller_ids"": [""43f8c9950d11ecd03a0304a49e010da6""], ""seller_locations"": [{""seller_id"": ""43f8c9950d11ecd03a0304a49e010da6"", ""city"": ""carapicuiba"", ""state"": ""SP""}], ""order_status"": ""delivered"", ""customer_state"": ""RJ"", ""item_prices"": [12499]}"
7f81a8a172eddc4f7afaf02eb94ab824,5266b70050919a41e3e263746facd2a2,3507,1308,2017-11-06T09:50:33+00:00,open,olist,False,"{""seller_ids"": [""2b5ed0c9139dae8883a200dfcb272ece""], ""seller_locations"": [{""seller_id"": ""2b5ed0c9139dae8883a200dfcb272ece"", ""city"": ""sao paulo"", ""state"": ""SP""}], ""order_status"": ""delivered"", ""customer_state"": ""SP"", ""item_prices"": [2199]}"
1d91296bc62c8df68ebaddb299a5a5da,e1cc10593186c139b7467649bf686743,23869,1879,2017-11-06T09:57:24+00:00,open,olist,False,"{""seller_ids"": [""4869f7a5dfa277a7dca6462dcf3b52b2""], ""seller_locations"": [{""seller_id"": ""4869f7a5dfa277a7dca6462dcf3b52b2"", ""city"": ""guariba"", ""state"": ""SP""}], ""order_status"": ""delivered"", ""customer_state"": ""RJ"", ""item_prices"": [21990]}"
5db6441405aea9ad24023a8c10fb6736,e3c774521d475de71b7deb0610632b27,8625,935,2017-11-06T10:09:04+00:00,open,olist,False,"{""seller_ids"": [""7722b1df1b0e383e000397b2c11e3e19""], ""seller_locations"": [{""seller_id"": ""7722b1df1b0e383e000397b2c11e3e19"", ""city"": ""sao bernardo do campo"", ""state"": ""SP""}], ""order_status"": ""delivered"", ""customer_state"": ""SP"", ""item_prices"": [7690]}"
0482c10b78fefa5a30abb519aa9dee93,0da12f504835aca6dd7ca0701c736219,6973,1274,2017-11-06T10:29:49+00:00,open,olist,False,"{""seller_ids"": [""1835b56ce799e6a4dc4eddc053f04066""], ""seller_locations"": [{""seller_id"": ""1835b56ce799e6a4dc4eddc053f04066"", ""city"": ""ibitinga"", ""state"": ""SP""}], ""order_status"": ""delivered"", ""customer_state"": ""SP"", ""item_prices"": [5699]}"
eeba1dfa84dff855a9bcedcb487549dd,ba7fa0a94a106bbf587f5813d19b63b6,20871,1371,2017-11-06T10:32:23+00:00,open,olist,False,"{""seller_ids"": [""897060da8b9a21f655304d50fd935913""], ""seller_locations"": [{""seller_id"": ""897060da8b9a21f655304d50fd935913"", ""city"": ""ribeirao preto"", ""state"": ""SP""}], ""order_status"": ""delivered"", ""customer_state"": ""SP"", ""item_prices"": [19500]}"
c6d2aab4e1535440ff3edc93bd70cff7,17f019dd38d171db5acf7c7f038b5e06,5267,1269,2017-11-06T10:36:50+00:00,open,olist,False,"{""seller_ids"": [""391fc6631aebcf3004804e51b40bcf1e""], ""seller_locations"": [{""seller_id"": ""391fc6631aebcf3004804e51b40bcf1e"", ""city"": ""ibitinga"", ""state"": ""SP""}], ""order_status"": ""delivered"", ""customer_state"": ""SP"", ""item_prices"": [3998]}"
f8aa9d218fccb3e05cac6d9744a19883,64b208f893dcb7b86cf71fc8a1149788,10325,1435,2017-11-06T10:39:30+00:00,open,olist,False,"{""seller_ids"": [""dbc22125167c298ef99da25668e1011f""], ""seller_locations"": [{""seller_id"": ""dbc22125167c298ef99da25668e1011f"", ""city"": ""borda da mata"", ""state"": ""MG""}], ""order_status"": ""delivered"", ""customer_state"": ""SP"", ""item_prices"": [8890]}"
d250f8e317f2d2e56ae505561a800dce,712c4abfd9b054e7872aad2021a4aee3,21273,1373,2017-11-06T10:42:55+00:00,open,olist,False,"{""seller_ids"": [""897060da8b9a21f655304d50fd935913""], ""seller_locations"": [{""seller_id"": ""897060da8b9a21f655304d50fd935913"", ""city"": ""ribeirao preto"", ""state"": ""SP""}], ""order_status"": ""delivered"", ""customer_state"": ""SP"", ""item_prices"": [19900]}"
94a817174af541deb9c64333c5190b51,e557f27be2ff15a34d71e2932d83bea0,122406,2416,2017-11-06T10:55:03+00:00,open,olist,False,"{""seller_ids"": [""2bf6a2c1e71bbd29a4ad64e6d3c3629f""], ""seller_locations"": [{""seller_id"": ""2bf6a2c1e71bbd29a4ad64e6d3c3629f"", ""city"": ""nova friburgo"", ""state"": ""RJ""}], ""order_status"": ""delivered"", ""customer_state"": ""SP"", ""item_prices"": [119990]}"
363a9cad1728c3e133254825f3e853cf,c9f633ba06746056943f5e6d4bf1f1cd,15514,3534,2017-11-06T10:57:21+00:00,open,olist,False,"{""seller_ids"": [""1f50f920176fa81dab994f9023523100""], ""seller_locations"": [{""seller_id"": ""1f50f920176fa81dab994f9023523100"", ""city"": ""sao jose do rio preto"", ""state"": ""SP""}], ""order_status"": ""delivered"", ""customer_state"": ""RJ"", ""item_prices"": [5990, 5990]}"
8d4bf0250a288cb514e50be83d8d6cd1,842c82a05fe60d689e341d5c9f33f73a,13376,1386,2017-11-06T11:03:14+00:00,open,olist,False,"{""seller_ids"": [""8160255418d5aaa7dbdc9f4c64ebda44""], ""seller_locations"": [{""seller_id"": ""8160255418d5aaa7dbdc9f4c64ebda44"", ""city"": ""ibitinga"", ""state"": ""SP""}], ""order_status"": ""delivered"", ""customer_state"": ""SP"", ""item_prices"": [11990]}"
a2fb9f237dfb7fb67d835e6507514943,86cb5b442aff3b8e9b29b18d5947c245,23060,3361,2017-11-06T11:06:56+00:00,open,olist,False,"{""seller_ids"": [""7c67e1448b00f6e969d365cea6b010ab""], ""seller_locations"": [{""seller_id"": ""7c67e1448b00f6e969d365cea6b010ab"", ""city"": ""itaquaquecetuba"", ""state"": ""SP""}], ""order_status"": ""delivered"", ""customer_state"": ""SP"", ""item_prices"": [19699]}"
53d1f26612893ef17dbc27d69a8382e4,2583866968d72b2503e08837f6698689,14617,1667,2017-11-06T11:20:48+00:00,open,olist,False,"{""seller_ids"": [""6cd68b3ed6d59aaa9fece558ad360c0a""], ""seller_locations"": [{""seller_id"": ""6cd68b3ed6d59aaa9fece558ad360c0a"", ""city"": ""belo horizonte"", ""state"": ""MG""}], ""order_status"": ""delivered"", ""customer_state"": ""RJ"", ""item_prices"": [12950]}"
e494c29003c61332fdf1340bba650cd3,b2cdf76962cdd5c1c1534af71e82ebeb,8738,4238,2017-11-06T11:29:00+00:00,open,olist,False,"{""seller_ids"": [""70a12e78e608ac31179aea7f8422044b""], ""seller_locations"": [{""seller_id"": ""70a12e78e608ac31179aea7f8422044b"", ""city"": ""jacarei"", ""state"": ""SP""}], ""order_status"": ""delivered"", ""customer_state"": ""AC"", ""item_prices"": [4500]}"
fc5d7fc2903cfc7a873e4669688028aa,0b704ed6ca67840f360498ffe905d8da,7283,1584,2017-11-06T11:33:43+00:00,open,olist,False,"{""seller_ids"": [""cc419e0650a3c5ba77189a1882b7556a""], ""seller_locations"": [{""seller_id"": ""cc419e0650a3c5ba77189a1882b7556a"", ""city"": ""santo andre"", ""state"": ""SP""}], ""order_status"": ""delivered"", ""customer_state"": ""BA"", ""item_prices"": [5699]}"
af2822be6a722a21405c9aba959a9968,21325012e96d5549c44148c2d65ca3ee,18483,1593,2017-11-06T11:35:24+00:00,open,olist,False,"{""seller_ids"": [""4e17c65a516f69d023a2ae78b84f28d6""], ""seller_locations"": [{""seller_id"": ""4e17c65a516f69d023a2ae78b84f28d6"", ""city"": ""suzano"", ""state"": ""SP""}], ""order_status"": ""delivered"", ""customer_state"": ""MG"", ""item_prices"": [16890]}"
ced9efa04f0d7b0543fa0d8ab9472a6c,b8a11136550032517dcc9183f87c057c,15054,3554,2017-11-06T11:36:06+00:00,open,olist,False,"{""seller_ids"": [""1ca7077d890b907f89be8c954a02686a""], ""seller_locations"": [{""seller_id"": ""1ca7077d890b907f89be8c954a02686a"", ""city"": ""santana de parnaiba"", ""state"": ""SP""}], ""order_status"": ""delivered"", ""customer_state"": ""SP"", ""item_prices"": [4500, 3500, 3500]}"
5c226b11bc0f3438cfdacd76b39e4fee,96a297162b4d82e37dea33271fe02b11,92034,5034,2017-11-06T11:46:04+00:00,open,olist,False,"{""seller_ids"": [""99eaacc9e6046db1c82b163c5f84869f""], ""seller_locations"": [{""seller_id"": ""99eaacc9e6046db1c82b163c5f84869f"", ""city"": ""franca"", ""state"": ""SP""}], ""order_status"": ""delivered"", ""customer_state"": ""SC"", ""item_prices"": [29000, 29000, 29000]}"
bb00e44342a8d895d7d96bfb88b1dc8a,7fadcf53222cf52db5c311cc711b6d2e,17170,1671,2017-11-06T11:49:07+00:00,open,olist,False,"{""seller_ids"": [""3b15288545f8928d3e65a8f949a28291""], ""seller_locations"": [{""seller_id"": ""3b15288545f8928d3e65a8f949a28291"", ""city"": ""ibitinga"", ""state"": ""SP""}], ""order_status"": ""delivered"", ""customer_state"": ""SP"", ""item_prices"": [15499]}"
b2d7cdefb5c17f098e82a26005b7ff89,82f341134c3e8d0a25958d4bb4f05e4b,3010,1410,2017-11-06T11:49:46+00:00,open,olist,False,"{""seller_ids"": [""e5475dcab1e07b63d7f6e902d8f5eda8""], ""seller_locations"": [{""seller_id"": ""e5475dcab1e07b63d7f6e902d8f5eda8"", ""city"": ""diadema"", ""state"": ""SP""}], ""order_status"": ""delivered"", ""customer_state"": ""RJ"", ""item_prices"": [1600]}"
a77e640490c0930838454624780038b5,d1744e4b88a060e0c2f919c5eccc33ff,74327,3337,2017-11-06T11:53:36+00:00,open,olist,False,"{""seller_ids"": [""3bb548e3cb7f70f28e3f11ee9dce0e59""], ""seller_locations"": [{""seller_id"": ""3bb548e3cb7f70f28e3f11ee9dce0e59"", ""city"": ""maringa"", ""state"": ""PR""}], ""order_status"": ""delivered"", ""customer_state"": ""MT"", ""item_prices"": [70990]}"
47bc8fdc26cacf1dc85dd74df210ff30,a31dc47d85fb26c44fa0e00db1972190,10702,3022,2017-11-06T11:56:58+00:00,open,olist,False,"{""seller_ids"": [""1025f0e2d44d7041d6cf58b6550e0bfa""], ""seller_locations"": [{""seller_id"": ""1025f0e2d44d7041d6cf58b6550e0bfa"", ""city"": ""sao paulo"", ""state"": ""SP""}], ""order_status"": ""delivered"", ""customer_state"": ""ES"", ""item_prices"": [3840, 3840]}"
2d6ce36962726757ee9b668df71866e6,3fabb2d53935aee311d331d0f0480da2,4409,1410,2017-11-06T12:02:40+00:00,open,olist,False,"{""seller_ids"": [""ea8482cd71df3c1969d7b9473ff13abc""], ""seller_locations"": [{""seller_id"": ""ea8482cd71df3c1969d7b9473ff13abc"", ""city"": ""sao paulo"", ""state"": ""SP""}], ""order_status"": ""delivered"", ""customer_state"": ""RS"", ""item_prices"": [2999]}"
2eeb8e6a0c5f3787936ab06ff6dfc54f,90e57819e51c6f3f589ee122451616fe,3507,1308,2017-11-06T12:03:52+00:00,open,olist,False,"{""seller_ids"": [""2b5ed0c9139dae8883a200dfcb272ece""], ""seller_locations"": [{""seller_id"": ""2b5ed0c9139dae8883a200dfcb272ece"", ""city"": ""sao paulo"", ""state"": ""SP""}], ""order_status"": ""delivered"", ""customer_state"": ""SP"", ""item_prices"": [2199]}"
efcdad37e7529147a3c3ece422943baf,a4d6f5e61e07e006e41e7ec382f3db1b,3577,778,2017-11-06T12:09:21+00:00,open,olist,False,"{""seller_ids"": [""ea8482cd71df3c1969d7b9473ff13abc""], ""seller_locations"": [{""seller_id"": ""ea8482cd71df3c1969d7b9473ff13abc"", ""city"": ""sao paulo"", ""state"": ""SP""}], ""order_status"": ""delivered"", ""customer_state"": ""SP"", ""item_prices"": [2799]}"
567ca196ed2fefd9a66f852f8fd67058,f4cb29a2884554c257a90856b70d2f54,19266,1276,2017-11-06T12:10:05+00:00,open,olist,False,"{""seller_ids"": [""fa1c13f2614d7b5c4749cbc52fecda94""], ""seller_locations"": [{""seller_id"": ""fa1c13f2614d7b5c4749cbc52fecda94"", ""city"": ""sumare"", ""state"": ""SP""}], ""order_status"": ""delivered"", ""customer_state"": ""SP"", ""item_prices"": [17990]}"
6c07e27e694dcf18f9171b1fc5c85fca,cf1f3832efb4b882a8ce2c7ccbe4db1b,11444,1445,2017-11-06T12:11:38+00:00,open,olist,False,"{""seller_ids"": [""43f8c9950d11ecd03a0304a49e010da6""], ""seller_locations"": [{""seller_id"": ""43f8c9950d11ecd03a0304a49e010da6"", ""city"": ""carapicuiba"", ""state"": ""SP""}], ""order_status"": ""delivered"", ""customer_state"": ""RJ"", ""item_prices"": [9999]}"
0794929f95ad2d3371bf525e22a2603f,1650819cd492bbf4b9d189c7d4126475,18147,4747,2017-11-06T12:28:08+00:00,open,olist,False,"{""seller_ids"": [""25c5c91f63607446a97b143d2d535d31""], ""seller_locations"": [{""seller_id"": ""25c5c91f63607446a97b143d2d535d31"", ""city"": ""itauna"", ""state"": ""MG""}], ""order_status"": ""delivered"", ""customer_state"": ""RN"", ""item_prices"": [13400]}"
422beef43d75298fcfe50fea1a6556d8,f4c41fdf263354b73b5b86b02c8f8492,33531,10631,2017-11-06T12:34:20+00:00,open,olist,False,"{""seller_ids"": [""13074f016982ff2bd6c58ced8682f000""], ""seller_locations"": [{""seller_id"": ""13074f016982ff2bd6c58ced8682f000"", ""city"": ""bento goncalves"", ""state"": ""RS""}], ""order_status"": ""delivered"", ""customer_state"": ""RJ"", ""item_prices"": [22900]}"
67b963609580980a2d4dd86c6509b849,2f118e666b41b76a61d8cdbbc19f7735,18891,1791,2017-11-06T12:34:27+00:00,open,olist,False,"{""seller_ids"": [""c3867b4666c7d76867627c2f7fb22e21""], ""seller_locations"": [{""seller_id"": ""c3867b4666c7d76867627c2f7fb22e21"", ""city"": ""guara"", ""state"": ""SP""}], ""order_status"": ""delivered"", ""customer_state"": ""SP"", ""item_prices"": [17100]}"
0361f3d4648b016237d77833005e4cfc,bc7b9e0d078c0c01f622b38cfcd7ee9c,18473,1593,2017-11-06T12:34:37+00:00,open,olist,False,"{""seller_ids"": [""fa1c13f2614d7b5c4749cbc52fecda94""], ""seller_locations"": [{""seller_id"": ""fa1c13f2614d7b5c4749cbc52fecda94"", ""city"": ""sumare"", ""state"": ""SP""}], ""order_status"": ""delivered"", ""customer_state"": ""RJ"", ""item_prices"": [16880]}"
c5f72d97d28261afcce1192481123758,5f2360a071c8251e652488064a26200c,4184,1185,2017-11-06T12:38:32+00:00,open,olist,False,"{""seller_ids"": [""ef506c96320abeedfb894c34db06f478""], ""seller_locations"": [{""seller_id"": ""ef506c96320abeedfb894c34db06f478"", ""city"": ""sao paulo"", ""state"": ""SP""}], ""order_status"": ""delivered"", ""customer_state"": ""SP"", ""item_prices"": [2999]}"
f9e65963f3f83f99489c898626cadd7e,1e962724461d2c0db4644277169082e3,5268,778,2017-11-06T12:38:43+00:00,open,olist,False,"{""seller_ids"": [""fa40cc5b934574b62717c68f3d678b6d""], ""seller_locations"": [{""seller_id"": ""fa40cc5b934574b62717c68f3d678b6d"", ""city"": ""sao paulo"", ""state"": ""SP""}], ""order_status"": ""delivered"", ""customer_state"": ""SP"", ""item_prices"": [4490]}"
840112365be338b61d43f776e94b7068,58835ea10a8191c85f9c0da34a51b0e9,3201,1511,2017-11-06T12:41:01+00:00,open,olist,False,"{""seller_ids"": [""1acde099eb406aa220b1169b188b42da""], ""seller_locations"": [{""seller_id"": ""1acde099eb406aa220b1169b188b42da"", ""city"": ""sao paulo"", ""state"": ""SP""}], ""order_status"": ""delivered"", ""customer_state"": ""DF"", ""item_prices"": [1690]}"
3e555ab59108cb3d4ec66fc204bcb22c,8a97a930c86c83b79d033300afc68fac,2668,778,2017-11-06T12:47:11+00:00,open,olist,False,"{""seller_ids"": [""8b321bb669392f5163d04c59e235e066""], ""seller_locations"": [{""seller_id"": ""8b321bb669392f5163d04c59e235e066"", ""city"": ""sao paulo"", ""state"": ""SP""}], ""order_status"": ""delivered"", ""customer_state"": ""SP"", ""item_prices"": [1890]}"
02332b54c758506809fd87d9c2748086,9ef4905006f939a993f4794df18564c7,5414,2115,2017-11-06T12:48:43+00:00,open,olist,False,"{""seller_ids"": [""2a61c271b1ac763450d846849783e922""], ""seller_locations"": [{""seller_id"": ""2a61c271b1ac763450d846849783e922"", ""city"": ""santo andre"", ""state"": ""SP""}], ""order_status"": ""delivered"", ""customer_state"": ""PI"", ""item_prices"": [3299]}"
037a9cf279c376ab222c9d27be892513,48a5a17d697d2da4735f51e37dfbdc50,0,0,2017-11-06T13:04:40+00:00,cancelled,olist,False,"{""seller_ids"": [], ""seller_locations"": [], ""order_status"": ""unavailable"", ""customer_state"": ""RS"", ""item_prices"": []}"
90ab3e7d52544ec7bc3363c82689965f,161e5b2b4513edb336986a8909218365,0,0,2017-11-06T13:12:34+00:00,open,olist,False,"{""seller_ids"": [], ""seller_locations"": [], ""order_status"": ""created"", ""customer_state"": ""PR"", ""item_prices"": []}"
0d665d0a88c9d2ae8edfcc1053ba13f9,6bbdb2486a1b142e632b8128dc22cc3e,5351,1511,2017-11-06T13:15:27+00:00,open,olist,False,"{""seller_ids"": [""1025f0e2d44d7041d6cf58b6550e0bfa""], ""seller_locations"": [{""seller_id"": ""1025f0e2d44d7041d6cf58b6550e0bfa"", ""city"": ""sao paulo"", ""state"": ""SP""}], ""order_status"": ""delivered"", ""customer_state"": ""RJ"", ""item_prices"": [3840]}"
8242b086009bdffe2eb081b77d4ca7de,4ecdcc06343fcc71cbd3d0905e74a45b,11785,1795,2017-11-06T13:16:25+00:00,open,olist,False,"{""seller_ids"": [""81a1104df0f08b59c68aa5b03cfe398e""], ""seller_locations"": [{""seller_id"": ""81a1104df0f08b59c68aa5b03cfe398e"", ""city"": ""sao jose dos pinhais"", ""state"": ""PR""}], ""order_status"": ""delivered"", ""customer_state"": ""SC"", ""item_prices"": [9990]}"
e9fb88ba8cd6b5d1e4812dbe24d2e893,b790018858eedb8acf351b01ec841ee1,5924,934,2017-11-06T13:25:46+00:00,open,olist,False,"{""seller_ids"": [""30a2f535bb48308f991d0b9ad4a8c4bb""], ""seller_locations"": [{""seller_id"": ""30a2f535bb48308f991d0b9ad4a8c4bb"", ""city"": ""santa barbara d'oeste"", ""state"": ""SP""}], ""order_status"": ""delivered"", ""customer_state"": ""SP"", ""item_prices"": [4990]}"
3e3c4a4dde46d9946ddc842ec389afdb,102ede583b4c21f958423ea7f91d3b87,21398,4218,2017-11-06T13:33:47+00:00,open,olist,False,"{""seller_ids"": [""f8db351d8c4c4c22c6835c19a46f01b0""], ""seller_locations"": [{""seller_id"": ""f8db351d8c4c4c22c6835c19a46f01b0"", ""city"": ""salto"", ""state"": ""SP""}], ""order_status"": ""delivered"", ""customer_state"": ""MG"", ""item_prices"": [8590, 8590]}"
94d184110abf5d80e6d1a37951556c61,590820515e9a622e73ddbe545fc1eb86,7200,1515,2017-11-06T13:35:31+00:00,open,olist,False,"{""seller_ids"": [""f45122a9ab94eb4f3f8953578bc0c560""], ""seller_locations"": [{""seller_id"": ""f45122a9ab94eb4f3f8953578bc0c560"", ""city"": ""piracicaba"", ""state"": ""SP""}], ""order_status"": ""delivered"", ""customer_state"": ""MG"", ""item_prices"": [5685]}"
9fbdb5da34e42e5603cd57ad18c79729,f01cce5639ad2767abee41dd4621d804,11695,1695,2017-11-06T13:43:23+00:00,open,olist,False,"{""seller_ids"": [""95e03ca3d4146e4011985981aeb959b9""], ""seller_locations"": [{""seller_id"": ""95e03ca3d4146e4011985981aeb959b9"", ""city"": ""rio de janeiro"", ""state"": ""RJ""}], ""order_status"": ""delivered"", ""customer_state"": ""PR"", ""item_prices"": [10000]}"
60d13096e69ace88a0c5b8c3805010ca,581c85ba0bfacbdb3f21e5ac6fd2187a,4101,1611,2017-11-06T13:48:10+00:00,open,olist,False,"{""seller_ids"": [""3504c0cb71d7fa48d967e0e4c94d59d9""], ""seller_locations"": [{""seller_id"": ""3504c0cb71d7fa48d967e0e4c94d59d9"", ""city"": ""maua"", ""state"": ""SP""}], ""order_status"": ""delivered"", ""customer_state"": ""RJ"", ""item_prices"": [2490]}"
bdf7a997a9edbbfbb3b06b5f13f1b23e,17323e6778c10b4a781bb9564ce5f498,4684,1185,2017-11-06T13:55:03+00:00,open,olist,False,"{""seller_ids"": [""b499c00f28f4b7069ff6550af8c1348a""], ""seller_locations"": [{""seller_id"": ""b499c00f28f4b7069ff6550af8c1348a"", ""city"": ""limeira"", ""state"": ""SP""}], ""order_status"": ""delivered"", ""customer_state"": ""SP"", ""item_prices"": [3499]}"
5f5fda6bb6bf0aa8f49f50506b1584ca,9c101a1e40d02a431e8f6e0008529772,31945,5445,2017-11-06T13:59:41+00:00,open,olist,False,"{""seller_ids"": [""eddd1991bd6d9309995a480c39b95137""], ""seller_locations"": [{""seller_id"": ""eddd1991bd6d9309995a480c39b95137"", ""city"": ""ponta grossa"", ""state"": ""PR""}], ""order_status"": ""delivered"", ""customer_state"": ""SC"", ""item_prices"": [26500]}"
c33548afe8a1590b82f9f0c6141ef508,fdde232a70739feb7bff709ca09a6b1d,6861,1661,2017-11-06T14:00:55+00:00,open,olist,False,"{""seller_ids"": [""855668e0971d4dfd7bef1b6a4133b41b""], ""seller_locations"": [{""seller_id"": ""855668e0971d4dfd7bef1b6a4133b41b"", ""city"": ""itatiba"", ""state"": ""SP""}], ""order_status"": ""delivered"", ""customer_state"": ""GO"", ""item_prices"": [5200]}"
5a23dfaecf3aac7ca8bbcb6259eb4ce2,0da5247e3af1907adfb86f93c6f769f9,3500,1510,2017-11-06T14:13:12+00:00,open,olist,False,"{""seller_ids"": [""537eb890efff034a88679788b647c564""], ""seller_locations"": [{""seller_id"": ""537eb890efff034a88679788b647c564"", ""city"": ""rio de janeiro"", ""state"": ""RJ""}], ""order_status"": ""delivered"", ""customer_state"": ""MG"", ""item_prices"": [1990]}"
c11457253eefe1635e2c7acbf249aa1a,cea24d7104b107365c53eb0cc5c4eb66,18124,4334,2017-11-06T14:13:32+00:00,open,olist,False,"{""seller_ids"": [""25c5c91f63607446a97b143d2d535d31""], ""seller_locations"": [{""seller_id"": ""25c5c91f63607446a97b143d2d535d31"", ""city"": ""itauna"", ""state"": ""MG""}], ""order_status"": ""delivered"", ""customer_state"": ""PR"", ""item_prices"": [13790]}"
b077f14ebe1b28627ac1c9551b1ac974,f08bcc2665bfd28bcdbc5530efa21cd5,4717,827,2017-11-06T14:15:11+00:00,open,olist,False,"{""seller_ids"": [""5b664594895aefb418afaee6d40a9a23""], ""seller_locations"": [{""seller_id"": ""5b664594895aefb418afaee6d40a9a23"", ""city"": ""petropolis"", ""state"": ""RJ""}], ""order_status"": ""delivered"", ""customer_state"": ""RJ"", ""item_prices"": [3890]}"
1b60d2efd91abb75b6a78ba9041a3f15,6f4102ac174b0bf17f1495f81a6f27a3,3601,1611,2017-11-06T14:17:00+00:00,open,olist,False,"{""seller_ids"": [""3d871de0142ce09b7081e2b9d1733cb1""], ""seller_locations"": [{""seller_id"": ""3d871de0142ce09b7081e2b9d1733cb1"", ""city"": ""campo limpo paulista"", ""state"": ""SP""}], ""order_status"": ""delivered"", ""customer_state"": ""SC"", ""item_prices"": [1990]}"
f104033beebfd7e8f12217531c2275f9,d022f60348d070258d57c290636badea,15720,4730,2017-11-06T14:20:14+00:00,open,olist,False,"{""seller_ids"": [""1d8dbc4f32378d715c717c1c1fc57bae""], ""seller_locations"": [{""seller_id"": ""1d8dbc4f32378d715c717c1c1fc57bae"", ""city"": ""arapongas"", ""state"": ""PR""}], ""order_status"": ""delivered"", ""customer_state"": ""PE"", ""item_prices"": [10990]}"
92fc1ca41d579ec86467b590c6acc489,e9b846d808ccf1823115501829ee7e18,5638,1959,2017-11-06T14:25:23+00:00,open,olist,False,"{""seller_ids"": [""7aa4334be125fcdd2ba64b3180029f14""], ""seller_locations"": [{""seller_id"": ""7aa4334be125fcdd2ba64b3180029f14"", ""city"": ""laranjal paulista"", ""state"": ""SP""}], ""order_status"": ""delivered"", ""customer_state"": ""MT"", ""item_prices"": [3679]}"
52fb2336bbf199586136afbe9822086c,3abcdd9f2adabfc152ffc2c348ab5644,15721,1222,2017-11-06T14:28:25+00:00,open,olist,False,"{""seller_ids"": [""7a67c85e85bb2ce8582c35f2203ad736""], ""seller_locations"": [{""seller_id"": ""7a67c85e85bb2ce8582c35f2203ad736"", ""city"": ""sao paulo"", ""state"": ""SP""}], ""order_status"": ""delivered"", ""customer_state"": ""SP"", ""item_prices"": [14499]}"
c0585e6e7446a97905280a732d27ac4a,7ee80de1a077e0aeae1783715ec36476,3678,778,2017-11-06T14:28:57+00:00,open,olist,False,"{""seller_ids"": [""6560211a19b47992c3666cc44a7e94c0""], ""seller_locations"": [{""seller_id"": ""6560211a19b47992c3666cc44a7e94c0"", ""city"": ""sao paulo"", ""state"": ""SP""}], ""order_status"": ""delivered"", ""customer_state"": ""SP"", ""item_prices"": [2900]}"
b75a194685421be6ebb7b18c2ec9faa3,7d6aacf8eb406bd16f8cca2be7163c75,26568,1478,2017-11-06T14:37:30+00:00,open,olist,False,"{""seller_ids"": [""e8b3a3a38279a82f0e5d006d5e5b7d2c""], ""seller_locations"": [{""seller_id"": ""e8b3a3a38279a82f0e5d006d5e5b7d2c"", ""city"": ""jussara"", ""state"": ""PR""}], ""order_status"": ""delivered"", ""customer_state"": ""SP"", ""item_prices"": [25090]}"
0e0b2c3867ebecdb54f64e443e7f1921,7e6494e69991e3b31bcbe9cf32533b29,4240,1510,2017-11-06T14:37:36+00:00,open,olist,False,"{""seller_ids"": [""e5a3438891c0bfdb9394643f95273d8e""], ""seller_locations"": [{""seller_id"": ""e5a3438891c0bfdb9394643f95273d8e"", ""city"": ""limeira"", ""state"": ""SP""}], ""order_status"": ""delivered"", ""customer_state"": ""PR"", ""item_prices"": [2730]}"
a57b39b38d69680f2b3708ec611e8bff,abb988a3a19147f2a4dbaf0e71bd9e37,16430,2180,2017-11-06T14:40:16+00:00,open,olist,False,"{""seller_ids"": [""058fd0aa2bfdb2274e05e1ae971dabb6""], ""seller_locations"": [{""seller_id"": ""058fd0aa2bfdb2274e05e1ae971dabb6"", ""city"": ""santo andre"", ""state"": ""SP""}], ""order_status"": ""delivered"", ""customer_state"": ""SE"", ""item_prices"": [14250]}"
328f5ed22995509b59ff08c98fa22c72,d8498f6b01c50238faa7fbc56682c34f,79254,2264,2017-11-06T14:45:59+00:00,open,olist,False,"{""seller_ids"": [""7b1222c3624aa89b9558b50a2594188c""], ""seller_locations"": [{""seller_id"": ""7b1222c3624aa89b9558b50a2594188c"", ""city"": ""sao jose do rio preto"", ""state"": ""SP""}], ""order_status"": ""delivered"", ""customer_state"": ""RS"", ""item_prices"": [76990]}"
d30a31ae450b7eccbb5fc54276bdccf7,b35dd02a8fb5287993b96bee8a8e4238,94112,4162,2017-11-06T14:50:40+00:00,open,olist,False,"{""seller_ids"": [""a6bd7d1ccdac48c6b33b28596b7eb122""], ""seller_locations"": [{""seller_id"": ""a6bd7d1ccdac48c6b33b28596b7eb122"", ""city"": ""mamanguape"", ""state"": ""PB""}], ""order_status"": ""delivered"", ""customer_state"": ""RJ"", ""item_prices"": [89950]}"
10d94479d66117fb7748e5117855db0c,e0dd737c37017dd45daddee7b4976993,14696,2716,2017-11-06T14:55:05+00:00,open,olist,False,"{""seller_ids"": [""4d6d651bd7684af3fffabd5f08d12e5a""], ""seller_locations"": [{""seller_id"": ""4d6d651bd7684af3fffabd5f08d12e5a"", ""city"": ""jau"", ""state"": ""SP""}], ""order_status"": ""delivered"", ""customer_state"": ""RJ"", ""item_prices"": [11980]}"
6cf750e29805ce3d37382d97dc7eda36,ce5007556ca6f785f4d43f910c733700,15171,1571,2017-11-06T14:55:43+00:00,open,olist,False,"{""seller_ids"": [""b18dc380845b24038cfc48006478f099""], ""seller_locations"": [{""seller_id"": ""b18dc380845b24038cfc48006478f099"", ""city"": ""diadema"", ""state"": ""SP""}], ""order_status"": ""delivered"", ""customer_state"": ""RS"", ""item_prices"": [13600]}"
1ff3fa09d18389ae97c96c0dd2edd0d7,fc72a2e33eb83c94038e5e973d632fe7,5610,1611,2017-11-06T15:00:50+00:00,open,olist,False,"{""seller_ids"": [""1835b56ce799e6a4dc4eddc053f04066""], ""seller_locations"": [{""seller_id"": ""1835b56ce799e6a4dc4eddc053f04066"", ""city"": ""ibitinga"", ""state"": ""SP""}], ""order_status"": ""delivered"", ""customer_state"": ""RJ"", ""item_prices"": [3999]}"
b93dfded1655914b88fb6ae621fb62f1,3af45fe3c1c22f5b1a03de0637741bc6,10218,2538,2017-11-06T15:02:56+00:00,open,olist,False,"{""seller_ids"": [""1025f0e2d44d7041d6cf58b6550e0bfa""], ""seller_locations"": [{""seller_id"": ""1025f0e2d44d7041d6cf58b6550e0bfa"", ""city"": ""sao paulo"", ""state"": ""SP""}], ""order_status"": ""delivered"", ""customer_state"": ""SP"", ""item_prices"": [3840, 3840]}"
086d49a75db554056a171c0c706a7e18,1d9f8ceef15c2c222c7452f380371627,17550,2556,2017-11-06T15:04:33+00:00,open,olist,False,"{""seller_ids"": [""7c67e1448b00f6e969d365cea6b010ab""], ""seller_locations"": [{""seller_id"": ""7c67e1448b00f6e969d365cea6b010ab"", ""city"": ""itaquaquecetuba"", ""state"": ""SP""}], ""order_status"": ""delivered"", ""customer_state"": ""SP"", ""item_prices"": [14994]}"
be32306676f1b65193ce87367ecf3e34,028f21bc914b92ebd3d90710df2363b0,3010,1510,2017-11-06T15:04:50+00:00,open,olist,False,"{""seller_ids"": [""3d871de0142ce09b7081e2b9d1733cb1""], ""seller_locations"": [{""seller_id"": ""3d871de0142ce09b7081e2b9d1733cb1"", ""city"": ""campo limpo paulista"", ""state"": ""SP""}], ""order_status"": ""delivered"", ""customer_state"": ""RJ"", ""item_prices"": [1500]}"
9f412f386995efffd83915f323716b64,530536811a54b54504e35183447a8ecf,10328,3428,2017-11-06T15:07:33+00:00,open,olist,False,"{""seller_ids"": [""6560211a19b47992c3666cc44a7e94c0""], ""seller_locations"": [{""seller_id"": ""6560211a19b47992c3666cc44a7e94c0"", ""city"": ""sao paulo"", ""state"": ""SP""}], ""order_status"": ""delivered"", ""customer_state"": ""PB"", ""item_prices"": [6900]}"
e2cb8763d4216d9a23fd322ac9fec713,0b8f48c242246419f92b6c43b0165010,165711,5811,2017-11-06T15:07:34+00:00,open,olist,False,"{""seller_ids"": [""5d378b73ab7dd6f0418d743e5dcb0bd1""], ""seller_locations"": [{""seller_id"": ""5d378b73ab7dd6f0418d743e5dcb0bd1"", ""city"": ""sao paulo"", ""state"": ""SP""}], ""order_status"": ""delivered"", ""customer_state"": ""PA"", ""item_prices"": [159900]}"
381c217ee7fe965c547e4af4c8a70b75,a28f687bf746de141e0827d034d6132c,3138,1248,2017-11-06T15:11:22+00:00,open,olist,False,"{""seller_ids"": [""128639473a139ac0f3e5f5ade55873a5""], ""seller_locations"": [{""seller_id"": ""128639473a139ac0f3e5f5ade55873a5"", ""city"": ""maringa"", ""state"": ""PR""}], ""order_status"": ""delivered"", ""customer_state"": ""SP"", ""item_prices"": [1890]}"
e2c37260c7a927c7d9808341dbe2924c,76469f1d0d75d1b8c83fd75610f84c23,3910,1511,2017-11-06T15:23:07+00:00,open,olist,False,"{""seller_ids"": [""1da3aeb70d7989d1e6d9b0e887f97c23""], ""seller_locations"": [{""seller_id"": ""1da3aeb70d7989d1e6d9b0e887f97c23"", ""city"": ""sao paulo"", ""state"": ""SP""}], ""order_status"": ""delivered"", ""customer_state"": ""RJ"", ""item_prices"": [2399]}"
c61f662d769eea17b4b8e49620226232,8d39f6fecda2476bd70895d99291e3bf,21974,2424,2017-11-06T15:24:21+00:00,open,olist,False,"{""seller_ids"": [""b9a03475e6447e631b6799ec8274800f""], ""seller_locations"": [{""seller_id"": ""b9a03475e6447e631b6799ec8274800f"", ""city"": ""formosa do oeste"", ""state"": ""PR""}], ""order_status"": ""delivered"", ""customer_state"": ""MG"", ""item_prices"": [19550]}"
97cd2653d53d5404413e2241289d5418,8610d4722d4bcdaf55f53cbeb8cf3c14,3009,1510,2017-11-06T15:29:29+00:00,open,olist,False,"{""seller_ids"": [""9f56a7a649097b166d8ed286ad86a15c""], ""seller_locations"": [{""seller_id"": ""9f56a7a649097b166d8ed286ad86a15c"", ""city"": ""rio de janeiro"", ""state"": ""RJ""}], ""order_status"": ""processing"", ""customer_state"": ""MG"", ""item_prices"": [1499]}"
f8b8098e21e86c13492c01a688632b75,ab017161bffa67a5a68d762fc993a35d,19692,1702,2017-11-06T15:30:50+00:00,open,olist,False,"{""seller_ids"": [""d624126b9206f595fb3fbb6ba03b28a8""], ""seller_locations"": [{""seller_id"": ""d624126b9206f595fb3fbb6ba03b28a8"", ""city"": ""curitiba"", ""state"": ""PR""}], ""order_status"": ""delivered"", ""customer_state"": ""SP"", ""item_prices"": [17990]}"
b6d7bc72070db9ad2c50a38490b993ca,291fbe0bef77808ae14b772b922cab74,3826,827,2017-11-06T15:35:40+00:00,open,olist,False,"{""seller_ids"": [""59cd88080b93f3c18508673122d26169""], ""seller_locations"": [{""seller_id"": ""59cd88080b93f3c18508673122d26169"", ""city"": ""praia grande"", ""state"": ""SP""}], ""order_status"": ""delivered"", ""customer_state"": ""SP"", ""item_prices"": [2999]}"
0fba53cb4e9429e38cd2750c32fa24a5,37d35206031031985cbe5577eacbd0f1,5221,872,2017-11-06T15:40:30+00:00,open,olist,False,"{""seller_ids"": [""2e1c9f22be269ef4643f826c9e650a52""], ""seller_locations"": [{""seller_id"": ""2e1c9f22be269ef4643f826c9e650a52"", ""city"": ""sao paulo"", ""state"": ""SP""}], ""order_status"": ""delivered"", ""customer_state"": ""SP"", ""item_prices"": [4349]}"
b9dcd29b81f45fd68a5489a381a5a3fc,c97d551073edc0d8962ce1a32e0c4d7f,45664,3674,2017-11-06T15:42:01+00:00,open,olist,False,"{""seller_ids"": [""4bf2f4ee540798a61f9636d12cd9cc80""], ""seller_locations"": [{""seller_id"": ""4bf2f4ee540798a61f9636d12cd9cc80"", ""city"": ""assis"", ""state"": ""SP""}], ""order_status"": ""delivered"", ""customer_state"": ""MA"", ""item_prices"": [41990]}"
0078a358a14592b887eb140ef515f5ab,a6f9ff98ef3cedac9d8a2b88afc89972,33638,8286,2017-11-06T15:42:42+00:00,open,olist,False,"{""seller_ids"": [""cca3071e3e9bb7d12640c9fbe2301306""], ""seller_locations"": [{""seller_id"": ""cca3071e3e9bb7d12640c9fbe2301306"", ""city"": ""ibitinga"", ""state"": ""SP""}], ""order_status"": ""delivered"", ""customer_state"": ""GO"", ""item_prices"": [25352]}"
3e170726582244699b156f1c7044223a,718028dee40c5253ab23fad0a46a9eb0,41581,1582,2017-11-06T15:47:20+00:00,cancelled,olist,False,"{""seller_ids"": [""2e3be8a987a30d7544dbbda6861cc14e""], ""seller_locations"": [{""seller_id"": ""2e3be8a987a30d7544dbbda6861cc14e"", ""city"": ""belo horizonte"", ""state"": ""MG""}], ""order_status"": ""canceled"", ""customer_state"": ""MG"", ""item_prices"": [39999]}"
810866331b08e6226337a3b29fd8c980,89698c8bbd68babe5edec47450537a05,7886,1896,2017-11-06T15:49:24+00:00,open,olist,False,"{""seller_ids"": [""77530e9772f57a62c906e1c21538ab82""], ""seller_locations"": [{""seller_id"": ""77530e9772f57a62c906e1c21538ab82"", ""city"": ""curitiba"", ""state"": ""PR""}], ""order_status"": ""delivered"", ""customer_state"": ""ES"", ""item_prices"": [5990]}"
ab06984b04c0624abda79b20ba1f985f,77426f7a06e493a618f5eec875ee7450,10877,1887,2017-11-06T15:55:08+00:00,open,olist,False,"{""seller_ids"": [""a49928bcdf77c55c6d6e05e09a9b4ca5""], ""seller_locations"": [{""seller_id"": ""a49928bcdf77c55c6d6e05e09a9b4ca5"", ""city"": ""sao paulo"", ""state"": ""SP""}], ""order_status"": ""delivered"", ""customer_state"": ""BA"", ""item_prices"": [8990]}"
4a59b00152497e88a6a4ab7bfe77e04b,7bd3bf5cf286d73c6876f46cf03b7595,16365,1666,2017-11-06T15:59:48+00:00,open,olist,False,"{""seller_ids"": [""7ddcbb64b5bc1ef36ca8c151f6ec77df""], ""seller_locations"": [{""seller_id"": ""7ddcbb64b5bc1ef36ca8c151f6ec77df"", ""city"": ""sao paulo"", ""state"": ""SP""}], ""order_status"": ""delivered"", ""customer_state"": ""SP"", ""item_prices"": [14699]}"
70f427024dbea24f9d879d8fd7d19df3,7a717553d8ea2eaf29cace2e5876f634,2862,872,2017-11-06T16:22:30+00:00,open,olist,False,"{""seller_ids"": [""aced59e9b31ef866a94f9e7f29d8d418""], ""seller_locations"": [{""seller_id"": ""aced59e9b31ef866a94f9e7f29d8d418"", ""city"": ""sao paulo"", ""state"": ""SP""}], ""order_status"": ""delivered"", ""customer_state"": ""SP"", ""item_prices"": [1990]}"
05387d537bd2e5027aadbfb6a5123e4b,766c363986fc269b65ca0bd173b39691,4378,1579,2017-11-06T16:24:03+00:00,open,olist,False,"{""seller_ids"": [""ea8482cd71df3c1969d7b9473ff13abc""], ""seller_locations"": [{""seller_id"": ""ea8482cd71df3c1969d7b9473ff13abc"", ""city"": ""sao paulo"", ""state"": ""SP""}], ""order_status"": ""delivered"", ""customer_state"": ""BA"", ""item_prices"": [2799]}"
860987b7f135e286997817fdee3c2f7e,aa9140fe3ea21e933f6da620bb720ebc,8341,1351,2017-11-06T16:26:56+00:00,open,olist,False,"{""seller_ids"": [""3d871de0142ce09b7081e2b9d1733cb1""], ""seller_locations"": [{""seller_id"": ""3d871de0142ce09b7081e2b9d1733cb1"", ""city"": ""campo limpo paulista"", ""state"": ""SP""}], ""order_status"": ""delivered"", ""customer_state"": ""SP"", ""item_prices"": [6990]}"
1315a48b9968c471921edaaf59d901d7,0470135d506f45f407a71c9094f62d6d,13699,1709,2017-11-06T16:35:10+00:00,open,olist,False,"{""seller_ids"": [""81a1104df0f08b59c68aa5b03cfe398e""], ""seller_locations"": [{""seller_id"": ""81a1104df0f08b59c68aa5b03cfe398e"", ""city"": ""sao jose dos pinhais"", ""state"": ""PR""}], ""order_status"": ""delivered"", ""customer_state"": ""SP"", ""item_prices"": [11990]}"
f5ab5341b520987fc899c69ec795dc1d,9594f9dfee250981a281169d2c721e78,11829,1329,2017-11-06T16:36:07+00:00,open,olist,False,"{""seller_ids"": [""53e4c6e0f4312d4d2107a8c9cddf45cd""], ""seller_locations"": [{""seller_id"": ""53e4c6e0f4312d4d2107a8c9cddf45cd"", ""city"": ""pedreira"", ""state"": ""SP""}], ""order_status"": ""delivered"", ""customer_state"": ""SP"", ""item_prices"": [10500]}"
b80fc8c055d4c16d2b52eccba884d820,050edcc983b8b15a8c076355d0a784bd,36164,6964,2017-11-06T16:39:31+00:00,open,olist,False,"{""seller_ids"": [""b33e7c55446eabf8fe1a42d037ac7d6d""], ""seller_locations"": [{""seller_id"": ""b33e7c55446eabf8fe1a42d037ac7d6d"", ""city"": ""pradopolis"", ""state"": ""SP""}], ""order_status"": ""delivered"", ""customer_state"": ""MA"", ""item_prices"": [14600, 14600]}"
5dbc96f238368d57f89d21fe807f6597,bdbf120a9e9c361afc155b0c6c0164bd,15473,1573,2017-11-06T16:40:45+00:00,open,olist,False,"{""seller_ids"": [""8581055ce74af1daba164fdbd55a40de""], ""seller_locations"": [{""seller_id"": ""8581055ce74af1daba164fdbd55a40de"", ""city"": ""guarulhos"", ""state"": ""SP""}], ""order_status"": ""delivered"", ""customer_state"": ""SP"", ""item_prices"": [13900]}"
def30b257b8f2ee7c3a6c8ca06695ddf,4df5d0ec15a5deb0a865846805fa3eab,44275,2775,2017-11-06T16:45:07+00:00,open,olist,False,"{""seller_ids"": [""e59aa562b9f8076dd550fcddf0e73491""], ""seller_locations"": [{""seller_id"": ""e59aa562b9f8076dd550fcddf0e73491"", ""city"": ""curitiba"", ""state"": ""PR""}], ""order_status"": ""delivered"", ""customer_state"": ""RS"", ""item_prices"": [41500]}"
5cdad9598ab8686c137c2ad8c24d4803,6a6f22ad7d0ef9a767fce278780c91cd,5463,2563,2017-11-06T16:46:47+00:00,open,olist,False,"{""seller_ids"": [""6560211a19b47992c3666cc44a7e94c0""], ""seller_locations"": [{""seller_id"": ""6560211a19b47992c3666cc44a7e94c0"", ""city"": ""sao paulo"", ""state"": ""SP""}], ""order_status"": ""delivered"", ""customer_state"": ""PA"", ""item_prices"": [2900]}"
9f2d2d818cb0f29ab0912722b52dcb38,f7eaae0982d5d8ff27c56373895d97de,70089,9089,2017-11-06T16:54:08+00:00,open,olist,False,"{""seller_ids"": [""834f3294fba9f932f56edc879193f925""], ""seller_locations"": [{""seller_id"": ""834f3294fba9f932f56edc879193f925"", ""city"": ""araraquara"", ""state"": ""SP""}], ""order_status"": ""delivered"", ""customer_state"": ""CE"", ""item_prices"": [61000]}"
5854e79825b6bb53dcf1afdf5568a404,8f2c2bb85004d6fb8eaae044d3c4096d,41411,1821,2017-11-06T16:55:54+00:00,open,olist,False,"{""seller_ids"": [""681fce914360217db47784ae28905a96""], ""seller_locations"": [{""seller_id"": ""681fce914360217db47784ae28905a96"", ""city"": ""araucaria"", ""state"": ""PR""}], ""order_status"": ""delivered"", ""customer_state"": ""RJ"", ""item_prices"": [39590]}"
d3a0d186a5e203acfa13cd9a541073d5,506d6cf0a8806f688cd5b05626819e2c,11445,1545,2017-11-06T16:56:20+00:00,open,olist,False,"{""seller_ids"": [""9f505651f4a6abe901a56cdc21508025""], ""seller_locations"": [{""seller_id"": ""9f505651f4a6abe901a56cdc21508025"", ""city"": ""sao paulo"", ""state"": ""SP""}], ""order_status"": ""delivered"", ""customer_state"": ""DF"", ""item_prices"": [9900]}"
5e889b27fcf62bb902c417303e5f688f,28ce0e637b032b627bbcd5bf6bfcb973,11613,1713,2017-11-06T16:57:56+00:00,open,olist,False,"{""seller_ids"": [""ea8482cd71df3c1969d7b9473ff13abc""], ""seller_locations"": [{""seller_id"": ""ea8482cd71df3c1969d7b9473ff13abc"", ""city"": ""sao paulo"", ""state"": ""SP""}], ""order_status"": ""delivered"", ""customer_state"": ""BA"", ""item_prices"": [9900]}"
0dc561ba424a8d639e1d4d7840c530c0,3ed6263b3fdb5ddbb4bd8c42fd817a4d,16325,1826,2017-11-06T16:59:28+00:00,open,olist,False,"{""seller_ids"": [""7a67c85e85bb2ce8582c35f2203ad736""], ""seller_locations"": [{""seller_id"": ""7a67c85e85bb2ce8582c35f2203ad736"", ""city"": ""sao paulo"", ""state"": ""SP""}], ""order_status"": ""delivered"", ""customer_state"": ""MG"", ""item_prices"": [14499]}"
d3d8ef2ce0a669dfc3302b606f979f6c,92492db1c6d3523933a19481c6d5eb8d,7748,3749,2017-11-06T17:00:15+00:00,open,olist,False,"{""seller_ids"": [""7c67e1448b00f6e969d365cea6b010ab""], ""seller_locations"": [{""seller_id"": ""7c67e1448b00f6e969d365cea6b010ab"", ""city"": ""itaquaquecetuba"", ""state"": ""SP""}], ""order_status"": ""delivered"", ""customer_state"": ""PE"", ""item_prices"": [3999]}"
a0d9d006e35f0bcdcd62b6a56157ae3d,f3e45727fafa5c1b70c7d2dd052c11aa,4774,934,2017-11-06T17:11:14+00:00,open,olist,False,"{""seller_ids"": [""1025f0e2d44d7041d6cf58b6550e0bfa""], ""seller_locations"": [{""seller_id"": ""1025f0e2d44d7041d6cf58b6550e0bfa"", ""city"": ""sao paulo"", ""state"": ""SP""}], ""order_status"": ""delivered"", ""customer_state"": ""SP"", ""item_prices"": [3840]}"
88c236f7e3dd040afb885a0a214f9b0a,cb824a5ce7a9fd74bca8f9b0e1943415,12109,2119,2017-11-06T17:21:59+00:00,open,olist,False,"{""seller_ids"": [""4a3ca9315b744ce9f8e9374361493884""], ""seller_locations"": [{""seller_id"": ""4a3ca9315b744ce9f8e9374361493884"", ""city"": ""ibitinga"", ""state"": ""SP""}], ""order_status"": ""delivered"", ""customer_state"": ""RJ"", ""item_prices"": [9990]}"
0b4e6da2eae282f0a0072085c7adacfe,e3d5e814512a05f84dbb36d52eac433c,3891,1611,2017-11-06T17:29:19+00:00,open,olist,False,"{""seller_ids"": [""8bb48dc19fccaa8613b6229bf7f452a2""], ""seller_locations"": [{""seller_id"": ""8bb48dc19fccaa8613b6229bf7f452a2"", ""city"": ""assis"", ""state"": ""SP""}], ""order_status"": ""delivered"", ""customer_state"": ""RJ"", ""item_prices"": [2280]}"
e5f642cd02cde85e17b08c8c1534801e,60b8395018e55124548d780d23b9c02d,19037,4038,2017-11-06T17:33:18+00:00,open,olist,False,"{""seller_ids"": [""a1043bafd471dff536d0c462352beb48""], ""seller_locations"": [{""seller_id"": ""a1043bafd471dff536d0c462352beb48"", ""city"": ""ilicinea"", ""state"": ""MG""}], ""order_status"": ""delivered"", ""customer_state"": ""RJ"", ""item_prices"": [14999]}"
a59ef0abffbef8ddaae23600b6ee6604,001ae44fa04911a9e9577356dce6c63c,11623,1633,2017-11-06T17:35:49+00:00,open,olist,False,"{""seller_ids"": [""232a6014e7b10cba61c6c2b2ea6bb4b0""], ""seller_locations"": [{""seller_id"": ""232a6014e7b10cba61c6c2b2ea6bb4b0"", ""city"": ""cafelandia"", ""state"": ""SP""}], ""order_status"": ""shipped"", ""customer_state"": ""SP"", ""item_prices"": [9990]}"
a144aa25d9d14f25ee9f3ec4118e5517,e9d6ce102dcb8ab8a3387021b5040f70,0,0,2017-11-06T17:36:36+00:00,cancelled,olist,False,"{""seller_ids"": [], ""seller_locations"": [], ""order_status"": ""unavailable"", ""customer_state"": ""RJ"", ""item_prices"": []}"
581e3fa3023c8c6a8a485e6f8e52ce2d,29c50454ab44ffc215c1689ffc1fe783,3138,1248,2017-11-06T17:37:07+00:00,open,olist,False,"{""seller_ids"": [""128639473a139ac0f3e5f5ade55873a5""], ""seller_locations"": [{""seller_id"": ""128639473a139ac0f3e5f5ade55873a5"", ""city"": ""maringa"", ""state"": ""PR""}], ""order_status"": ""delivered"", ""customer_state"": ""PR"", ""item_prices"": [1890]}"
f481c4a578efee5b662a2df18c3df59e,3b8e35acc6e08d9146f097dc1efbf471,10977,1987,2017-11-06T17:49:57+00:00,open,olist,False,"{""seller_ids"": [""3db66a856d18a9cba7c9241fc5221c50""], ""seller_locations"": [{""seller_id"": ""3db66a856d18a9cba7c9241fc5221c50"", ""city"": ""ponte nova"", ""state"": ""MG""}], ""order_status"": ""delivered"", ""customer_state"": ""SC"", ""item_prices"": [8990]}"
491a23e567ce4c273419a63a41ff5876,8ec49be0447d11c4deb5fcdcf43407cc,16369,1989,2017-11-06T17:51:51+00:00,open,olist,False,"{""seller_ids"": [""8581055ce74af1daba164fdbd55a40de""], ""seller_locations"": [{""seller_id"": ""8581055ce74af1daba164fdbd55a40de"", ""city"": ""guarulhos"", ""state"": ""SP""}], ""order_status"": ""delivered"", ""customer_state"": ""SP"", ""item_prices"": [14380]}"
56c9b97f31031c70ffb000219dc6f403,7f0d5c5f31339b90635c9bf99651dfa0,16381,2581,2017-11-06T17:59:31+00:00,open,olist,False,"{""seller_ids"": [""ce7d1888639e6fb06b2749cbfdac1ff7""], ""seller_locations"": [{""seller_id"": ""ce7d1888639e6fb06b2749cbfdac1ff7"", ""city"": ""baependi"", ""state"": ""MG""}], ""order_status"": ""delivered"", ""customer_state"": ""SP"", ""item_prices"": [13800]}"
036467185263519cd4f15dde1f8664e6,06a46121174f129a77f8e50824a5710d,18155,3855,2017-11-06T18:05:56+00:00,open,olist,False,"{""seller_ids"": [""2dee2ce60de9709b1a24083217181a1f""], ""seller_locations"": [{""seller_id"": ""2dee2ce60de9709b1a24083217181a1f"", ""city"": ""sinop"", ""state"": ""MT""}], ""order_status"": ""delivered"", ""customer_state"": ""SP"", ""item_prices"": [14300]}"
06c07d5b2696b9631375e2877c955b3b,4d1816adb92709672c1c049f8756f542,13208,3308,2017-11-06T18:08:17+00:00,open,olist,False,"{""seller_ids"": [""001cca7ae9ae17fb1caed9dfb1094831""], ""seller_locations"": [{""seller_id"": ""001cca7ae9ae17fb1caed9dfb1094831"", ""city"": ""cariacica"", ""state"": ""ES""}], ""order_status"": ""delivered"", ""customer_state"": ""SP"", ""item_prices"": [9900]}"
5c5bada3b8df98250966f5a7a584657d,cc744cdbcc1c3e74f8995202a910cbd9,5767,1510,2017-11-06T18:16:33+00:00,cancelled,olist,False,"{""seller_ids"": [""9b1050e85becf3ae99c1cf4934c9bc5d""], ""seller_locations"": [{""seller_id"": ""9b1050e85becf3ae99c1cf4934c9bc5d"", ""city"": ""montes claros"", ""state"": ""MG""}], ""order_status"": ""canceled"", ""customer_state"": ""RJ"", ""item_prices"": [4257]}"
d967b02c8e9ac87edb380250c652a6b2,f31ac54af6af7097bddd1053011e7a3a,9670,1780,2017-11-06T18:17:50+00:00,open,olist,False,"{""seller_ids"": [""fffd5413c0700ac820c7069d66d98c89""], ""seller_locations"": [{""seller_id"": ""fffd5413c0700ac820c7069d66d98c89"", ""city"": ""amparo"", ""state"": ""SP""}], ""order_status"": ""delivered"", ""customer_state"": ""RS"", ""item_prices"": [7890]}"
ed01ce003df13cab401ba2ff57ea2542,a6e10bbbfb7af7122f5feb0f19268baa,13848,1868,2017-11-06T18:20:00+00:00,open,olist,False,"{""seller_ids"": [""b2ba3715d723d245138f291a6fe42594""], ""seller_locations"": [{""seller_id"": ""b2ba3715d723d245138f291a6fe42594"", ""city"": ""sao paulo"", ""state"": ""SP""}], ""order_status"": ""delivered"", ""customer_state"": ""SP"", ""item_prices"": [5990, 5990]}"
d7123732c68ff880f12d65c308f133a9,286d8f01f94a8061cef05c7c49efd8a9,5678,778,2017-11-06T18:21:33+00:00,open,olist,False,"{""seller_ids"": [""6560211a19b47992c3666cc44a7e94c0""], ""seller_locations"": [{""seller_id"": ""6560211a19b47992c3666cc44a7e94c0"", ""city"": ""sao paulo"", ""state"": ""SP""}], ""order_status"": ""delivered"", ""customer_state"": ""SP"", ""item_prices"": [4900]}"
e75bd2f9adb46257d65d9e916355326a,cdb1c37a2495de449b7967018ccec0bd,9219,1629,2017-11-06T18:28:39+00:00,open,olist,False,"{""seller_ids"": [""004c9cd9d87a3c30c522c48c4fc07416""], ""seller_locations"": [{""seller_id"": ""004c9cd9d87a3c30c522c48c4fc07416"", ""city"": ""ibitinga"", ""state"": ""SP""}], ""order_status"": ""delivered"", ""customer_state"": ""GO"", ""item_prices"": [7590]}"
a9750e3434088f124fafaf2cb0109fc9,9716aa0359703cd7753c5696c45823e0,5298,794,2017-11-06T18:34:03+00:00,open,olist,False,"{""seller_ids"": [""8b2492b7ff4468839593fafeed55bad9""], ""seller_locations"": [{""seller_id"": ""8b2492b7ff4468839593fafeed55bad9"", ""city"": ""sao goncalo"", ""state"": ""RJ""}], ""order_status"": ""delivered"", ""customer_state"": ""RJ"", ""item_prices"": [4504]}"
cf34fe44babb9fd001a001acfa43cabf,fa776b9116f0db0aa31fce6fb9f453db,11016,1376,2017-11-06T18:36:52+00:00,open,olist,False,"{""seller_ids"": [""4c8b8048e33af2bf94f2eb547746a916""], ""seller_locations"": [{""seller_id"": ""4c8b8048e33af2bf94f2eb547746a916"", ""city"": ""ibitinga"", ""state"": ""SP""}], ""order_status"": ""delivered"", ""customer_state"": ""SP"", ""item_prices"": [9640]}"
f390346ecbf61a6b81b92017a7410df1,a577a200a23467257794210152357aab,6973,1274,2017-11-06T18:41:25+00:00,open,olist,False,"{""seller_ids"": [""1835b56ce799e6a4dc4eddc053f04066""], ""seller_locations"": [{""seller_id"": ""1835b56ce799e6a4dc4eddc053f04066"", ""city"": ""ibitinga"", ""state"": ""SP""}], ""order_status"": ""delivered"", ""customer_state"": ""SP"", ""item_prices"": [5699]}"
03604d9c184f9290e997c49fb585b2b5,555ff7c7aa057a4f340c8ec9e26986f2,35310,1710,2017-11-06T18:48:57+00:00,open,olist,False,"{""seller_ids"": [""eddd1991bd6d9309995a480c39b95137""], ""seller_locations"": [{""seller_id"": ""eddd1991bd6d9309995a480c39b95137"", ""city"": ""ponta grossa"", ""state"": ""PR""}], ""order_status"": ""delivered"", ""customer_state"": ""SP"", ""item_prices"": [33600]}"
aafa42c99c04de8208303c4dcf9a4e4b,3602e0472e2ec22ab176b0b211e7c306,11848,5958,2017-11-06T18:58:48+00:00,open,olist,False,"{""seller_ids"": [""f80edd2c5aaa505cc4b0a3b219abf4b8""], ""seller_locations"": [{""seller_id"": ""f80edd2c5aaa505cc4b0a3b219abf4b8"", ""city"": ""sao paulo"", ""state"": ""SP""}], ""order_status"": ""delivered"", ""customer_state"": ""RS"", ""item_prices"": [5890]}"
68b4f0f2635234fcc9cbcd65b082e5b7,7bd5bf0ed6c9eab79b2b7abb88a1e0f5,15649,3650,2017-11-06T19:05:59+00:00,open,olist,False,"{""seller_ids"": [""7c67e1448b00f6e969d365cea6b010ab""], ""seller_locations"": [{""seller_id"": ""7c67e1448b00f6e969d365cea6b010ab"", ""city"": ""itaquaquecetuba"", ""state"": ""SP""}], ""order_status"": ""delivered"", ""customer_state"": ""ES"", ""item_prices"": [11999]}"
521a65cfd386ce592bb2ef094c71ed9a,c37f529bed2058784033a0ea12498852,11623,1633,2017-11-06T19:19:24+00:00,open,olist,False,"{""seller_ids"": [""4a3ca9315b744ce9f8e9374361493884""], ""seller_locations"": [{""seller_id"": ""4a3ca9315b744ce9f8e9374361493884"", ""city"": ""ibitinga"", ""state"": ""SP""}], ""order_status"": ""delivered"", ""customer_state"": ""SP"", ""item_prices"": [9990]}"
4729a8ef5b11ed2d8dc77d48deeeee04,867193fe010661994dea5056c27d6f7c,23052,7052,2017-11-06T19:20:14+00:00,open,olist,False,"{""seller_ids"": [""fc6295add6f51a0936407ead70c1001d""], ""seller_locations"": [{""seller_id"": ""fc6295add6f51a0936407ead70c1001d"", ""city"": ""sao paulo"", ""state"": ""SP""}], ""order_status"": ""delivered"", ""customer_state"": ""CE"", ""item_prices"": [4000, 4000, 4000, 4000]}"
f9a68878fc98bcaaa39b14e773ca6970,4191bcfd448dc07138d2951ea4d10008,7273,1683,2017-11-06T19:23:13+00:00,open,olist,False,"{""seller_ids"": [""b55638ad525e906c698fa2ce742c1742""], ""seller_locations"": [{""seller_id"": ""b55638ad525e906c698fa2ce742c1742"", ""city"": ""imbituba"", ""state"": ""SC""}], ""order_status"": ""delivered"", ""customer_state"": ""RJ"", ""item_prices"": [5590]}"
83c3c5d85ecc80dc98b322dc63c47cf2,cb36a3e948bd39985972470cffff43c5,2877,778,2017-11-06T19:27:32+00:00,open,olist,False,"{""seller_ids"": [""ea8482cd71df3c1969d7b9473ff13abc""], ""seller_locations"": [{""seller_id"": ""ea8482cd71df3c1969d7b9473ff13abc"", ""city"": ""sao paulo"", ""state"": ""SP""}], ""order_status"": ""delivered"", ""customer_state"": ""SP"", ""item_prices"": [2099]}"
bf8f842ad319798cc4a0c3085c32a43e,6636a7466f6ffd32760ad04721d2da48,20687,2688,2017-11-06T19:38:16+00:00,open,olist,False,"{""seller_ids"": [""a1043bafd471dff536d0c462352beb48""], ""seller_locations"": [{""seller_id"": ""a1043bafd471dff536d0c462352beb48"", ""city"": ""ilicinea"", ""state"": ""MG""}], ""order_status"": ""delivered"", ""customer_state"": ""MG"", ""item_prices"": [17999]}"
7c3b36d6d12476de27c371da33153e82,39685be2d4d774ca90b320c50884efd4,20687,3197,2017-11-06T19:38:49+00:00,open,olist,False,"{""seller_ids"": [""1f9ab4708f3056ede07124aad39a2554""], ""seller_locations"": [{""seller_id"": ""1f9ab4708f3056ede07124aad39a2554"", ""city"": ""tupa"", ""state"": ""SP""}], ""order_status"": ""delivered"", ""customer_state"": ""ES"", ""item_prices"": [17490]}"
2a7dcb1d34aa5213ba51c0997b843fc3,b856a09d550eae86152c1c6918cb01ea,8341,1351,2017-11-06T19:40:33+00:00,open,olist,False,"{""seller_ids"": [""4a3ca9315b744ce9f8e9374361493884""], ""seller_locations"": [{""seller_id"": ""4a3ca9315b744ce9f8e9374361493884"", ""city"": ""ibitinga"", ""state"": ""SP""}], ""order_status"": ""delivered"", ""customer_state"": ""SP"", ""item_prices"": [6990]}"
c9366610830b7af26c954d0b6c1f68d7,1522cc6491aaf3f36b443ff465b02df4,14812,2822,2017-11-06T19:44:39+00:00,open,olist,False,"{""seller_ids"": [""87142160b41353c4e5fca2360caf6f92""], ""seller_locations"": [{""seller_id"": ""87142160b41353c4e5fca2360caf6f92"", ""city"": ""porto alegre"", ""state"": ""RS""}], ""order_status"": ""delivered"", ""customer_state"": ""MG"", ""item_prices"": [11990]}"
b77b82b683e9956ecdf55514de3d1f1d,4b72a0663701b53014f308b56a8d7b44,5965,2466,2017-11-06T19:58:31+00:00,open,olist,False,"{""seller_ids"": [""ec4608a1f76453166bb312b2968aeaf4""], ""seller_locations"": [{""seller_id"": ""ec4608a1f76453166bb312b2968aeaf4"", ""city"": ""porto ferreira"", ""state"": ""SP""}], ""order_status"": ""delivered"", ""customer_state"": ""SP"", ""item_prices"": [3499]}"
3c05b502206cc0e80f5a844de86bc870,02fff5ce59fcb575447d2ce02f721ca0,3577,778,2017-11-06T20:04:03+00:00,open,olist,False,"{""seller_ids"": [""ea8482cd71df3c1969d7b9473ff13abc""], ""seller_locations"": [{""seller_id"": ""ea8482cd71df3c1969d7b9473ff13abc"", ""city"": ""sao paulo"", ""state"": ""SP""}], ""order_status"": ""delivered"", ""customer_state"": ""SP"", ""item_prices"": [2799]}"
354310406adf3de2d6793865cca4eb97,a03bed47efff02de7b59d0da789f0dcf,77906,1907,2017-11-06T20:23:42+00:00,open,olist,False,"{""seller_ids"": [""7e93a43ef30c4f03f38b393420bc753a""], ""seller_locations"": [{""seller_id"": ""7e93a43ef30c4f03f38b393420bc753a"", ""city"": ""barueri"", ""state"": ""SP""}], ""order_status"": ""delivered"", ""customer_state"": ""RJ"", ""item_prices"": [75999]}"
bb514bb949fb3d4837436e4df906cf5e,0abc80472fc67b10dcfa56041a9b72b9,13405,1806,2017-11-06T20:27:31+00:00,open,olist,False,"{""seller_ids"": [""3b15288545f8928d3e65a8f949a28291""], ""seller_locations"": [{""seller_id"": ""3b15288545f8928d3e65a8f949a28291"", ""city"": ""ibitinga"", ""state"": ""SP""}], ""order_status"": ""delivered"", ""customer_state"": ""RS"", ""item_prices"": [11599]}"
1b1f5c0333fae3e7b4b4670d2cc3c0ac,2bd9d2f3cc5d99b1b3d9ff5acd81bd5e,5501,1611,2017-11-06T20:30:25+00:00,open,olist,False,"{""seller_ids"": [""093805f8f2aeb63881444571e1f48f30""], ""seller_locations"": [{""seller_id"": ""093805f8f2aeb63881444571e1f48f30"", ""city"": ""osasco"", ""state"": ""SP""}], ""order_status"": ""delivered"", ""customer_state"": ""MG"", ""item_prices"": [3890]}"
a769cc9f5becd92358f5d4604e17e806,0b046317996aebdb7c05c8748a56c97c,3969,1679,2017-11-06T20:33:54+00:00,open,olist,False,"{""seller_ids"": [""d2374cbcbb3ca4ab1086534108cc3ab7""], ""seller_locations"": [{""seller_id"": ""d2374cbcbb3ca4ab1086534108cc3ab7"", ""city"": ""ibitinga"", ""state"": ""SP""}], ""order_status"": ""delivered"", ""customer_state"": ""BA"", ""item_prices"": [2290]}"
d3cefa3b994d2662eba354f826cd64a7,58b1f95484a1b2945c69403389426bd0,26930,7431,2017-11-06T20:37:19+00:00,open,olist,False,"{""seller_ids"": [""7c67e1448b00f6e969d365cea6b010ab""], ""seller_locations"": [{""seller_id"": ""7c67e1448b00f6e969d365cea6b010ab"", ""city"": ""itaquaquecetuba"", ""state"": ""SP""}], ""order_status"": ""delivered"", ""customer_state"": ""PR"", ""item_prices"": [19499]}"
a91719c33cb682b0e23e021e99e98c94,a7a55071159ec47b5a820b95ed5cad13,7516,1517,2017-11-06T20:40:57+00:00,open,olist,False,"{""seller_ids"": [""52f9db5cfb423382a2fa5c9e39303202""], ""seller_locations"": [{""seller_id"": ""52f9db5cfb423382a2fa5c9e39303202"", ""city"": ""echapora"", ""state"": ""SP""}], ""order_status"": ""delivered"", ""customer_state"": ""SC"", ""item_prices"": [5999]}"
13feb36353a2bb1afaeeed63e1ef8d18,0676ed36c5d0ebe8fa2466b73043bb4d,21804,11004,2017-11-06T20:41:23+00:00,open,olist,False,"{""seller_ids"": [""50c9975695009e5e6473912e83a6d1da""], ""seller_locations"": [{""seller_id"": ""50c9975695009e5e6473912e83a6d1da"", ""city"": ""claudio"", ""state"": ""MG""}], ""order_status"": ""delivered"", ""customer_state"": ""ES"", ""item_prices"": [10800]}"
c34e0ceb1b974989a54cc47f2ccf12f0,3fb316b932251d79d4bf4778964c2acb,14418,869,2017-11-06T20:41:38+00:00,open,olist,False,"{""seller_ids"": [""e9779976487b77c6d4ac45f75ec7afe9""], ""seller_locations"": [{""seller_id"": ""e9779976487b77c6d4ac45f75ec7afe9"", ""city"": ""praia grande"", ""state"": ""SP""}], ""order_status"": ""delivered"", ""customer_state"": ""SP"", ""item_prices"": [13549]}"
99986880076491bbfa81921df6b676f2,bf0627436135c129fa7d967439780b16,60074,21076,2017-11-06T20:47:54+00:00,open,olist,False,"{""seller_ids"": [""7c67e1448b00f6e969d365cea6b010ab""], ""seller_locations"": [{""seller_id"": ""7c67e1448b00f6e969d365cea6b010ab"", ""city"": ""itaquaquecetuba"", ""state"": ""SP""}], ""order_status"": ""delivered"", ""customer_state"": ""PA"", ""item_prices"": [19499, 19499]}"
a28d2fd8b59565ab9973b930eac2596e,abaf68165a86b0e8ef85cac8f562a482,10710,1720,2017-11-06T20:54:34+00:00,open,olist,False,"{""seller_ids"": [""44073f8b7e41514de3b7815dd0237f4f""], ""seller_locations"": [{""seller_id"": ""44073f8b7e41514de3b7815dd0237f4f"", ""city"": ""brasilia"", ""state"": ""DF""}], ""order_status"": ""delivered"", ""customer_state"": ""RJ"", ""item_prices"": [8990]}"
aeef04fa986be504dfc33b096ac921df,c7fa86b24c5659adf36cb075a5e27459,9431,1531,2017-11-06T21:00:16+00:00,open,olist,False,"{""seller_ids"": [""5b925e1d006e9476d738aa200751b73b""], ""seller_locations"": [{""seller_id"": ""5b925e1d006e9476d738aa200751b73b"", ""city"": ""sao paulo"", ""state"": ""SP""}], ""order_status"": ""delivered"", ""customer_state"": ""MG"", ""item_prices"": [7900]}"
642a8a89c36a8b2f4884cd8e68168247,fbd9bc53c3eba9807d3e246b2104b2e9,7172,1173,2017-11-06T21:02:18+00:00,cancelled,olist,False,"{""seller_ids"": [""8a32e327fe2c1b3511609d81aaf9f042""], ""seller_locations"": [{""seller_id"": ""8a32e327fe2c1b3511609d81aaf9f042"", ""city"": ""sao paulo"", ""state"": ""SP""}], ""order_status"": ""canceled"", ""customer_state"": ""SP"", ""item_prices"": [5999]}"
83f8bb6ef68716fd6901149d11de675b,de2f388db6027d874119e19f1074f080,3675,1185,2017-11-06T21:04:43+00:00,open,olist,False,"{""seller_ids"": [""dc8798cbf453b7e0f98745e396cc5616""], ""seller_locations"": [{""seller_id"": ""dc8798cbf453b7e0f98745e396cc5616"", ""city"": ""sao paulo"", ""state"": ""SP""}], ""order_status"": ""delivered"", ""customer_state"": ""SP"", ""item_prices"": [2490]}"
89d8e27be3cad1ed7780fd7838ef2b0d,2685d4322702a9078fd677ad64566dcb,10355,1365,2017-11-06T21:11:45+00:00,open,olist,False,"{""seller_ids"": [""da8622b14eb17ae2831f4ac5b9dab84a""], ""seller_locations"": [{""seller_id"": ""da8622b14eb17ae2831f4ac5b9dab84a"", ""city"": ""piracicaba"", ""state"": ""SP""}], ""order_status"": ""delivered"", ""customer_state"": ""SP"", ""item_prices"": [8990]}"
6bca1e1153602e07db22966a5b800e9c,214d4e74738e2c03bcb4f6bbe69a20bf,9924,1534,2017-11-06T21:18:16+00:00,open,olist,False,"{""seller_ids"": [""4a3ccda38b2129705f3fb522db62ca31""], ""seller_locations"": [{""seller_id"": ""4a3ccda38b2129705f3fb522db62ca31"", ""city"": ""marilia"", ""state"": ""SP""}], ""order_status"": ""delivered"", ""customer_state"": ""MG"", ""item_prices"": [8390]}"
bc21fd56e19626007f06da1b7f7b6c39,f5e127d63aa0dc285c7336c96d04f4a6,5377,778,2017-11-06T21:19:16+00:00,open,olist,False,"{""seller_ids"": [""5058e8c1e82653974541e83690655b4a""], ""seller_locations"": [{""seller_id"": ""5058e8c1e82653974541e83690655b4a"", ""city"": ""itaquaquecetuba"", ""state"": ""SP""}], ""order_status"": ""delivered"", ""customer_state"": ""SP"", ""item_prices"": [4599]}"
8568864766afc1fb05611b15e7f7f83e,7b4d9a68fc8cb79d8bc35bed1d4d9ed5,15767,3155,2017-11-06T21:32:10+00:00,open,olist,False,"{""seller_ids"": [""06e5eefc71ec47ae763c5c6f8db7064f""], ""seller_locations"": [{""seller_id"": ""06e5eefc71ec47ae763c5c6f8db7064f"", ""city"": ""porto alegre"", ""state"": ""RS""}], ""order_status"": ""delivered"", ""customer_state"": ""PA"", ""item_prices"": [12612]}"
936162f860c4a324b3885b223cfdf3a3,bf62f39b275704a9bbd38fdffe10af45,7508,1518,2017-11-06T21:34:55+00:00,open,olist,False,"{""seller_ids"": [""aafe36600ce604f205b86b5084d3d767""], ""seller_locations"": [{""seller_id"": ""aafe36600ce604f205b86b5084d3d767"", ""city"": ""sao jose"", ""state"": ""SC""}], ""order_status"": ""delivered"", ""customer_state"": ""RS"", ""item_prices"": [5990]}"
ac5222f836286b33e7240030ad79d7c9,eb8707b8661dab96edd562cd748e3d25,15668,2178,2017-11-06T21:36:16+00:00,open,olist,False,"{""seller_ids"": [""41b39e28db005d9731d9d485a83b4c38""], ""seller_locations"": [{""seller_id"": ""41b39e28db005d9731d9d485a83b4c38"", ""city"": ""santo andre"", ""state"": ""SP""}], ""order_status"": ""delivered"", ""customer_state"": ""RJ"", ""item_prices"": [13490]}"
c2abe874b6f1922459cfee827c8f02f8,9d96ad6d5b8b75dd83e9bd2da641e9a0,8257,3567,2017-11-06T21:38:23+00:00,open,olist,False,"{""seller_ids"": [""0c8380b62e38e8a1e6adbeba7eb9688c""], ""seller_locations"": [{""seller_id"": ""0c8380b62e38e8a1e6adbeba7eb9688c"", ""city"": ""tres coracoes"", ""state"": ""MG""}], ""order_status"": ""delivered"", ""customer_state"": ""CE"", ""item_prices"": [4690]}"
9d35212c380ee3de4f561984fde8bc3f,5d5ac1c01829be6245079d47754087af,18060,2160,2017-11-06T21:39:07+00:00,open,olist,False,"{""seller_ids"": [""4a3ca9315b744ce9f8e9374361493884""], ""seller_locations"": [{""seller_id"": ""4a3ca9315b744ce9f8e9374361493884"", ""city"": ""ibitinga"", ""state"": ""SP""}], ""order_status"": ""delivered"", ""customer_state"": ""PR"", ""item_prices"": [15900]}"
cdddbaf91f8abd761e51c7d5f035695b,d8a89dc47bde7dc0b83a3434cc017ee1,25404,3905,2017-11-06T21:40:01+00:00,open,olist,False,"{""seller_ids"": [""7a67c85e85bb2ce8582c35f2203ad736""], ""seller_locations"": [{""seller_id"": ""7a67c85e85bb2ce8582c35f2203ad736"", ""city"": ""sao paulo"", ""state"": ""SP""}], ""order_status"": ""delivered"", ""customer_state"": ""RN"", ""item_prices"": [21499]}"
1f43faaaec9d571cead8f6591ff97315,ec029cf7407b885488d9268c18a0651f,16177,1577,2017-11-06T21:42:01+00:00,open,olist,False,"{""seller_ids"": [""b33e7c55446eabf8fe1a42d037ac7d6d""], ""seller_locations"": [{""seller_id"": ""b33e7c55446eabf8fe1a42d037ac7d6d"", ""city"": ""pradopolis"", ""state"": ""SP""}], ""order_status"": ""delivered"", ""customer_state"": ""MG"", ""item_prices"": [14600]}"
33d1caa11447f543a41df84bd30a0568,b86b13f832d20a80daac6a473cb62457,8523,1524,2017-11-06T21:42:52+00:00,open,olist,False,"{""seller_ids"": [""602044f2c16190c2c6e45eb35c2e21cb""], ""seller_locations"": [{""seller_id"": ""602044f2c16190c2c6e45eb35c2e21cb"", ""city"": ""ibitinga"", ""state"": ""SP""}], ""order_status"": ""delivered"", ""customer_state"": ""MG"", ""item_prices"": [6999]}"
a009ada42a46d83328c627c1ffc57f56,2c6a91479a7dc00d8c9d650d8dee88ca,6101,1611,2017-11-06T21:44:01+00:00,open,olist,False,"{""seller_ids"": [""d2374cbcbb3ca4ab1086534108cc3ab7""], ""seller_locations"": [{""seller_id"": ""d2374cbcbb3ca4ab1086534108cc3ab7"", ""city"": ""ibitinga"", ""state"": ""SP""}], ""order_status"": ""delivered"", ""customer_state"": ""PR"", ""item_prices"": [4490]}"
a4103c7de9d3906670a7ee8b5816788e,9721502e392ede0ba494d605b89dedba,17663,3664,2017-11-06T21:45:52+00:00,open,olist,False,"{""seller_ids"": [""7c67e1448b00f6e969d365cea6b010ab""], ""seller_locations"": [{""seller_id"": ""7c67e1448b00f6e969d365cea6b010ab"", ""city"": ""itaquaquecetuba"", ""state"": ""SP""}], ""order_status"": ""delivered"", ""customer_state"": ""RS"", ""item_prices"": [13999]}"
80092307dc8a515d508a93a24516a62e,6d1d129c5d436ab5291628643ca34343,8624,2125,2017-11-06T21:54:35+00:00,open,olist,False,"{""seller_ids"": [""855668e0971d4dfd7bef1b6a4133b41b""], ""seller_locations"": [{""seller_id"": ""855668e0971d4dfd7bef1b6a4133b41b"", ""city"": ""itatiba"", ""state"": ""SP""}], ""order_status"": ""delivered"", ""customer_state"": ""RN"", ""item_prices"": [6499]}"
6fff8d853d0647fc94776d0cfac0dc79,b1fd7f78dc2341d5bede5ecf7dc953cc,2669,1679,2017-11-06T22:21:20+00:00,open,olist,False,"{""seller_ids"": [""d4e4b5192cba4e0e66eb12a9d347239d""], ""seller_locations"": [{""seller_id"": ""d4e4b5192cba4e0e66eb12a9d347239d"", ""city"": ""toledo"", ""state"": ""PR""}], ""order_status"": ""processing"", ""customer_state"": ""RJ"", ""item_prices"": [990]}"
aa58786ae7761db159be7c5bd27ee68a,95f11049c0e67e9e65edbd1bd220223b,12369,1379,2017-11-06T22:22:10+00:00,open,olist,False,"{""seller_ids"": [""4a3ca9315b744ce9f8e9374361493884""], ""seller_locations"": [{""seller_id"": ""4a3ca9315b744ce9f8e9374361493884"", ""city"": ""ibitinga"", ""state"": ""SP""}], ""order_status"": ""delivered"", ""customer_state"": ""SP"", ""item_prices"": [10990]}"
ed712eeb5678e9923b98f99407110d9d,a3f7e1a9311dac0970c1bb2dd47c9a2b,49152,2153,2017-11-06T22:24:02+00:00,open,olist,False,"{""seller_ids"": [""46dc3b2cc0980fb8ec44634e21d2718e""], ""seller_locations"": [{""seller_id"": ""46dc3b2cc0980fb8ec44634e21d2718e"", ""city"": ""rio de janeiro"", ""state"": ""RJ""}], ""order_status"": ""delivered"", ""customer_state"": ""GO"", ""item_prices"": [46999]}"
06661c686ea79767c8ab8b8ffa3e62fd,b647de9a726557749e15366078e10172,5327,1337,2017-11-06T22:25:04+00:00,open,olist,False,"{""seller_ids"": [""715bbd5ba4e6b74cb0d2f29eb45058b0""], ""seller_locations"": [{""seller_id"": ""715bbd5ba4e6b74cb0d2f29eb45058b0"", ""city"": ""serra negra"", ""state"": ""SP""}], ""order_status"": ""delivered"", ""customer_state"": ""SP"", ""item_prices"": [3990]}"
54dac781d5d1b670cad7b3a9445c339c,8909a7693ff3690ba586a5c17a09b3c5,3875,1185,2017-11-06T22:43:38+00:00,open,olist,False,"{""seller_ids"": [""4a3ca9315b744ce9f8e9374361493884""], ""seller_locations"": [{""seller_id"": ""4a3ca9315b744ce9f8e9374361493884"", ""city"": ""ibitinga"", ""state"": ""SP""}], ""order_status"": ""delivered"", ""customer_state"": ""SP"", ""item_prices"": [2690]}"
a9ad04772c6cf0d63efb9444ea80bbaa,8291b8ed19153d9a5963404db18ece91,7933,934,2017-11-06T22:46:03+00:00,open,olist,False,"{""seller_ids"": [""850f4f8af5ea87287ac68de36e29107f""], ""seller_locations"": [{""seller_id"": ""850f4f8af5ea87287ac68de36e29107f"", ""city"": ""sao paulo"", ""state"": ""SP""}], ""order_status"": ""delivered"", ""customer_state"": ""SP"", ""item_prices"": [6999]}"
4b8a2d2dde058d83b31fa4f3d9ed88d8,0302cb107f96a675ad5ec12fdb72635d,8341,1351,2017-11-06T22:51:26+00:00,open,olist,False,"{""seller_ids"": [""4a3ca9315b744ce9f8e9374361493884""], ""seller_locations"": [{""seller_id"": ""4a3ca9315b744ce9f8e9374361493884"", ""city"": ""ibitinga"", ""state"": ""SP""}], ""order_status"": ""shipped"", ""customer_state"": ""SP"", ""item_prices"": [6990]}"
90b0ca32bb968251ac0b7eeb5393b7fe,2e88baab9c2ef8e9e915a90d0c7fb5ae,14668,2688,2017-11-06T23:01:26+00:00,open,olist,False,"{""seller_ids"": [""1f50f920176fa81dab994f9023523100""], ""seller_locations"": [{""seller_id"": ""1f50f920176fa81dab994f9023523100"", ""city"": ""sao jose do rio preto"", ""state"": ""SP""}], ""order_status"": ""delivered"", ""customer_state"": ""SP"", ""item_prices"": [5990, 5990]}"
4e5fc24885f6bdf62a3179c0b6fd302e,5d7f220dd3cd7c3cf75aac537076c60a,9098,1808,2017-11-06T23:09:55+00:00,open,olist,False,"{""seller_ids"": [""aaed1309374718fdd995ee4c58c9dfcd""], ""seller_locations"": [{""seller_id"": ""aaed1309374718fdd995ee4c58c9dfcd"", ""city"": ""timbo"", ""state"": ""SC""}], ""order_status"": ""delivered"", ""customer_state"": ""RJ"", ""item_prices"": [7290]}"
074e803978094c38b91ddd375ee6ca69,5635216314a6c805bd733cbbf6d777b4,9901,1211,2017-11-06T23:16:19+00:00,open,olist,False,"{""seller_ids"": [""709e16e2b25c7474d980076c6bfc4806""], ""seller_locations"": [{""seller_id"": ""709e16e2b25c7474d980076c6bfc4806"", ""city"": ""birigui"", ""state"": ""SP""}], ""order_status"": ""delivered"", ""customer_state"": ""SP"", ""item_prices"": [8690]}"
8b62c0757b9c458179c29c2ea24c7886,aaa3bb03f41b0d1717519d6752df97c1,11010,1821,2017-11-06T23:21:22+00:00,open,olist,False,"{""seller_ids"": [""9674754b5a0cb32b638cec001178f799""], ""seller_locations"": [{""seller_id"": ""9674754b5a0cb32b638cec001178f799"", ""city"": ""sao paulo"", ""state"": ""SP""}], ""order_status"": ""delivered"", ""customer_state"": ""BA"", ""item_prices"": [9189]}"
68032d83f60d0cff0f79fd0aff398f29,940f79613f505ade14e5954470d25660,9970,1980,2017-11-06T23:31:37+00:00,open,olist,False,"{""seller_ids"": [""8ff1a9df749e454105c55cda13e79143""], ""seller_locations"": [{""seller_id"": ""8ff1a9df749e454105c55cda13e79143"", ""city"": ""marilia"", ""state"": ""SP""}], ""order_status"": ""delivered"", ""customer_state"": ""BA"", ""item_prices"": [7990]}"
1844fd8d65bd9bd25e11e301dd99dc4a,90e28a883386c71de943515d91f72a39,20863,2864,2017-11-06T23:33:48+00:00,open,olist,False,"{""seller_ids"": [""81a1104df0f08b59c68aa5b03cfe398e""], ""seller_locations"": [{""seller_id"": ""81a1104df0f08b59c68aa5b03cfe398e"", ""city"": ""sao jose dos pinhais"", ""state"": ""PR""}], ""order_status"": ""delivered"", ""customer_state"": ""RJ"", ""item_prices"": [17999]}"
12aba4fdeb04e5cca1132f86f2bda749,aee5f6629ae32b0042736c75b6e67368,12692,1702,2017-11-06T23:39:18+00:00,open,olist,False,"{""seller_ids"": [""1bb3812d5f0747a3ab7348f199001a10""], ""seller_locations"": [{""seller_id"": ""1bb3812d5f0747a3ab7348f199001a10"", ""city"": ""sao paulo"", ""state"": ""SP""}], ""order_status"": ""delivered"", ""customer_state"": ""MG"", ""item_prices"": [10990]}"
b2db15e922c61cffddb3d11773125084,269404584333ceb567d7ffa0c068699d,26751,1551,2017-11-06T23:40:19+00:00,open,olist,False,"{""seller_ids"": [""d05ae8f7a5bd1d2a690a44cd079e4e27""], ""seller_locations"": [{""seller_id"": ""d05ae8f7a5bd1d2a690a44cd079e4e27"", ""city"": ""rio de janeiro"", ""state"": ""RJ""}], ""order_status"": ""delivered"", ""customer_state"": ""SP"", ""item_prices"": [25200]}"
42eac028466118a879151bd1ad4c2acd,f365eaab05cff577be2283c5296978c0,18151,2161,2017-11-06T23:40:20+00:00,open,olist,False,"{""seller_ids"": [""391fc6631aebcf3004804e51b40bcf1e""], ""seller_locations"": [{""seller_id"": ""391fc6631aebcf3004804e51b40bcf1e"", ""city"": ""ibitinga"", ""state"": ""SP""}], ""order_status"": ""delivered"", ""customer_state"": ""RJ"", ""item_prices"": [15990]}"
caac6605538949c162e1301b3280177e,c50984e329b68d48f871999e8b9a6db7,12883,1803,2017-11-07T00:13:07+00:00,open,olist,False,"{""seller_ids"": [""2745f798279e0ed033addcc1474776d7""], ""seller_locations"": [{""seller_id"": ""2745f798279e0ed033addcc1474776d7"", ""city"": ""sao paulo"", ""state"": ""SP""}], ""order_status"": ""delivered"", ""customer_state"": ""PR"", ""item_prices"": [11080]}"
a3757e2e2fc596f02ee3b55323c6a67c,0fd39b61ec94864f92e18e5d7144bc6c,6410,1510,2017-11-07T00:14:07+00:00,open,olist,False,"{""seller_ids"": [""6560211a19b47992c3666cc44a7e94c0""], ""seller_locations"": [{""seller_id"": ""6560211a19b47992c3666cc44a7e94c0"", ""city"": ""sao paulo"", ""state"": ""SP""}], ""order_status"": ""delivered"", ""customer_state"": ""MG"", ""item_prices"": [4900]}"
16fda78951899265f9a26ab3c5f17c4c,9589981c026da7bc1ea6ad3d6380ed23,26940,9941,2017-11-07T00:27:49+00:00,open,olist,False,"{""seller_ids"": [""7c67e1448b00f6e969d365cea6b010ab""], ""seller_locations"": [{""seller_id"": ""7c67e1448b00f6e969d365cea6b010ab"", ""city"": ""itaquaquecetuba"", ""state"": ""SP""}], ""order_status"": ""delivered"", ""customer_state"": ""PA"", ""item_prices"": [16999]}"
20020569f2b852ebd114b1373fb82aa0,8a36caf2ed634c8838b1f679359bec97,10426,1436,2017-11-07T00:32:03+00:00,open,olist,False,"{""seller_ids"": [""54965bbe3e4f07ae045b90b0b8541f52""], ""seller_locations"": [{""seller_id"": ""54965bbe3e4f07ae045b90b0b8541f52"", ""city"": ""foz do iguacu"", ""state"": ""PR""}], ""order_status"": ""delivered"", ""customer_state"": ""PR"", ""item_prices"": [8990]}"
bfa5a8f656b7dc663c21308b0bc39212,01531f72337b960a58cdba9c94e96d1a,4410,1510,2017-11-07T01:07:57+00:00,open,olist,False,"{""seller_ids"": [""6560211a19b47992c3666cc44a7e94c0""], ""seller_locations"": [{""seller_id"": ""6560211a19b47992c3666cc44a7e94c0"", ""city"": ""sao paulo"", ""state"": ""SP""}], ""order_status"": ""delivered"", ""customer_state"": ""MG"", ""item_prices"": [2900]}"
b974b0392e8168e425f77abccf5563a4,369f99c790405f8aa32ba167bf3fdfb2,3084,934,2017-11-07T02:02:03+00:00,open,olist,False,"{""seller_ids"": [""0249d282d911d23cb8b869ab49c99f53""], ""seller_locations"": [{""seller_id"": ""0249d282d911d23cb8b869ab49c99f53"", ""city"": ""sao paulo"", ""state"": ""SP""}], ""order_status"": ""delivered"", ""customer_state"": ""SP"", ""item_prices"": [2150]}"
02c371100bf54facae80322579c7fefb,57687546c853c106a30036e7c483dc7d,5924,934,2017-11-07T02:55:51+00:00,open,olist,False,"{""seller_ids"": [""e62b2d6ac10570a035a30bafcf01d263""], ""seller_locations"": [{""seller_id"": ""e62b2d6ac10570a035a30bafcf01d263"", ""city"": ""sao paulo"", ""state"": ""SP""}], ""order_status"": ""delivered"", ""customer_state"": ""SP"", ""item_prices"": [4990]}"
bcdc8da39b779f95c0542643fa9beea7,d2849832d839524a7d36a391434ac16e,26142,8143,2017-11-07T04:34:31+00:00,open,olist,False,"{""seller_ids"": [""a1043bafd471dff536d0c462352beb48""], ""seller_locations"": [{""seller_id"": ""a1043bafd471dff536d0c462352beb48"", ""city"": ""ilicinea"", ""state"": ""MG""}], ""order_status"": ""delivered"", ""customer_state"": ""PA"", ""item_prices"": [17999]}"
5e539665f1f68fe6afeedd57ecf888ab,7f2a3dc84179df69e42a45f5a9a7d6b1,17126,2336,2017-11-07T08:01:00+00:00,open,olist,False,"{""seller_ids"": [""8581055ce74af1daba164fdbd55a40de""], ""seller_locations"": [{""seller_id"": ""8581055ce74af1daba164fdbd55a40de"", ""city"": ""guarulhos"", ""state"": ""SP""}], ""order_status"": ""delivered"", ""customer_state"": ""PR"", ""item_prices"": [14790]}"
6e68db908b8a2902c4f8309e1c1cbe3f,b83753cbd6fece26b5ce9a32267d2462,51470,1971,2017-11-07T08:28:02+00:00,open,olist,False,"{""seller_ids"": [""7ddcbb64b5bc1ef36ca8c151f6ec77df""], ""seller_locations"": [{""seller_id"": ""7ddcbb64b5bc1ef36ca8c151f6ec77df"", ""city"": ""sao paulo"", ""state"": ""SP""}], ""order_status"": ""delivered"", ""customer_state"": ""PR"", ""item_prices"": [49499]}"
421266486e0fff23de13b5302127280e,04370c96850ca795aa0c01a7c57dd1a6,11817,1827,2017-11-07T08:39:21+00:00,open,olist,False,"{""seller_ids"": [""79ebd9a61bac3eaf882805ed4ecfa12a""], ""seller_locations"": [{""seller_id"": ""79ebd9a61bac3eaf882805ed4ecfa12a"", ""city"": ""cascavel"", ""state"": ""PR""}], ""order_status"": ""delivered"", ""customer_state"": ""RJ"", ""item_prices"": [9990]}"
ec229847c1c5cf6fb15ad56753ee00ab,b63103e7e7a35aba509576b116bad9c3,9995,2705,2017-11-07T08:46:53+00:00,open,olist,False,"{""seller_ids"": [""aaed1309374718fdd995ee4c58c9dfcd""], ""seller_locations"": [{""seller_id"": ""aaed1309374718fdd995ee4c58c9dfcd"", ""city"": ""timbo"", ""state"": ""SC""}], ""order_status"": ""delivered"", ""customer_state"": ""DF"", ""item_prices"": [7290]}"
785bbdf4b0c361c38da0f5d3dc5cc14d,a5ef8e6ba939abfac503451bf8a0759c,19334,3335,2017-11-07T08:48:12+00:00,open,olist,False,"{""seller_ids"": [""5058e8c1e82653974541e83690655b4a""], ""seller_locations"": [{""seller_id"": ""5058e8c1e82653974541e83690655b4a"", ""city"": ""itaquaquecetuba"", ""state"": ""SP""}], ""order_status"": ""delivered"", ""customer_state"": ""SP"", ""item_prices"": [15999]}"
cacc1fb58a377d93574c303d6c901986,8bd394096fe3c0b6536a35812de0f403,3635,1185,2017-11-07T08:53:13+00:00,open,olist,False,"{""seller_ids"": [""37515688008a7a40ac93e3b2e4ab203f""], ""seller_locations"": [{""seller_id"": ""37515688008a7a40ac93e3b2e4ab203f"", ""city"": ""dracena"", ""state"": ""SP""}], ""order_status"": ""delivered"", ""customer_state"": ""SP"", ""item_prices"": [2450]}"
2bf0bf5cbf38b387798a9143e05d4c2c,b246b9430aa5bf06109d85f7409eb902,2068,778,2017-11-07T09:01:01+00:00,open,olist,False,"{""seller_ids"": [""8b321bb669392f5163d04c59e235e066""], ""seller_locations"": [{""seller_id"": ""8b321bb669392f5163d04c59e235e066"", ""city"": ""sao paulo"", ""state"": ""SP""}], ""order_status"": ""delivered"", ""customer_state"": ""SP"", ""item_prices"": [1290]}"
e09f44857c4f24c72e4a6efd07aef776,ca1448701a463d1ae2c115bfc89fc2f1,5500,1510,2017-11-07T09:02:50+00:00,open,olist,False,"{""seller_ids"": [""093805f8f2aeb63881444571e1f48f30""], ""seller_locations"": [{""seller_id"": ""093805f8f2aeb63881444571e1f48f30"", ""city"": ""osasco"", ""state"": ""SP""}], ""order_status"": ""delivered"", ""customer_state"": ""PR"", ""item_prices"": [3990]}"
b0ff49d6e778f78efe9eb70252a367d4,6226735364f81ba783e917c9b4b941f7,30842,5842,2017-11-07T09:14:44+00:00,open,olist,False,"{""seller_ids"": [""1025f0e2d44d7041d6cf58b6550e0bfa""], ""seller_locations"": [{""seller_id"": ""1025f0e2d44d7041d6cf58b6550e0bfa"", ""city"": ""sao paulo"", ""state"": ""SP""}], ""order_status"": ""delivered"", ""customer_state"": ""PR"", ""item_prices"": [25000]}"
c6174e20db037528301ee8eaf325a469,6eff1cd9cc7f4dde6e1cbb679e219a50,23570,3590,2017-11-07T09:23:40+00:00,open,olist,False,"{""seller_ids"": [""da8622b14eb17ae2831f4ac5b9dab84a""], ""seller_locations"": [{""seller_id"": ""da8622b14eb17ae2831f4ac5b9dab84a"", ""city"": ""piracicaba"", ""state"": ""SP""}], ""order_status"": ""delivered"", ""customer_state"": ""RJ"", ""item_prices"": [9990, 9990]}"
9d27b66cd7dfe58587bd778c83c4d5a1,637ce5e0131db1f083a9996a8dfc3b2b,5760,1760,2017-11-07T09:47:02+00:00,open,olist,False,"{""seller_ids"": [""cce6ab8d1682639fe45ab70234f1665f""], ""seller_locations"": [{""seller_id"": ""cce6ab8d1682639fe45ab70234f1665f"", ""city"": ""curitiba"", ""state"": ""SP""}], ""order_status"": ""delivered"", ""customer_state"": ""SP"", ""item_prices"": [4000]}"
a7a623c645c38ce143105be339a3781e,66d37fee8c1d4294327a9d54a7404138,9430,1530,2017-11-07T09:51:32+00:00,open,olist,False,"{""seller_ids"": [""522620dcb18a6b31cd7bdf73665113a9""], ""seller_locations"": [{""seller_id"": ""522620dcb18a6b31cd7bdf73665113a9"", ""city"": ""cascavel"", ""state"": ""PR""}], ""order_status"": ""delivered"", ""customer_state"": ""SP"", ""item_prices"": [7900]}"
336b52cd186d8ef3e54daf969943e0da,0b4a0719cfa52fe0f2de1fe8c10fa0b5,22793,2794,2017-11-07T09:51:38+00:00,open,olist,False,"{""seller_ids"": [""7299e27ed73d2ad986de7f7c77d919fa""], ""seller_locations"": [{""seller_id"": ""7299e27ed73d2ad986de7f7c77d919fa"", ""city"": ""araguari"", ""state"": ""MG""}], ""order_status"": ""delivered"", ""customer_state"": ""RS"", ""item_prices"": [19999]}"
af8b2f03e1bfa7e0b86ed73ac5653938,c18f0ac19217b1a23f563cc1968c499f,9466,1976,2017-11-07T09:52:20+00:00,open,olist,False,"{""seller_ids"": [""83645b1645cdee8953ee54c29ceed564""], ""seller_locations"": [{""seller_id"": ""83645b1645cdee8953ee54c29ceed564"", ""city"": ""santa terezinha de itaipu"", ""state"": ""PR""}], ""order_status"": ""delivered"", ""customer_state"": ""MG"", ""item_prices"": [7490]}"
5e4ffcfc6e50a0ff6311ad87a727280f,167d383796431b64c2272cc414b9633b,16550,6551,2017-11-07T09:54:46+00:00,open,olist,False,"{""seller_ids"": [""3b15288545f8928d3e65a8f949a28291""], ""seller_locations"": [{""seller_id"": ""3b15288545f8928d3e65a8f949a28291"", ""city"": ""ibitinga"", ""state"": ""SP""}], ""order_status"": ""delivered"", ""customer_state"": ""PR"", ""item_prices"": [9999]}"
b71f2bcb304134cd03bb33a3f86a5a46,87f0e5d5fbf0dfb671baf8ccd87b5c66,4438,1248,2017-11-07T10:17:30+00:00,open,olist,False,"{""seller_ids"": [""85d9eb9ddc5d00ca9336a2219c97bb13""], ""seller_locations"": [{""seller_id"": ""85d9eb9ddc5d00ca9336a2219c97bb13"", ""city"": ""belo horizonte"", ""state"": ""MG""}], ""order_status"": ""delivered"", ""customer_state"": ""MG"", ""item_prices"": [3190]}"
aa94d94e210dc2b7a49812d3d82bb516,c48466ed1f411eed0a0798f2388ccaf4,8418,2538,2017-11-07T10:19:53+00:00,open,olist,False,"{""seller_ids"": [""01c97ebb5cdac52891c0ed1c37ba0012""], ""seller_locations"": [{""seller_id"": ""01c97ebb5cdac52891c0ed1c37ba0012"", ""city"": ""catanduva"", ""state"": ""SP""}], ""order_status"": ""delivered"", ""customer_state"": ""SP"", ""item_prices"": [2940, 2940]}"
965f57ad446a9d190bec51db7f0fd8b5,e83a792a0d5847ad8bcb2d9fd206fa87,4334,934,2017-11-07T10:20:50+00:00,open,olist,False,"{""seller_ids"": [""b4ffb71f0cb1b1c3d63fad021ecf93e1""], ""seller_locations"": [{""seller_id"": ""b4ffb71f0cb1b1c3d63fad021ecf93e1"", ""city"": ""sao paulo"", ""state"": ""SP""}], ""order_status"": ""delivered"", ""customer_state"": ""SP"", ""item_prices"": [3400]}"
10d5a1a31235b677b2d8856b22ba79fa,76fe66b3ce1eec54d618b0e23161c69c,16365,1666,2017-11-07T10:24:30+00:00,open,olist,False,"{""seller_ids"": [""7ddcbb64b5bc1ef36ca8c151f6ec77df""], ""seller_locations"": [{""seller_id"": ""7ddcbb64b5bc1ef36ca8c151f6ec77df"", ""city"": ""sao paulo"", ""state"": ""SP""}], ""order_status"": ""delivered"", ""customer_state"": ""SP"", ""item_prices"": [14699]}"
80603ff81081f5b1afa87c01e8cf490e,e511245e5b0f82d2619cd33c726e810b,6085,1185,2017-11-07T10:29:57+00:00,open,olist,False,"{""seller_ids"": [""3d871de0142ce09b7081e2b9d1733cb1""], ""seller_locations"": [{""seller_id"": ""3d871de0142ce09b7081e2b9d1733cb1"", ""city"": ""campo limpo paulista"", ""state"": ""SP""}], ""order_status"": ""delivered"", ""customer_state"": ""SP"", ""item_prices"": [4900]}"
05fdfff95f5ea9ee431961288fce4e0c,d9ffaef986305a5a589b198d8568f211,15852,1252,2017-11-07T10:44:53+00:00,open,olist,False,"{""seller_ids"": [""b33e7c55446eabf8fe1a42d037ac7d6d""], ""seller_locations"": [{""seller_id"": ""b33e7c55446eabf8fe1a42d037ac7d6d"", ""city"": ""pradopolis"", ""state"": ""SP""}], ""order_status"": ""delivered"", ""customer_state"": ""SP"", ""item_prices"": [14600]}"
838182c127d317f0eca3ea49a529146d,3f5534bf8c9378ee05b7dd684cb20e8a,7315,1616,2017-11-07T10:46:50+00:00,open,olist,False,"{""seller_ids"": [""1835b56ce799e6a4dc4eddc053f04066""], ""seller_locations"": [{""seller_id"": ""1835b56ce799e6a4dc4eddc053f04066"", ""city"": ""ibitinga"", ""state"": ""SP""}], ""order_status"": ""delivered"", ""customer_state"": ""SC"", ""item_prices"": [5699]}"
2042b08cf14adb53b8c4c1189d162375,27994d62e7ec39656f6c8b2c39a19431,6196,1510,2017-11-07T11:02:40+00:00,open,olist,False,"{""seller_ids"": [""8c16d1f32a54d92897cc437244442e1b""], ""seller_locations"": [{""seller_id"": ""8c16d1f32a54d92897cc437244442e1b"", ""city"": ""blumenau"", ""state"": ""SC""}], ""order_status"": ""delivered"", ""customer_state"": ""SP"", ""item_prices"": [4686]}"
abb76549f54fa02e04e1d3da5e8f3cce,3e00bcc9aa892a783fe0ef73a02b6686,5082,1185,2017-11-07T11:34:11+00:00,open,olist,False,"{""seller_ids"": [""5a93f3ab0ef4c84ed5e1b5dbf23978bc""], ""seller_locations"": [{""seller_id"": ""5a93f3ab0ef4c84ed5e1b5dbf23978bc"", ""city"": ""monteiro lobato"", ""state"": ""SP""}], ""order_status"": ""delivered"", ""customer_state"": ""SP"", ""item_prices"": [3897]}"
2447371e2d56b6efd605d73aff766657,eaa475564576403a32ab075f36755a11,12090,3591,2017-11-07T11:37:18+00:00,open,olist,False,"{""seller_ids"": [""cc419e0650a3c5ba77189a1882b7556a""], ""seller_locations"": [{""seller_id"": ""cc419e0650a3c5ba77189a1882b7556a"", ""city"": ""santo andre"", ""state"": ""SP""}], ""order_status"": ""delivered"", ""customer_state"": ""PB"", ""item_prices"": [8499]}"
d540bc0befa1449d8763e87cd48655c2,0b209d54ce95005e6dd01239d4146ec2,19840,2840,2017-11-07T11:38:57+00:00,open,olist,False,"{""seller_ids"": [""955fee9216a65b617aa5c0531780ce60""], ""seller_locations"": [{""seller_id"": ""955fee9216a65b617aa5c0531780ce60"", ""city"": ""sao paulo"", ""state"": ""SP""}], ""order_status"": ""delivered"", ""customer_state"": ""SP"", ""item_prices"": [8500, 8500]}"
31a8e53226ace9a58aef6b76fab4ff4d,229ceec915e6e4a4f87225031ca010f8,5460,1510,2017-11-07T11:50:43+00:00,open,olist,False,"{""seller_ids"": [""d673a59aac7a70d8b01e6902bf090a11""], ""seller_locations"": [{""seller_id"": ""d673a59aac7a70d8b01e6902bf090a11"", ""city"": ""ibitinga"", ""state"": ""SP""}], ""order_status"": ""delivered"", ""customer_state"": ""MG"", ""item_prices"": [3950]}"
2065ad549db75287b04797d276d50564,81dea9a8d236dcc15823cc53f0eff2bf,34455,1955,2017-11-07T12:17:21+00:00,open,olist,False,"{""seller_ids"": [""f7ba60f8c3f99e7ee4042fdef03b70c4""], ""seller_locations"": [{""seller_id"": ""f7ba60f8c3f99e7ee4042fdef03b70c4"", ""city"": ""sao bernardo do campo"", ""state"": ""SP""}], ""order_status"": ""delivered"", ""customer_state"": ""CE"", ""item_prices"": [32500]}"
9eed56c2c8e96a33f6f266f2437d0897,cdf5eab044412e953f612ae5ef37a21d,3769,1269,2017-11-07T12:20:13+00:00,open,olist,False,"{""seller_ids"": [""3d871de0142ce09b7081e2b9d1733cb1""], ""seller_locations"": [{""seller_id"": ""3d871de0142ce09b7081e2b9d1733cb1"", ""city"": ""campo limpo paulista"", ""state"": ""SP""}], ""order_status"": ""delivered"", ""customer_state"": ""SP"", ""item_prices"": [2500]}"
61fc26d9061aa8b8d2863403ac6f800c,c8d290f02486b6ce9c184950b92334a8,14868,1568,2017-11-07T12:21:51+00:00,open,olist,False,"{""seller_ids"": [""4a3ca9315b744ce9f8e9374361493884""], ""seller_locations"": [{""seller_id"": ""4a3ca9315b744ce9f8e9374361493884"", ""city"": ""ibitinga"", ""state"": ""SP""}], ""order_status"": ""delivered"", ""customer_state"": ""RJ"", ""item_prices"": [13300]}"
3c6567af72eb974d49691311ce6b0a83,e765ef66654cfd874784b36c7d0040a2,6085,1185,2017-11-07T12:23:18+00:00,open,olist,False,"{""seller_ids"": [""6560211a19b47992c3666cc44a7e94c0""], ""seller_locations"": [{""seller_id"": ""6560211a19b47992c3666cc44a7e94c0"", ""city"": ""sao paulo"", ""state"": ""SP""}], ""order_status"": ""delivered"", ""customer_state"": ""SP"", ""item_prices"": [4900]}"
ffce02d92a959d8894c8568d7a0f6435,18fe8848721297d7931b46ff9e6c4bfb,6702,1612,2017-11-07T12:23:54+00:00,open,olist,False,"{""seller_ids"": [""cca3071e3e9bb7d12640c9fbe2301306""], ""seller_locations"": [{""seller_id"": ""cca3071e3e9bb7d12640c9fbe2301306"", ""city"": ""ibitinga"", ""state"": ""SP""}], ""order_status"": ""delivered"", ""customer_state"": ""RJ"", ""item_prices"": [5090]}"
6c6b9c17b42386d2ebd32f39c03104ad,87e4174511608b3c3c252e87fd74c0de,4927,1337,2017-11-07T12:31:49+00:00,open,olist,False,"{""seller_ids"": [""6c7d50c24b3ccd2fd83b44d8bb34e073""], ""seller_locations"": [{""seller_id"": ""6c7d50c24b3ccd2fd83b44d8bb34e073"", ""city"": ""presidente prudente"", ""state"": ""SP""}], ""order_status"": ""delivered"", ""customer_state"": ""SP"", ""item_prices"": [3590]}"
cae8bf54a0ecd79376aac899679de154,f8654118fdfe85e9e286165ac2f7f66a,6107,2267,2017-11-07T12:31:56+00:00,open,olist,False,"{""seller_ids"": [""1025f0e2d44d7041d6cf58b6550e0bfa""], ""seller_locations"": [{""seller_id"": ""1025f0e2d44d7041d6cf58b6550e0bfa"", ""city"": ""sao paulo"", ""state"": ""SP""}], ""order_status"": ""delivered"", ""customer_state"": ""AL"", ""item_prices"": [3840]}"
22fe58e8a8084630f52ce3fbb02c9ac1,ae6ebd1ea96fc64aaa3e0b502b92bf9c,23052,3553,2017-11-07T12:40:52+00:00,open,olist,False,"{""seller_ids"": [""7c67e1448b00f6e969d365cea6b010ab""], ""seller_locations"": [{""seller_id"": ""7c67e1448b00f6e969d365cea6b010ab"", ""city"": ""itaquaquecetuba"", ""state"": ""SP""}], ""order_status"": ""delivered"", ""customer_state"": ""SP"", ""item_prices"": [19499]}"
35b8813b39f533c1ed224ab90b5cd609,ac4608633d6d8d850b874a1a7d17de4c,4771,872,2017-11-07T12:42:28+00:00,open,olist,False,"{""seller_ids"": [""e9d99831abad74458942f21e16f33f92""], ""seller_locations"": [{""seller_id"": ""e9d99831abad74458942f21e16f33f92"", ""city"": ""sao paulo"", ""state"": ""SP""}], ""order_status"": ""delivered"", ""customer_state"": ""SP"", ""item_prices"": [3899]}"
588c0e3b460d83b9cd8a270edc0f4da0,700a5f7e65dfd8b3fb6be10dff7e1065,20420,13660,2017-11-07T12:44:04+00:00,open,olist,False,"{""seller_ids"": [""f8db351d8c4c4c22c6835c19a46f01b0""], ""seller_locations"": [{""seller_id"": ""f8db351d8c4c4c22c6835c19a46f01b0"", ""city"": ""salto"", ""state"": ""SP""}], ""order_status"": ""delivered"", ""customer_state"": ""MA"", ""item_prices"": [1690, 1690, 1690, 1690]}"
e2fd3a04faecd73308b8d940dc3ab303,cde21887e86a254eab4799aec212b7b7,67501,6501,2017-11-07T12:48:35+00:00,open,olist,False,"{""seller_ids"": [""834f3294fba9f932f56edc879193f925""], ""seller_locations"": [{""seller_id"": ""834f3294fba9f932f56edc879193f925"", ""city"": ""araraquara"", ""state"": ""SP""}], ""order_status"": ""delivered"", ""customer_state"": ""MG"", ""item_prices"": [61000]}"
d63a97a769887faf8e6c810cba555ebc,62c54bb25534d79bbbd52c3d9de4c1bc,15712,1822,2017-11-07T13:01:15+00:00,open,olist,False,"{""seller_ids"": [""86ccac0b835037332a596a33b6949ee1""], ""seller_locations"": [{""seller_id"": ""86ccac0b835037332a596a33b6949ee1"", ""city"": ""blumenau"", ""state"": ""SC""}], ""order_status"": ""delivered"", ""customer_state"": ""SP"", ""item_prices"": [13890]}"
4ab68bc41831caca906e6bdb5c94235c,8e2d83373060244a2767c06b7b4e7a66,25994,7004,2017-11-07T13:16:10+00:00,open,olist,False,"{""seller_ids"": [""2e90cb1677d35cfe24eef47d441b7c87""], ""seller_locations"": [{""seller_id"": ""2e90cb1677d35cfe24eef47d441b7c87"", ""city"": ""sao paulo"", ""state"": ""SP""}], ""order_status"": ""delivered"", ""customer_state"": ""RO"", ""item_prices"": [18990]}"
2be5c054b376cfbf66ca1842a48b365e,1fc82729e465372e65390083c1ff22fe,7757,1767,2017-11-07T13:42:45+00:00,open,olist,False,"{""seller_ids"": [""1f50f920176fa81dab994f9023523100""], ""seller_locations"": [{""seller_id"": ""1f50f920176fa81dab994f9023523100"", ""city"": ""sao jose do rio preto"", ""state"": ""SP""}], ""order_status"": ""delivered"", ""customer_state"": ""RS"", ""item_prices"": [5990]}"
40969a63dab14f62173be9affecb17d4,353ec5031b3cf8a8011bf0e43260ffef,25073,3531,2017-11-07T13:54:52+00:00,open,olist,False,"{""seller_ids"": [""17e34d8224d27a541263c4c64b11a56b""], ""seller_locations"": [{""seller_id"": ""17e34d8224d27a541263c4c64b11a56b"", ""city"": ""riberao preto"", ""state"": ""SP""}], ""order_status"": ""delivered"", ""customer_state"": ""PI"", ""item_prices"": [21542]}"
cd25a7c65029c84ae2f9ff0e4b968d0e,42e35f263bfc894dd0d9a3114c608b9f,14008,4108,2017-11-07T13:59:47+00:00,open,olist,False,"{""seller_ids"": [""001cca7ae9ae17fb1caed9dfb1094831""], ""seller_locations"": [{""seller_id"": ""001cca7ae9ae17fb1caed9dfb1094831"", ""city"": ""cariacica"", ""state"": ""ES""}], ""order_status"": ""delivered"", ""customer_state"": ""SP"", ""item_prices"": [9900]}"
92b30d7bdeeac47d9fdea335ae0536b4,2b2d0c9e11b425a1722f121e8031ee7f,40535,3586,2017-11-07T14:07:03+00:00,open,olist,False,"{""seller_ids"": [""f326006815956455b2859abd58fe7e39""], ""seller_locations"": [{""seller_id"": ""f326006815956455b2859abd58fe7e39"", ""city"": ""fernandopolis"", ""state"": ""SP""}], ""order_status"": ""delivered"", ""customer_state"": ""SP"", ""item_prices"": [36949]}"
7743b506a4c2e87e3f5af919334ea71a,a3d0d7369347537badfd5baa917348db,22571,4572,2017-11-07T14:14:38+00:00,open,olist,False,"{""seller_ids"": [""a1043bafd471dff536d0c462352beb48""], ""seller_locations"": [{""seller_id"": ""a1043bafd471dff536d0c462352beb48"", ""city"": ""ilicinea"", ""state"": ""MG""}], ""order_status"": ""delivered"", ""customer_state"": ""RJ"", ""item_prices"": [17999]}"
47d3007b20e49d9119fabdb9237374c5,f6d542c63daee6bf582e288e075a8f32,2809,1410,2017-11-07T14:16:21+00:00,open,olist,False,"{""seller_ids"": [""3c7c4a49ec3c6550809089c6a2ca9370""], ""seller_locations"": [{""seller_id"": ""3c7c4a49ec3c6550809089c6a2ca9370"", ""city"": ""sao paulo"", ""state"": ""SP""}], ""order_status"": ""delivered"", ""customer_state"": ""ES"", ""item_prices"": [1399]}"
efe34eef7701ffb344c58af77b116019,bd810a9ad3e742094af678699a265574,16580,1481,2017-11-07T14:37:06+00:00,open,olist,False,"{""seller_ids"": [""05f51e13da97139648b8125c31e5f51b""], ""seller_locations"": [{""seller_id"": ""05f51e13da97139648b8125c31e5f51b"", ""city"": ""belo horizonte"", ""state"": ""MG""}], ""order_status"": ""delivered"", ""customer_state"": ""SP"", ""item_prices"": [15099]}"
fa715569a8d11944307ce94d3413e902,fad3c89098c5e008e93d79dc390a16ea,15514,3534,2017-11-07T14:39:00+00:00,open,olist,False,"{""seller_ids"": [""1f50f920176fa81dab994f9023523100""], ""seller_locations"": [{""seller_id"": ""1f50f920176fa81dab994f9023523100"", ""city"": ""sao jose do rio preto"", ""state"": ""SP""}], ""order_status"": ""delivered"", ""customer_state"": ""RJ"", ""item_prices"": [5990, 5990]}"
cf93d49a9e8e671eb28c9eab24cf0f39,851eefea71a07755f017e75fae31f2fd,4768,778,2017-11-07T14:39:42+00:00,open,olist,False,"{""seller_ids"": [""ea8482cd71df3c1969d7b9473ff13abc""], ""seller_locations"": [{""seller_id"": ""ea8482cd71df3c1969d7b9473ff13abc"", ""city"": ""sao paulo"", ""state"": ""SP""}], ""order_status"": ""delivered"", ""customer_state"": ""SP"", ""item_prices"": [3990]}"
cd58ddbc1336b4ab573d786234c1245d,a1e8f99ab1bf0d38a945e84ad1431fe2,16229,3329,2017-11-07T15:01:20+00:00,open,olist,False,"{""seller_ids"": [""001cca7ae9ae17fb1caed9dfb1094831""], ""seller_locations"": [{""seller_id"": ""001cca7ae9ae17fb1caed9dfb1094831"", ""city"": ""cariacica"", ""state"": ""ES""}], ""order_status"": ""delivered"", ""customer_state"": ""SP"", ""item_prices"": [12900]}"
ce3397e3e383fc93adefff9aa6a9aa7b,ca038431c2e790746c08570871870889,9728,1431,2017-11-07T15:02:12+00:00,open,olist,False,"{""seller_ids"": [""17ca9b9e9b9ef8fdb529001b49ebb50f""], ""seller_locations"": [{""seller_id"": ""17ca9b9e9b9ef8fdb529001b49ebb50f"", ""city"": ""betim"", ""state"": ""MG""}], ""order_status"": ""delivered"", ""customer_state"": ""MG"", ""item_prices"": [8297]}"
7b368eab51e8752cd22b7a851e8be248,aff6957885833ad8da7dc66469836773,1875,1185,2017-11-07T15:20:32+00:00,open,olist,False,"{""seller_ids"": [""0be8ff43f22e456b4e0371b2245e4d01""], ""seller_locations"": [{""seller_id"": ""0be8ff43f22e456b4e0371b2245e4d01"", ""city"": ""sao paulo"", ""state"": ""SP""}], ""order_status"": ""delivered"", ""customer_state"": ""SP"", ""item_prices"": [690]}"
d9a7926047f158ca6ab53261baaef77b,d03ef07218f01af47507ef451e478ffe,5500,1510,2017-11-07T15:28:27+00:00,open,olist,False,"{""seller_ids"": [""86ccac0b835037332a596a33b6949ee1""], ""seller_locations"": [{""seller_id"": ""86ccac0b835037332a596a33b6949ee1"", ""city"": ""blumenau"", ""state"": ""SC""}], ""order_status"": ""delivered"", ""customer_state"": ""SP"", ""item_prices"": [3990]}"
cbd8116a714dcdfd07755c3dd1cb6e1b,44f203d7ebae3a4c784d30ccb45b20a3,11785,1795,2017-11-07T15:38:47+00:00,open,olist,False,"{""seller_ids"": [""da8622b14eb17ae2831f4ac5b9dab84a""], ""seller_locations"": [{""seller_id"": ""da8622b14eb17ae2831f4ac5b9dab84a"", ""city"": ""piracicaba"", ""state"": ""SP""}], ""order_status"": ""delivered"", ""customer_state"": ""RJ"", ""item_prices"": [9990]}"
32c75dfb830b25a968cfd39e54d315a3,d29d20c2b98be8a4cdfb197a5e0a391d,0,0,2017-11-07T15:40:54+00:00,cancelled,olist,False,"{""seller_ids"": [], ""seller_locations"": [], ""order_status"": ""unavailable"", ""customer_state"": ""RS"", ""item_prices"": []}"
4c3c77b27f585da8c9e4629aba2f7817,452cbd8b8bde0d91625ee847c9192da9,29673,2673,2017-11-07T15:47:40+00:00,open,olist,False,"{""seller_ids"": [""be9a160a9011f627c3e121d076c1ec7b""], ""seller_locations"": [{""seller_id"": ""be9a160a9011f627c3e121d076c1ec7b"", ""city"": ""jaragua do sul"", ""state"": ""SC""}], ""order_status"": ""processing"", ""customer_state"": ""SP"", ""item_prices"": [27000]}"
7c1bc8447c240b37b3ce9222a1daf420,443ab4f989f1ee12c26f675dea465bb4,4672,1510,2017-11-07T15:52:19+00:00,open,olist,False,"{""seller_ids"": [""113e3a788b935f48aad63e1c41dac1bd""], ""seller_locations"": [{""seller_id"": ""113e3a788b935f48aad63e1c41dac1bd"", ""city"": ""aparecida"", ""state"": ""SP""}], ""order_status"": ""delivered"", ""customer_state"": ""SC"", ""item_prices"": [3162]}"
7df0f938e1ed850fcc16e29882f872f7,8c17fce83254376c3d3cbbea68f116d2,19450,1501,2017-11-07T16:00:09+00:00,open,olist,False,"{""seller_ids"": [""080199a181c46c657dc5aa235411be3b""], ""seller_locations"": [{""seller_id"": ""080199a181c46c657dc5aa235411be3b"", ""city"": ""osasco"", ""state"": ""SP""}], ""order_status"": ""delivered"", ""customer_state"": ""RJ"", ""item_prices"": [17949]}"
3eda68d81b3be569f9e35651a18c8215,6f37b095c7a94e5a6356230e2f337dd6,3962,2563,2017-11-07T16:00:43+00:00,open,olist,False,"{""seller_ids"": [""3c7c4a49ec3c6550809089c6a2ca9370""], ""seller_locations"": [{""seller_id"": ""3c7c4a49ec3c6550809089c6a2ca9370"", ""city"": ""sao paulo"", ""state"": ""SP""}], ""order_status"": ""delivered"", ""customer_state"": ""PE"", ""item_prices"": [1399]}"
f046d54c32beae04f22c7f3232425f54,7903689bafe7ce39335eaf8db300dc76,6663,1763,2017-11-07T16:09:29+00:00,open,olist,False,"{""seller_ids"": [""6560211a19b47992c3666cc44a7e94c0""], ""seller_locations"": [{""seller_id"": ""6560211a19b47992c3666cc44a7e94c0"", ""city"": ""sao paulo"", ""state"": ""SP""}], ""order_status"": ""delivered"", ""customer_state"": ""PA"", ""item_prices"": [4900]}"
ce9c02c63ccfd380ecd3ccf5e8894f96,661d5fb4ba175a473be68268caed1651,6971,1274,2017-11-07T16:17:08+00:00,open,olist,False,"{""seller_ids"": [""cbd996ad3c1b7dc71fd0e5f5df9087e2""], ""seller_locations"": [{""seller_id"": ""cbd996ad3c1b7dc71fd0e5f5df9087e2"", ""city"": ""sao jose do rio preto"", ""state"": ""SP""}], ""order_status"": ""delivered"", ""customer_state"": ""SP"", ""item_prices"": [5697]}"
4a202e4c5b6dfa7f2f5f18c5d760b837,74aca8cba124970ec7b909d592bef175,9398,1630,2017-11-07T16:26:06+00:00,open,olist,False,"{""seller_ids"": [""dc4a0fc896dc34b0d5bfec8438291c80""], ""seller_locations"": [{""seller_id"": ""dc4a0fc896dc34b0d5bfec8438291c80"", ""city"": ""ibitinga"", ""state"": ""SP""}], ""order_status"": ""delivered"", ""customer_state"": ""RJ"", ""item_prices"": [7768]}"
23d7d115bb9da8cf6e38bc4824767e89,b1770db9129bacc8c377c98a1ab14c73,16832,1342,2017-11-07T16:31:04+00:00,open,olist,False,"{""seller_ids"": [""97e995629983723d11830a829bc2b246""], ""seller_locations"": [{""seller_id"": ""97e995629983723d11830a829bc2b246"", ""city"": ""lorena"", ""state"": ""SP""}], ""order_status"": ""delivered"", ""customer_state"": ""MG"", ""item_prices"": [15490]}"
d172a1c2281047312e37b12be30a78b3,5ad0e968609e6a0cfe73c6274efb7a27,40405,6505,2017-11-07T16:31:50+00:00,open,olist,False,"{""seller_ids"": [""eeb6de78f79159600292e314a77cbd18""], ""seller_locations"": [{""seller_id"": ""eeb6de78f79159600292e314a77cbd18"", ""city"": ""lages"", ""state"": ""SC""}], ""order_status"": ""delivered"", ""customer_state"": ""GO"", ""item_prices"": [33900]}"
2f714aaa644b07c24034a4bcd08f14bb,3fd88e8dcac55f1e51d6c70be672ed3d,9257,1357,2017-11-07T16:41:36+00:00,open,olist,False,"{""seller_ids"": [""3d871de0142ce09b7081e2b9d1733cb1""], ""seller_locations"": [{""seller_id"": ""3d871de0142ce09b7081e2b9d1733cb1"", ""city"": ""campo limpo paulista"", ""state"": ""SP""}], ""order_status"": ""delivered"", ""customer_state"": ""SP"", ""item_prices"": [7900]}"
f063433055bc159629f5b86f7d86dc38,998053f7d066301a9fa0f6e884046056,5159,1510,2017-11-07T16:44:10+00:00,open,olist,False,"{""seller_ids"": [""9b013e03b2ab786505a1d3b5c0756754""], ""seller_locations"": [{""seller_id"": ""9b013e03b2ab786505a1d3b5c0756754"", ""city"": ""vicente de carvalho"", ""state"": ""SP""}], ""order_status"": ""delivered"", ""customer_state"": ""RS"", ""item_prices"": [3649]}"
3ad9ae84ca65db282ae34e9c9aeeaf7c,00adeda9b742746c0c66e10d00ea1b74,214840,6990,2017-11-07T16:54:04+00:00,open,olist,False,"{""seller_ids"": [""4869f7a5dfa277a7dca6462dcf3b52b2"", ""a6bd7d1ccdac48c6b33b28596b7eb122""], ""seller_locations"": [{""seller_id"": ""4869f7a5dfa277a7dca6462dcf3b52b2"", ""city"": ""guariba"", ""state"": ""SP""}, {""seller_id"": ""a6bd7d1ccdac48c6b33b28596b7eb122"", ""city"": ""mamanguape"", ""state"": ""PB""}], ""order_status"": ""delivered"", ""customer_state"": ""SP"", ""item_prices"": [62900, 144950]}"
965836ffb754e3f45c8734a2baea5978,677dfc9b7b34e53c11278c25dbc22709,3277,778,2017-11-07T16:57:33+00:00,open,olist,False,"{""seller_ids"": [""ea8482cd71df3c1969d7b9473ff13abc""], ""seller_locations"": [{""seller_id"": ""ea8482cd71df3c1969d7b9473ff13abc"", ""city"": ""sao paulo"", ""state"": ""SP""}], ""order_status"": ""delivered"", ""customer_state"": ""SP"", ""item_prices"": [2499]}"
7b88b6206dd4a32a6d7301d8d6973303,e5d0fb67add1702e8fdc93634910b5e8,15514,3534,2017-11-07T17:05:59+00:00,open,olist,False,"{""seller_ids"": [""1f50f920176fa81dab994f9023523100""], ""seller_locations"": [{""seller_id"": ""1f50f920176fa81dab994f9023523100"", ""city"": ""sao jose do rio preto"", ""state"": ""SP""}], ""order_status"": ""delivered"", ""customer_state"": ""PR"", ""item_prices"": [5990, 5990]}"
cc2c9f065b80ba7b4e8e93ea34ce92ee,a429bbde0a056a11524a63d5c8824d2f,3584,1185,2017-11-07T17:06:22+00:00,open,olist,False,"{""seller_ids"": [""cc419e0650a3c5ba77189a1882b7556a""], ""seller_locations"": [{""seller_id"": ""cc419e0650a3c5ba77189a1882b7556a"", ""city"": ""santo andre"", ""state"": ""SP""}], ""order_status"": ""delivered"", ""customer_state"": ""SP"", ""item_prices"": [2399]}"
f2c12c46401363b2f37ce6200b520ebf,0ffff36c012096ead36aa8fe815337d4,10171,2581,2017-11-07T17:09:12+00:00,open,olist,False,"{""seller_ids"": [""e9bc59e7b60fc3063eb2290deda4cced""], ""seller_locations"": [{""seller_id"": ""e9bc59e7b60fc3063eb2290deda4cced"", ""city"": ""maringa"", ""state"": ""PR""}], ""order_status"": ""delivered"", ""customer_state"": ""DF"", ""item_prices"": [7590]}"
cfbf015b7e4efd77c1a2ee7e337aea60,e677e3ecf81af42f9bb403785fff0904,0,0,2017-11-07T17:12:46+00:00,cancelled,olist,False,"{""seller_ids"": [], ""seller_locations"": [], ""order_status"": ""unavailable"", ""customer_state"": ""RJ"", ""item_prices"": []}"
37c784fc18298a8c578de2bf806fdcff,6f884c366e43f1675025265af19b7612,7210,1710,2017-11-07T17:16:07+00:00,open,olist,False,"{""seller_ids"": [""c3867b4666c7d76867627c2f7fb22e21""], ""seller_locations"": [{""seller_id"": ""c3867b4666c7d76867627c2f7fb22e21"", ""city"": ""guara"", ""state"": ""SP""}], ""order_status"": ""delivered"", ""customer_state"": ""SP"", ""item_prices"": [5500]}"
b5e39939f052dc1cecadca77caba8537,fba83d1eacc91d190e85e16a920f0a0b,24232,1633,2017-11-07T17:17:18+00:00,open,olist,False,"{""seller_ids"": [""0d4c8269e7f0401201794deef160edd6""], ""seller_locations"": [{""seller_id"": ""0d4c8269e7f0401201794deef160edd6"", ""city"": ""ribeirao preto"", ""state"": ""SP""}], ""order_status"": ""delivered"", ""customer_state"": ""RJ"", ""item_prices"": [22599]}"
7febb62dd1fd8962d1065fe5ffcacb01,4cd1a7f6c61d7ef23f654bcc8d6476f1,5692,1792,2017-11-07T17:22:00+00:00,open,olist,False,"{""seller_ids"": [""9616352088dcf83a7c06637f4ebf1c80""], ""seller_locations"": [{""seller_id"": ""9616352088dcf83a7c06637f4ebf1c80"", ""city"": ""umuarama"", ""state"": ""PR""}], ""order_status"": ""delivered"", ""customer_state"": ""RJ"", ""item_prices"": [3900]}"
f56ab71ae65c4d4e1d599b5cf1fe3112,5215a65efcc60e786eb268a4c01bcc6e,7585,1685,2017-11-07T17:27:59+00:00,open,olist,False,"{""seller_ids"": [""709e16e2b25c7474d980076c6bfc4806""], ""seller_locations"": [{""seller_id"": ""709e16e2b25c7474d980076c6bfc4806"", ""city"": ""birigui"", ""state"": ""SP""}], ""order_status"": ""delivered"", ""customer_state"": ""BA"", ""item_prices"": [5900]}"
3ab5bdee7463665002059afbc68144b3,439f0525481a44b09ae940effded2fd7,5237,1337,2017-11-07T17:30:39+00:00,open,olist,False,"{""seller_ids"": [""9616352088dcf83a7c06637f4ebf1c80""], ""seller_locations"": [{""seller_id"": ""9616352088dcf83a7c06637f4ebf1c80"", ""city"": ""umuarama"", ""state"": ""PR""}], ""order_status"": ""delivered"", ""customer_state"": ""SP"", ""item_prices"": [3900]}"
1b7ba6dcf0d91fbae34880a3645e4587,4a43ababa4b9ea24697b695514415527,10616,1626,2017-11-07T17:31:29+00:00,open,olist,False,"{""seller_ids"": [""4a3ca9315b744ce9f8e9374361493884""], ""seller_locations"": [{""seller_id"": ""4a3ca9315b744ce9f8e9374361493884"", ""city"": ""ibitinga"", ""state"": ""SP""}], ""order_status"": ""delivered"", ""customer_state"": ""SP"", ""item_prices"": [8990]}"
28fc0d248a5ef452303f981578647658,b5e4462426d75ffafaf0b1a6c912b257,9430,1530,2017-11-07T17:33:23+00:00,open,olist,False,"{""seller_ids"": [""522620dcb18a6b31cd7bdf73665113a9""], ""seller_locations"": [{""seller_id"": ""522620dcb18a6b31cd7bdf73665113a9"", ""city"": ""cascavel"", ""state"": ""PR""}], ""order_status"": ""delivered"", ""customer_state"": ""SC"", ""item_prices"": [7900]}"
cae7f688f0b9d0434704105de18ae326,dce74c1dd36580049757d8ba40aeb115,8776,1286,2017-11-07T17:46:23+00:00,open,olist,False,"{""seller_ids"": [""da8622b14eb17ae2831f4ac5b9dab84a""], ""seller_locations"": [{""seller_id"": ""da8622b14eb17ae2831f4ac5b9dab84a"", ""city"": ""piracicaba"", ""state"": ""SP""}], ""order_status"": ""delivered"", ""customer_state"": ""SP"", ""item_prices"": [7490]}"
3f31568dd41d3ddbffcf00a0f0179dc9,cc83350a9ee5b12f4df0a64860ef5d07,7279,2689,2017-11-07T17:47:14+00:00,open,olist,False,"{""seller_ids"": [""1c129092bf23f28a5930387c980c0dfc""], ""seller_locations"": [{""seller_id"": ""1c129092bf23f28a5930387c980c0dfc"", ""city"": ""sao paulo"", ""state"": ""SP""}], ""order_status"": ""delivered"", ""customer_state"": ""CE"", ""item_prices"": [4590]}"
985106d37edb11c738adc8e8b9fbed01,d2ebf7e1ac744c96ba6e3a80e466518f,10819,1820,2017-11-07T17:56:06+00:00,open,olist,False,"{""seller_ids"": [""2e1c9f22be269ef4643f826c9e650a52""], ""seller_locations"": [{""seller_id"": ""2e1c9f22be269ef4643f826c9e650a52"", ""city"": ""sao paulo"", ""state"": ""SP""}], ""order_status"": ""delivered"", ""customer_state"": ""BA"", ""item_prices"": [8999]}"
08906bb784f60b396fdf8fb1773c5e47,a7657330b1c135f3acd420326e335b2c,14490,2510,2017-11-07T18:03:01+00:00,open,olist,False,"{""seller_ids"": [""0ea22c1cfbdc755f86b9b54b39c16043""], ""seller_locations"": [{""seller_id"": ""0ea22c1cfbdc755f86b9b54b39c16043"", ""city"": ""sete lagoas"", ""state"": ""MG""}], ""order_status"": ""delivered"", ""customer_state"": ""MG"", ""item_prices"": [5990, 5990]}"
2ca41005a3320d2092abcc6b5456c8c6,81b72ea18e532f09927886cfb8966ef1,71933,2033,2017-11-07T18:05:08+00:00,open,olist,False,"{""seller_ids"": [""b7d5b4b87af9d42b601865d3f3810bff""], ""seller_locations"": [{""seller_id"": ""b7d5b4b87af9d42b601865d3f3810bff"", ""city"": ""florianopolis"", ""state"": ""SC""}], ""order_status"": ""processing"", ""customer_state"": ""RJ"", ""item_prices"": [69900]}"
056f1217c54403f6300ea6b50f6716d5,adb359c7a3a7d05971f87478bbafbe7f,7005,1274,2017-11-07T18:12:18+00:00,open,olist,False,"{""seller_ids"": [""dc4a0fc896dc34b0d5bfec8438291c80""], ""seller_locations"": [{""seller_id"": ""dc4a0fc896dc34b0d5bfec8438291c80"", ""city"": ""ibitinga"", ""state"": ""SP""}], ""order_status"": ""delivered"", ""customer_state"": ""SP"", ""item_prices"": [5731]}"
970035ae7179b5efe6ad5c087f1da768,42a2c164877a24a321720fe7bb31c1a1,6509,1510,2017-11-07T18:16:43+00:00,open,olist,False,"{""seller_ids"": [""d2374cbcbb3ca4ab1086534108cc3ab7""], ""seller_locations"": [{""seller_id"": ""d2374cbcbb3ca4ab1086534108cc3ab7"", ""city"": ""ibitinga"", ""state"": ""SP""}], ""order_status"": ""delivered"", ""customer_state"": ""RJ"", ""item_prices"": [4999]}"
e7c2a4bc576d34b0de11f0f0189184d8,703ad0f8e84588554b834ea24c894ea5,14738,2537,2017-11-07T18:27:14+00:00,open,olist,False,"{""seller_ids"": [""4a3ca9315b744ce9f8e9374361493884"", ""cca3071e3e9bb7d12640c9fbe2301306""], ""seller_locations"": [{""seller_id"": ""4a3ca9315b744ce9f8e9374361493884"", ""city"": ""ibitinga"", ""state"": ""SP""}, {""seller_id"": ""cca3071e3e9bb7d12640c9fbe2301306"", ""city"": ""ibitinga"", ""state"": ""SP""}], ""order_status"": ""delivered"", ""customer_state"": ""SP"", ""item_prices"": [6990, 5211]}"
2430ed6f30289e7500af6662d22f14c1,7747498b010895040e48fbeceabc0768,5439,1760,2017-11-07T18:29:08+00:00,open,olist,False,"{""seller_ids"": [""7aa4334be125fcdd2ba64b3180029f14""], ""seller_locations"": [{""seller_id"": ""7aa4334be125fcdd2ba64b3180029f14"", ""city"": ""laranjal paulista"", ""state"": ""SP""}], ""order_status"": ""delivered"", ""customer_state"": ""MG"", ""item_prices"": [3679]}"
d646d163f7d7fceab2954628f695a033,7430c8599914c7eabc07887a6edc1c6a,5505,1510,2017-11-07T18:39:46+00:00,open,olist,False,"{""seller_ids"": [""70a12e78e608ac31179aea7f8422044b""], ""seller_locations"": [{""seller_id"": ""70a12e78e608ac31179aea7f8422044b"", ""city"": ""jacarei"", ""state"": ""SP""}], ""order_status"": ""delivered"", ""customer_state"": ""DF"", ""item_prices"": [3995]}"
e7fed674bb29ac98193d392f363cfcf1,5ec923ab8b42bee304595138015f7a47,4209,1410,2017-11-07T18:47:25+00:00,open,olist,False,"{""seller_ids"": [""ea8482cd71df3c1969d7b9473ff13abc""], ""seller_locations"": [{""seller_id"": ""ea8482cd71df3c1969d7b9473ff13abc"", ""city"": ""sao paulo"", ""state"": ""SP""}], ""order_status"": ""delivered"", ""customer_state"": ""MG"", ""item_prices"": [2799]}"
8797dc96576f93204dc46d189f4a724b,8f04fef2dce91c11e36b75f180161620,15845,1855,2017-11-07T18:48:14+00:00,open,olist,False,"{""seller_ids"": [""87142160b41353c4e5fca2360caf6f92""], ""seller_locations"": [{""seller_id"": ""87142160b41353c4e5fca2360caf6f92"", ""city"": ""porto alegre"", ""state"": ""RS""}], ""order_status"": ""delivered"", ""customer_state"": ""MG"", ""item_prices"": [13990]}"
e3f50e1c357268aa977efcfc6043c79d,be272c0ec875163253ca0a577ff4848f,14520,2921,2017-11-07T19:10:51+00:00,open,olist,False,"{""seller_ids"": [""3b15288545f8928d3e65a8f949a28291""], ""seller_locations"": [{""seller_id"": ""3b15288545f8928d3e65a8f949a28291"", ""city"": ""ibitinga"", ""state"": ""SP""}], ""order_status"": ""delivered"", ""customer_state"": ""PE"", ""item_prices"": [11599]}"
8de424d1353fe39adcd2d41a7d222369,c515d225a46c74127e6f6cce939fead6,3678,778,2017-11-07T19:15:22+00:00,open,olist,False,"{""seller_ids"": [""6560211a19b47992c3666cc44a7e94c0""], ""seller_locations"": [{""seller_id"": ""6560211a19b47992c3666cc44a7e94c0"", ""city"": ""sao paulo"", ""state"": ""SP""}], ""order_status"": ""delivered"", ""customer_state"": ""SP"", ""item_prices"": [2900]}"
b65f0508b5b5fa22d363a4e5f2462553,8b4c199a342397dfa923eafbd568df83,6486,1187,2017-11-07T19:16:30+00:00,open,olist,False,"{""seller_ids"": [""602044f2c16190c2c6e45eb35c2e21cb""], ""seller_locations"": [{""seller_id"": ""602044f2c16190c2c6e45eb35c2e21cb"", ""city"": ""ibitinga"", ""state"": ""SP""}], ""order_status"": ""delivered"", ""customer_state"": ""SP"", ""item_prices"": [5299]}"
a066c85d1e1e9a456a370a161d07f4d7,8424f8f0fa1628643859fd076e1019a6,17382,2392,2017-11-07T19:27:04+00:00,open,olist,False,"{""seller_ids"": [""1a3df491d1c4f1589fc2b934ada68bf2""], ""seller_locations"": [{""seller_id"": ""1a3df491d1c4f1589fc2b934ada68bf2"", ""city"": ""joinville"", ""state"": ""SC""}], ""order_status"": ""delivered"", ""customer_state"": ""RJ"", ""item_prices"": [14990]}"
3b7ddbdc4ef4c59cee4047a5fc2e49fe,356da39c873d00bbc6a01feaaaea5726,17144,2154,2017-11-07T19:30:41+00:00,open,olist,False,"{""seller_ids"": [""1a3df491d1c4f1589fc2b934ada68bf2""], ""seller_locations"": [{""seller_id"": ""1a3df491d1c4f1589fc2b934ada68bf2"", ""city"": ""joinville"", ""state"": ""SC""}], ""order_status"": ""delivered"", ""customer_state"": ""SP"", ""item_prices"": [14990]}"
b4b9bb7dcd61983e42bcf0d13ab3f704,bb94f621137b2052f1c3683d9ef3e48e,6093,1503,2017-11-07T19:31:50+00:00,open,olist,False,"{""seller_ids"": [""5d0363b33554b373851fc1622e4d5f3c""], ""seller_locations"": [{""seller_id"": ""5d0363b33554b373851fc1622e4d5f3c"", ""city"": ""atibaia"", ""state"": ""SP""}], ""order_status"": ""delivered"", ""customer_state"": ""SP"", ""item_prices"": [4590]}"
02542d42d329f6514533eef3af91edf9,1b61b6490c6d609224d6e8bb4bc415a4,15852,1252,2017-11-07T19:32:45+00:00,open,olist,False,"{""seller_ids"": [""b33e7c55446eabf8fe1a42d037ac7d6d""], ""seller_locations"": [{""seller_id"": ""b33e7c55446eabf8fe1a42d037ac7d6d"", ""city"": ""pradopolis"", ""state"": ""SP""}], ""order_status"": ""delivered"", ""customer_state"": ""SP"", ""item_prices"": [14600]}"
1c020d85d867e13a69a2864fdd50e1f6,b548b867f81bcfa918b0dfd616317e4f,4085,1185,2017-11-07T19:32:53+00:00,open,olist,False,"{""seller_ids"": [""6560211a19b47992c3666cc44a7e94c0""], ""seller_locations"": [{""seller_id"": ""6560211a19b47992c3666cc44a7e94c0"", ""city"": ""sao paulo"", ""state"": ""SP""}], ""order_status"": ""delivered"", ""customer_state"": ""SP"", ""item_prices"": [2900]}"
48aaa0a6d934cf4a57020d72908f94cb,5ce76a5803a4c02f25d6c133d9be2266,2775,1185,2017-11-07T19:34:08+00:00,open,olist,False,"{""seller_ids"": [""d2374cbcbb3ca4ab1086534108cc3ab7""], ""seller_locations"": [{""seller_id"": ""d2374cbcbb3ca4ab1086534108cc3ab7"", ""city"": ""ibitinga"", ""state"": ""SP""}], ""order_status"": ""delivered"", ""customer_state"": ""SP"", ""item_prices"": [1590]}"
0cdbe13c72545beca47c7843784129b4,23e1e01cf6452c0b079b172465044559,7665,1766,2017-11-07T19:34:30+00:00,open,olist,False,"{""seller_ids"": [""cc419e0650a3c5ba77189a1882b7556a""], ""seller_locations"": [{""seller_id"": ""cc419e0650a3c5ba77189a1882b7556a"", ""city"": ""santo andre"", ""state"": ""SP""}], ""order_status"": ""delivered"", ""customer_state"": ""SC"", ""item_prices"": [5899]}"
a073cf1c562686644bf7be677ad35b3d,f56e9b265ee45f4184eed20e928bc55b,10616,1626,2017-11-07T19:38:03+00:00,open,olist,False,"{""seller_ids"": [""4a3ca9315b744ce9f8e9374361493884""], ""seller_locations"": [{""seller_id"": ""4a3ca9315b744ce9f8e9374361493884"", ""city"": ""ibitinga"", ""state"": ""SP""}], ""order_status"": ""delivered"", ""customer_state"": ""SP"", ""item_prices"": [8990]}"
5cc6d864fa9e1a90eaf5207737549ffc,9300ffeb6ecbaeb37ebdb2120a28e1aa,39624,9924,2017-11-07T19:49:52+00:00,open,olist,False,"{""seller_ids"": [""001cca7ae9ae17fb1caed9dfb1094831""], ""seller_locations"": [{""seller_id"": ""001cca7ae9ae17fb1caed9dfb1094831"", ""city"": ""cariacica"", ""state"": ""ES""}], ""order_status"": ""delivered"", ""customer_state"": ""RJ"", ""item_prices"": [9900, 9900, 9900]}"
1fda9a8d1632a5964c43fb8e64dbe3e3,40317a394c047692f51599811ba5234c,0,0,2017-11-07T19:54:22+00:00,cancelled,olist,False,"{""seller_ids"": [], ""seller_locations"": [], ""order_status"": ""unavailable"", ""customer_state"": ""SP"", ""item_prices"": []}"
fdb3f8e441b4613d2687df310f3dd318,fcf285146acb98f615135944b2471b35,9923,1423,2017-11-07T20:03:20+00:00,open,olist,False,"{""seller_ids"": [""f8d5c7085db9a4ad2b8c1ffbeb2798c8""], ""seller_locations"": [{""seller_id"": ""f8d5c7085db9a4ad2b8c1ffbeb2798c8"", ""city"": ""sao paulo"", ""state"": ""SP""}], ""order_status"": ""delivered"", ""customer_state"": ""MG"", ""item_prices"": [8500]}"
7f9e8cb77e9702ff5d15ca7dbca58cc4,041b7e4ea440a4636a6c77ca8397128c,9771,1781,2017-11-07T20:10:36+00:00,open,olist,False,"{""seller_ids"": [""8ff1a9df749e454105c55cda13e79143""], ""seller_locations"": [{""seller_id"": ""8ff1a9df749e454105c55cda13e79143"", ""city"": ""marilia"", ""state"": ""SP""}], ""order_status"": ""delivered"", ""customer_state"": ""RJ"", ""item_prices"": [7990]}"
44561b17e20e18c835ffb61863a20b58,a84f29c40d59b6527ca4c8ac8f8c87bc,5059,1760,2017-11-07T20:16:54+00:00,open,olist,False,"{""seller_ids"": [""1b8356dabde1d35e17cef975c3f82730""], ""seller_locations"": [{""seller_id"": ""1b8356dabde1d35e17cef975c3f82730"", ""city"": ""sao paulo"", ""state"": ""SP""}], ""order_status"": ""delivered"", ""customer_state"": ""MG"", ""item_prices"": [3299]}"
5d0ff76eec63f638ec17684c350fd3f2,aaa346447b09efdc442a08b80e86d77a,10220,2820,2017-11-07T20:21:26+00:00,open,olist,False,"{""seller_ids"": [""6560211a19b47992c3666cc44a7e94c0""], ""seller_locations"": [{""seller_id"": ""6560211a19b47992c3666cc44a7e94c0"", ""city"": ""sao paulo"", ""state"": ""SP""}], ""order_status"": ""delivered"", ""customer_state"": ""MG"", ""item_prices"": [3500, 3900]}"
0b8223a2d582ee50740baba714b65256,68bda3e3fdb706aa1bea19deffba043a,38613,4623,2017-11-07T20:23:18+00:00,open,olist,False,"{""seller_ids"": [""e8b3a3a38279a82f0e5d006d5e5b7d2c""], ""seller_locations"": [{""seller_id"": ""e8b3a3a38279a82f0e5d006d5e5b7d2c"", ""city"": ""jussara"", ""state"": ""PR""}], ""order_status"": ""delivered"", ""customer_state"": ""RN"", ""item_prices"": [33990]}"
14a827496bbb61022f55a1c4ca62ac60,2ccfac3d2d47192d87f701dad23f82af,93749,2284,2017-11-07T20:24:40+00:00,open,olist,False,"{""seller_ids"": [""edb1ef5e36e0c8cd84eb3c9b003e486d""], ""seller_locations"": [{""seller_id"": ""edb1ef5e36e0c8cd84eb3c9b003e486d"", ""city"": ""teresopolis"", ""state"": ""RJ""}], ""order_status"": ""delivered"", ""customer_state"": ""RS"", ""item_prices"": [91465]}"
5b4e981913377d776f83cb4ffd82ad31,05c53729b47c59ee7131cf59a3ea0de1,4175,1185,2017-11-07T20:42:40+00:00,open,olist,False,"{""seller_ids"": [""7aa4334be125fcdd2ba64b3180029f14""], ""seller_locations"": [{""seller_id"": ""7aa4334be125fcdd2ba64b3180029f14"", ""city"": ""laranjal paulista"", ""state"": ""SP""}], ""order_status"": ""delivered"", ""customer_state"": ""SP"", ""item_prices"": [2990]}"
bebd5d5cd84828e1958bb698ebb58665,bf1756899b17c6f3771bf2436f86819b,7306,1616,2017-11-07T20:43:45+00:00,open,olist,False,"{""seller_ids"": [""6edacfd9f9074789dad6d62ba7950b9c""], ""seller_locations"": [{""seller_id"": ""6edacfd9f9074789dad6d62ba7950b9c"", ""city"": ""guarulhos"", ""state"": ""SP""}], ""order_status"": ""delivered"", ""customer_state"": ""SC"", ""item_prices"": [5690]}"
61fd474f23e735d729ba931e1c63b25d,2c8360a0e6e2b719c070ff3a84179dc6,8892,1972,2017-11-07T20:44:38+00:00,open,olist,False,"{""seller_ids"": [""972d0f9cf61b499a4812cf0bfa3ad3c4""], ""seller_locations"": [{""seller_id"": ""972d0f9cf61b499a4812cf0bfa3ad3c4"", ""city"": ""brusque"", ""state"": ""SC""}], ""order_status"": ""delivered"", ""customer_state"": ""MG"", ""item_prices"": [6920]}"
1bdc66f51db19484352427af89377129,372fd0b0c5639c2ee48401110b6918f8,11636,1646,2017-11-07T20:46:04+00:00,open,olist,False,"{""seller_ids"": [""620c87c171fb2a6dd6e8bb4dec959fc6""], ""seller_locations"": [{""seller_id"": ""620c87c171fb2a6dd6e8bb4dec959fc6"", ""city"": ""petropolis"", ""state"": ""RJ""}], ""order_status"": ""delivered"", ""customer_state"": ""SP"", ""item_prices"": [9990]}"
b3c0d30328473d54c9e53a0e9aa04aca,49f6a7f15c818ee1638d4cfbb7cdc675,7981,1991,2017-11-07T20:49:32+00:00,open,olist,False,"{""seller_ids"": [""259f7b5e6e482c230e5bfaa670b6bb8f""], ""seller_locations"": [{""seller_id"": ""259f7b5e6e482c230e5bfaa670b6bb8f"", ""city"": ""poa"", ""state"": ""SP""}], ""order_status"": ""delivered"", ""customer_state"": ""MG"", ""item_prices"": [5990]}"
605690e3394de4516b0c3646e06a9599,b1cf8d49a04154f58aa89edd28a8bca2,7122,1173,2017-11-07T21:02:17+00:00,open,olist,False,"{""seller_ids"": [""2e1c9f22be269ef4643f826c9e650a52""], ""seller_locations"": [{""seller_id"": ""2e1c9f22be269ef4643f826c9e650a52"", ""city"": ""sao paulo"", ""state"": ""SP""}], ""order_status"": ""delivered"", ""customer_state"": ""SP"", ""item_prices"": [5949]}"
cccd9de9d481ae418dd03dde0ca78106,9d74adedec2d8b3f568c85f97e0563c5,28727,3737,2017-11-07T21:02:20+00:00,open,olist,False,"{""seller_ids"": [""dc317f341ab0e22f39acbd9dbf9b4a1f""], ""seller_locations"": [{""seller_id"": ""dc317f341ab0e22f39acbd9dbf9b4a1f"", ""city"": ""cachoeirinha"", ""state"": ""RS""}], ""order_status"": ""delivered"", ""customer_state"": ""RS"", ""item_prices"": [24990]}"
6c12026576c43985a49fc784c5e62b6b,d2438db391aee59bac16f4a9d3825b9d,4774,934,2017-11-07T21:05:18+00:00,open,olist,False,"{""seller_ids"": [""1025f0e2d44d7041d6cf58b6550e0bfa""], ""seller_locations"": [{""seller_id"": ""1025f0e2d44d7041d6cf58b6550e0bfa"", ""city"": ""sao paulo"", ""state"": ""SP""}], ""order_status"": ""delivered"", ""customer_state"": ""SP"", ""item_prices"": [3840]}"
2852b90d074ef46f6bf2f700a06ae7e6,23007cd60dbe169d8bcd7be94cc6f123,16546,3546,2017-11-07T21:05:46+00:00,open,olist,False,"{""seller_ids"": [""c9c7905cffc4ef9ff9f113554423e671""], ""seller_locations"": [{""seller_id"": ""c9c7905cffc4ef9ff9f113554423e671"", ""city"": ""itapecerica da serra"", ""state"": ""SP""}], ""order_status"": ""delivered"", ""customer_state"": ""PE"", ""item_prices"": [6500, 6500]}"
015dd4d6681d1d15c0afebef64a0a092,1b49bd8407444b8155fc943866a0e645,12187,1197,2017-11-07T21:29:02+00:00,open,olist,False,"{""seller_ids"": [""c6bda72e4dbf5c5866b13cb1810c6d03""], ""seller_locations"": [{""seller_id"": ""c6bda72e4dbf5c5866b13cb1810c6d03"", ""city"": ""sao paulo"", ""state"": ""SP""}], ""order_status"": ""delivered"", ""customer_state"": ""SP"", ""item_prices"": [10990]}"
2b87dec1483dfd58405fccd2a14321e7,83cdc330e60ce1e1d06b76e1b4e91822,17432,2852,2017-11-07T21:29:02+00:00,open,olist,False,"{""seller_ids"": [""8ca5b19e0263150d2c57afdde2b3d011""], ""seller_locations"": [{""seller_id"": ""8ca5b19e0263150d2c57afdde2b3d011"", ""city"": ""maua"", ""state"": ""SP""}], ""order_status"": ""delivered"", ""customer_state"": ""RJ"", ""item_prices"": [7290, 7290]}"
bcca8157ee4f7b0cd2e0505b01764144,b6f09a3b6557417c9175e038a17e6bca,16752,1762,2017-11-07T21:31:13+00:00,open,olist,False,"{""seller_ids"": [""1b1ae47a313a825a7ccceb8e2e30fa9d""], ""seller_locations"": [{""seller_id"": ""1b1ae47a313a825a7ccceb8e2e30fa9d"", ""city"": ""bocaiuva do sul"", ""state"": ""PR""}], ""order_status"": ""delivered"", ""customer_state"": ""RJ"", ""item_prices"": [14990]}"
a1febcd7f2bb8c5d385172a4fb4c7abe,a49e0376009f52b244fc67052627ad6f,13015,2125,2017-11-07T21:34:38+00:00,open,olist,False,"{""seller_ids"": [""527801b552d0077ffd170872eb49683b""], ""seller_locations"": [{""seller_id"": ""527801b552d0077ffd170872eb49683b"", ""city"": ""garca"", ""state"": ""SP""}], ""order_status"": ""delivered"", ""customer_state"": ""SC"", ""item_prices"": [10890]}"
0c7c1a76995d6e6abffab973788b1992,16558848a53e314a1cf4dab75bc5c0e0,16751,2052,2017-11-07T21:37:19+00:00,open,olist,False,"{""seller_ids"": [""7ddcbb64b5bc1ef36ca8c151f6ec77df""], ""seller_locations"": [{""seller_id"": ""7ddcbb64b5bc1ef36ca8c151f6ec77df"", ""city"": ""sao paulo"", ""state"": ""SP""}], ""order_status"": ""delivered"", ""customer_state"": ""RJ"", ""item_prices"": [14699]}"
8c344483ffcca752c510429c0923b85b,782abc6e6455e4956e840d789d721505,7894,1404,2017-11-07T21:39:50+00:00,open,olist,False,"{""seller_ids"": [""822166ed1e47908f7cfb49946d03c726""], ""seller_locations"": [{""seller_id"": ""822166ed1e47908f7cfb49946d03c726"", ""city"": ""tres rios"", ""state"": ""RJ""}], ""order_status"": ""delivered"", ""customer_state"": ""RJ"", ""item_prices"": [6490]}"
21533e635256523fb56f1ce0d97439b9,24e41e128621c84e494ed29699cacf7a,19857,4957,2017-11-07T21:45:08+00:00,open,olist,False,"{""seller_ids"": [""d94a40fd42351c259927028d163af842""], ""seller_locations"": [{""seller_id"": ""d94a40fd42351c259927028d163af842"", ""city"": ""baependi"", ""state"": ""MG""}], ""order_status"": ""shipped"", ""customer_state"": ""RJ"", ""item_prices"": [14900]}"
a81be81673bee4a384c6b5468a606478,eaa604ab9f816252edb7a8d297f932e5,71107,2207,2017-11-07T21:46:04+00:00,open,olist,False,"{""seller_ids"": [""4869f7a5dfa277a7dca6462dcf3b52b2""], ""seller_locations"": [{""seller_id"": ""4869f7a5dfa277a7dca6462dcf3b52b2"", ""city"": ""guariba"", ""state"": ""SP""}], ""order_status"": ""delivered"", ""customer_state"": ""MG"", ""item_prices"": [68900]}"
f45d992f8c9a6be367fa7fa47feb268d,15bf4295fc50b9e09b674a2dbbdade10,11893,1993,2017-11-07T21:50:08+00:00,open,olist,False,"{""seller_ids"": [""3d871de0142ce09b7081e2b9d1733cb1""], ""seller_locations"": [{""seller_id"": ""3d871de0142ce09b7081e2b9d1733cb1"", ""city"": ""campo limpo paulista"", ""state"": ""SP""}], ""order_status"": ""delivered"", ""customer_state"": ""BA"", ""item_prices"": [9900]}"
cad74364289ac320e036ecf2a457c562,1c7654b568e0413ca7b8f7a891d7b26b,7316,1416,2017-11-07T21:57:26+00:00,open,olist,False,"{""seller_ids"": [""6560211a19b47992c3666cc44a7e94c0""], ""seller_locations"": [{""seller_id"": ""6560211a19b47992c3666cc44a7e94c0"", ""city"": ""sao paulo"", ""state"": ""SP""}], ""order_status"": ""delivered"", ""customer_state"": ""RJ"", ""item_prices"": [5900]}"
2a528a8e3b4bcf1428e674b085ea5f65,77bd7829971086faea89789d03b62381,4358,1337,2017-11-07T21:58:38+00:00,open,olist,False,"{""seller_ids"": [""897060da8b9a21f655304d50fd935913""], ""seller_locations"": [{""seller_id"": ""897060da8b9a21f655304d50fd935913"", ""city"": ""ribeirao preto"", ""state"": ""SP""}], ""order_status"": ""delivered"", ""customer_state"": ""SP"", ""item_prices"": [3021]}"
d0e63077f6007e4a398345cfb93225ac,062b959255257c8f1b651a4cae989853,16280,4981,2017-11-07T22:02:05+00:00,open,olist,False,"{""seller_ids"": [""7c67e1448b00f6e969d365cea6b010ab""], ""seller_locations"": [{""seller_id"": ""7c67e1448b00f6e969d365cea6b010ab"", ""city"": ""itaquaquecetuba"", ""state"": ""SP""}], ""order_status"": ""delivered"", ""customer_state"": ""CE"", ""item_prices"": [11299]}"
d3832688c496edd26aec8c5cc6672a99,0e799bcae76615a1165569292cdff152,53436,5536,2017-11-07T22:12:52+00:00,open,olist,False,"{""seller_ids"": [""8b87cd0d43d49b9bdf40f56229364d59""], ""seller_locations"": [{""seller_id"": ""8b87cd0d43d49b9bdf40f56229364d59"", ""city"": ""sao paulo"", ""state"": ""SP""}], ""order_status"": ""delivered"", ""customer_state"": ""DF"", ""item_prices"": [47900]}"
6c9c946ae6eb5b5c312bf3b325f4e25c,48f99b5bd841cdb9abead13c4afe606b,16225,1726,2017-11-07T22:13:33+00:00,open,olist,False,"{""seller_ids"": [""7a67c85e85bb2ce8582c35f2203ad736""], ""seller_locations"": [{""seller_id"": ""7a67c85e85bb2ce8582c35f2203ad736"", ""city"": ""sao paulo"", ""state"": ""SP""}], ""order_status"": ""delivered"", ""customer_state"": ""RJ"", ""item_prices"": [14499]}"
4314bc5f821b1dec819c7ac9634e78ce,f159157758cbe290f9f762321ba673e4,3368,2370,2017-11-07T22:17:13+00:00,open,olist,False,"{""seller_ids"": [""11bfa66332777660bd0640ee84d47006""], ""seller_locations"": [{""seller_id"": ""11bfa66332777660bd0640ee84d47006"", ""city"": ""ribeirao preto"", ""state"": ""SP""}], ""order_status"": ""delivered"", ""customer_state"": ""SP"", ""item_prices"": [499, 499]}"
bb9ba5f4ae44424a81aa5d9e8d322835,4433023fc43af2bfd124a3bd6fb49415,7789,1799,2017-11-07T22:25:49+00:00,open,olist,False,"{""seller_ids"": [""5a8e7d5003a1f221f9e1d6e411de7c23""], ""seller_locations"": [{""seller_id"": ""5a8e7d5003a1f221f9e1d6e411de7c23"", ""city"": ""campinas"", ""state"": ""SP""}], ""order_status"": ""delivered"", ""customer_state"": ""BA"", ""item_prices"": [5990]}"
e22116e42381e36f0af20afcdba45065,137eda969c36e48d5208abeebb7f85d6,18594,1694,2017-11-07T22:26:03+00:00,open,olist,False,"{""seller_ids"": [""de23c3b98a88888289c6f5cc1209054a""], ""seller_locations"": [{""seller_id"": ""de23c3b98a88888289c6f5cc1209054a"", ""city"": ""sao paulo"", ""state"": ""SP""}], ""order_status"": ""delivered"", ""customer_state"": ""GO"", ""item_prices"": [16900]}"
196bcd18b3770c231567c0f27b0b16fb,726a6433feab4f321c62cd704e451ca3,15126,2346,2017-11-07T22:28:02+00:00,open,olist,False,"{""seller_ids"": [""2e1a7d075abe038c1b2743005fe42ff1""], ""seller_locations"": [{""seller_id"": ""2e1a7d075abe038c1b2743005fe42ff1"", ""city"": ""sao paulo"", ""state"": ""SP""}], ""order_status"": ""delivered"", ""customer_state"": ""SP"", ""item_prices"": [6390, 6390]}"
d759e07b69f482e6ce8efea035901b4d,c7bf5ccd0c2c42356759ca900d9e009d,4309,1510,2017-11-07T22:30:58+00:00,open,olist,False,"{""seller_ids"": [""ea8482cd71df3c1969d7b9473ff13abc""], ""seller_locations"": [{""seller_id"": ""ea8482cd71df3c1969d7b9473ff13abc"", ""city"": ""sao paulo"", ""state"": ""SP""}], ""order_status"": ""delivered"", ""customer_state"": ""MG"", ""item_prices"": [2799]}"
3d531c28fb36a432495acd5a1dcf253f,910a614047903f364bf27a1c90d8412d,31780,1880,2017-11-07T22:34:23+00:00,open,olist,False,"{""seller_ids"": [""2528513dd95219a6013d4d05176e391a""], ""seller_locations"": [{""seller_id"": ""2528513dd95219a6013d4d05176e391a"", ""city"": ""osasco"", ""state"": ""SP""}], ""order_status"": ""delivered"", ""customer_state"": ""SP"", ""item_prices"": [29900]}"
67f2c83aa137c06c89e1dc2a057d0140,97105788859fa6c28dc251030970e14a,16024,1824,2017-11-07T22:34:43+00:00,open,olist,False,"{""seller_ids"": [""0cbcee27c791afa0cdcb08587a2013a8""], ""seller_locations"": [{""seller_id"": ""0cbcee27c791afa0cdcb08587a2013a8"", ""city"": ""tres coracoes"", ""state"": ""MG""}], ""order_status"": ""delivered"", ""customer_state"": ""RJ"", ""item_prices"": [14200]}"
af4406338c93f1ae4eb1ce820f3506bc,afda5cfb8f4c578a54efbef23e45c621,7334,1344,2017-11-07T22:35:39+00:00,open,olist,False,"{""seller_ids"": [""1f50f920176fa81dab994f9023523100""], ""seller_locations"": [{""seller_id"": ""1f50f920176fa81dab994f9023523100"", ""city"": ""sao jose do rio preto"", ""state"": ""SP""}], ""order_status"": ""delivered"", ""customer_state"": ""SP"", ""item_prices"": [5990]}"
cf196f76ab79db89d7a714a242256df1,12b62a8d3c4911b9a80b935037842fc0,11119,1219,2017-11-07T22:51:11+00:00,open,olist,False,"{""seller_ids"": [""bd1d49a326abfa9b1036772e40445430""], ""seller_locations"": [{""seller_id"": ""bd1d49a326abfa9b1036772e40445430"", ""city"": ""bauru"", ""state"": ""SP""}], ""order_status"": ""delivered"", ""customer_state"": ""SP"", ""item_prices"": [9900]}"
dede3c730917196be4447afe5e985528,12b62a8d3c4911b9a80b935037842fc0,9943,944,2017-11-07T22:51:12+00:00,open,olist,False,"{""seller_ids"": [""cc419e0650a3c5ba77189a1882b7556a""], ""seller_locations"": [{""seller_id"": ""cc419e0650a3c5ba77189a1882b7556a"", ""city"": ""santo andre"", ""state"": ""SP""}], ""order_status"": ""delivered"", ""customer_state"": ""SP"", ""item_prices"": [8999]}"
bf98c50762b9fc7e06742bcd424e1e9f,2cce8eab47ad8d99eca3ad6e24171860,3910,1410,2017-11-07T22:51:30+00:00,open,olist,False,"{""seller_ids"": [""95e03ca3d4146e4011985981aeb959b9""], ""seller_locations"": [{""seller_id"": ""95e03ca3d4146e4011985981aeb959b9"", ""city"": ""rio de janeiro"", ""state"": ""RJ""}], ""order_status"": ""delivered"", ""customer_state"": ""SP"", ""item_prices"": [2500]}"
96a54272b41b5689f72e71e52cd9d3f6,788021712368c17849962e2139ddd07a,26324,10325,2017-11-07T22:54:11+00:00,open,olist,False,"{""seller_ids"": [""ad781527c93d00d89a11eecd9dcad7c1""], ""seller_locations"": [{""seller_id"": ""ad781527c93d00d89a11eecd9dcad7c1"", ""city"": ""sao jose do rio preto"", ""state"": ""SP""}], ""order_status"": ""delivered"", ""customer_state"": ""SE"", ""item_prices"": [15999]}"
5528a3c9850e07ac5eeea39f275d6c5e,455021c1d511b64eab0b98e017b258d0,30447,4707,2017-11-07T22:55:01+00:00,open,olist,False,"{""seller_ids"": [""1835b56ce799e6a4dc4eddc053f04066"", ""8160255418d5aaa7dbdc9f4c64ebda44""], ""seller_locations"": [{""seller_id"": ""1835b56ce799e6a4dc4eddc053f04066"", ""city"": ""ibitinga"", ""state"": ""SP""}, {""seller_id"": ""8160255418d5aaa7dbdc9f4c64ebda44"", ""city"": ""ibitinga"", ""state"": ""SP""}], ""order_status"": ""delivered"", ""customer_state"": ""RJ"", ""item_prices"": [10390, 7650, 7700]}"
5c468b18e44fe58da9d5584b05fd988f,29d208881a7c8202ddd852afaefbb076,3409,1410,2017-11-07T23:05:11+00:00,open,olist,False,"{""seller_ids"": [""7d76b645482be4a332374e8223836592""], ""seller_locations"": [{""seller_id"": ""7d76b645482be4a332374e8223836592"", ""city"": ""sao paulo"", ""state"": ""SP""}], ""order_status"": ""delivered"", ""customer_state"": ""RJ"", ""item_prices"": [1999]}"
a59a8fa1ef4546339d5f68967925864e,4c3c7010e7eaa9565e6ea8fdd9dd0b43,7299,1344,2017-11-07T23:18:59+00:00,open,olist,False,"{""seller_ids"": [""391fc6631aebcf3004804e51b40bcf1e""], ""seller_locations"": [{""seller_id"": ""391fc6631aebcf3004804e51b40bcf1e"", ""city"": ""ibitinga"", ""state"": ""SP""}], ""order_status"": ""delivered"", ""customer_state"": ""SP"", ""item_prices"": [5955]}"
343d0d5dcda28198afc688aaa821762f,c916dfd7068079fd4e53152e277efb77,2798,1510,2017-11-07T23:35:30+00:00,open,olist,False,"{""seller_ids"": [""36a968b544695394e4e9d7572688598f""], ""seller_locations"": [{""seller_id"": ""36a968b544695394e4e9d7572688598f"", ""city"": ""santos"", ""state"": ""SP""}], ""order_status"": ""delivered"", ""customer_state"": ""RS"", ""item_prices"": [1288]}"
5939f36dbe12649adeba478ae3c7e636,966a06d7b193003998f1e41f525d4c83,5966,2267,2017-11-07T23:39:52+00:00,open,olist,False,"{""seller_ids"": [""5058e8c1e82653974541e83690655b4a""], ""seller_locations"": [{""seller_id"": ""5058e8c1e82653974541e83690655b4a"", ""city"": ""itaquaquecetuba"", ""state"": ""SP""}], ""order_status"": ""delivered"", ""customer_state"": ""RJ"", ""item_prices"": [3699]}"
33a23937c4d7393206aee57ca5ac8cc2,3dad6f1fca54de94395a782bca37f8cb,6175,1185,2017-11-07T23:46:02+00:00,open,olist,False,"{""seller_ids"": [""fa40cc5b934574b62717c68f3d678b6d""], ""seller_locations"": [{""seller_id"": ""fa40cc5b934574b62717c68f3d678b6d"", ""city"": ""sao paulo"", ""state"": ""SP""}], ""order_status"": ""delivered"", ""customer_state"": ""SP"", ""item_prices"": [4990]}"
d59bf28088b4ceff7d0e220da6941714,47d4d8ee1308ca5b3bbe0b031592b5ed,35919,3303,2017-11-07T23:46:32+00:00,open,olist,False,"{""seller_ids"": [""900ba814c251a692506d7834c1218441""], ""seller_locations"": [{""seller_id"": ""900ba814c251a692506d7834c1218441"", ""city"": ""salto"", ""state"": ""SP""}], ""order_status"": ""delivered"", ""customer_state"": ""RJ"", ""item_prices"": [32616]}"
33385120d1dbb98e6fafeeb955d5b28c,f87567b082c73dd2c953001b14ddd739,42216,6226,2017-11-08T00:04:42+00:00,open,olist,False,"{""seller_ids"": [""729f06993dac8e860d4f02d7088ca48a""], ""seller_locations"": [{""seller_id"": ""729f06993dac8e860d4f02d7088ca48a"", ""city"": ""limeira"", ""state"": ""SP""}], ""order_status"": ""delivered"", ""customer_state"": ""SP"", ""item_prices"": [35990]}"
ee6c0c64fe661230879a8491ce7dac76,f96e912268b0e5fc5f81bf5670bbb766,2093,794,2017-11-08T00:11:54+00:00,cancelled,olist,False,"{""seller_ids"": [""9f56a7a649097b166d8ed286ad86a15c""], ""seller_locations"": [{""seller_id"": ""9f56a7a649097b166d8ed286ad86a15c"", ""city"": ""rio de janeiro"", ""state"": ""RJ""}], ""order_status"": ""canceled"", ""customer_state"": ""RJ"", ""item_prices"": [1299]}"
d2dee958cbda7c87cbc097cf2f5f6c1e,247e0dcd20596bee51bd2b07f633fa04,9787,3797,2017-11-08T00:35:46+00:00,open,olist,False,"{""seller_ids"": [""1f50f920176fa81dab994f9023523100""], ""seller_locations"": [{""seller_id"": ""1f50f920176fa81dab994f9023523100"", ""city"": ""sao jose do rio preto"", ""state"": ""SP""}], ""order_status"": ""delivered"", ""customer_state"": ""PI"", ""item_prices"": [5990]}"
02f886b28af7079755677a544bc54fda,eba485f19136a2796edc73bc0dd274e7,12414,5424,2017-11-08T00:38:50+00:00,open,olist,False,"{""seller_ids"": [""cfb1a033743668a192316f3c6d1d2671""], ""seller_locations"": [{""seller_id"": ""cfb1a033743668a192316f3c6d1d2671"", ""city"": ""votorantim"", ""state"": ""SP""}], ""order_status"": ""delivered"", ""customer_state"": ""SP"", ""item_prices"": [6990]}"
3f2319ebb0d43c639d1f768216d5edf7,ab8a9a2a6edc9fd52fe401722df80bee,12109,2119,2017-11-08T00:46:50+00:00,open,olist,False,"{""seller_ids"": [""4a3ca9315b744ce9f8e9374361493884""], ""seller_locations"": [{""seller_id"": ""4a3ca9315b744ce9f8e9374361493884"", ""city"": ""ibitinga"", ""state"": ""SP""}], ""order_status"": ""delivered"", ""customer_state"": ""RS"", ""item_prices"": [9990]}"
10a3f7e9bf88b7dc86a767fd278e5bd2,3774dcd9e065eca1bcade398633938f6,7608,1618,2017-11-08T01:29:00+00:00,open,olist,False,"{""seller_ids"": [""b2ba3715d723d245138f291a6fe42594""], ""seller_locations"": [{""seller_id"": ""b2ba3715d723d245138f291a6fe42594"", ""city"": ""sao paulo"", ""state"": ""SP""}], ""order_status"": ""delivered"", ""customer_state"": ""MG"", ""item_prices"": [5990]}"
bb9bdfcd9397da3c8481ef70b92df0c0,2a34af7c4b1b83d78b14cf6b9c32c3b9,8434,934,2017-11-08T02:07:46+00:00,open,olist,False,"{""seller_ids"": [""5160d23075764e18e07c1f4a87fad743""], ""seller_locations"": [{""seller_id"": ""5160d23075764e18e07c1f4a87fad743"", ""city"": ""sao bernardo do campo"", ""state"": ""SP""}], ""order_status"": ""delivered"", ""customer_state"": ""SP"", ""item_prices"": [7500]}"
2743e4444be8f3c17243ff49bcba405b,16d9c38e02ee1242cf1d9080e453fe9d,6259,1269,2017-11-08T06:16:09+00:00,open,olist,False,"{""seller_ids"": [""3df020b72d3d44b3af9d110fa3940b65""], ""seller_locations"": [{""seller_id"": ""3df020b72d3d44b3af9d110fa3940b65"", ""city"": ""jales"", ""state"": ""SP""}], ""order_status"": ""delivered"", ""customer_state"": ""SP"", ""item_prices"": [4990]}"
4bd414d670e7316c206f41610dde50e3,c45794a47dc0b5553f1c341a23ebef14,7004,1614,2017-11-08T07:29:07+00:00,open,olist,False,"{""seller_ids"": [""6601ee6383e7f452be71929f8de48bbb""], ""seller_locations"": [{""seller_id"": ""6601ee6383e7f452be71929f8de48bbb"", ""city"": ""ribeirao pretp"", ""state"": ""SP""}], ""order_status"": ""delivered"", ""customer_state"": ""GO"", ""item_prices"": [5390]}"
50490daf5089179998f3667fa6cb49a5,ffc3ea5436ad9c11ee9abdd56b85509f,5063,934,2017-11-08T07:43:11+00:00,open,olist,False,"{""seller_ids"": [""9674754b5a0cb32b638cec001178f799""], ""seller_locations"": [{""seller_id"": ""9674754b5a0cb32b638cec001178f799"", ""city"": ""sao paulo"", ""state"": ""SP""}], ""order_status"": ""delivered"", ""customer_state"": ""SP"", ""item_prices"": [4129]}"
fa94f0487376b26326f5fa63d24c9a8b,08c97ce050742ee9d22eb9cf0da5c244,3916,1679,2017-11-08T07:52:53+00:00,open,olist,False,"{""seller_ids"": [""184a67a8f9f63234d3a92340bbdb727f""], ""seller_locations"": [{""seller_id"": ""184a67a8f9f63234d3a92340bbdb727f"", ""city"": ""joinville"", ""state"": ""SC""}], ""order_status"": ""delivered"", ""customer_state"": ""MG"", ""item_prices"": [2237]}"
ce4fc11eef7cb0c2cbcaf63598e3bc29,5eb93b10719af7367a4871cce3820be6,6490,1510,2017-11-08T08:12:01+00:00,open,olist,False,"{""seller_ids"": [""d4e12e7884759a14fa0f5f896c791cae""], ""seller_locations"": [{""seller_id"": ""d4e12e7884759a14fa0f5f896c791cae"", ""city"": ""sao paulo"", ""state"": ""SP""}], ""order_status"": ""delivered"", ""customer_state"": ""RS"", ""item_prices"": [4980]}"
b91df8a50223b91c469a891832f929c8,789bb47c3a17d63fc51a9ba8cc5f6110,7847,1347,2017-11-08T08:13:05+00:00,open,olist,False,"{""seller_ids"": [""a3e9a2c700480d9bb01fba070ba80a0e""], ""seller_locations"": [{""seller_id"": ""a3e9a2c700480d9bb01fba070ba80a0e"", ""city"": ""ibitinga"", ""state"": ""SP""}], ""order_status"": ""delivered"", ""customer_state"": ""SP"", ""item_prices"": [6500]}"
2c6317c88d6837efdfecf7cb190c0cd9,05c5923ea867b6d88fd8214a494de641,2575,1185,2017-11-08T08:26:59+00:00,open,olist,False,"{""seller_ids"": [""3771c85bac139d2344864ede5d9341e3""], ""seller_locations"": [{""seller_id"": ""3771c85bac139d2344864ede5d9341e3"", ""city"": ""sorocaba"", ""state"": ""SP""}], ""order_status"": ""delivered"", ""customer_state"": ""SP"", ""item_prices"": [1390]}"
a6b961bbc6456602f652d926ee9ccd0a,697ec8baca2a81f1ebee54b59b1e8ec9,9419,1429,2017-11-08T08:27:31+00:00,open,olist,False,"{""seller_ids"": [""a5cba26a62b8b4d0145b68b841e62e7f""], ""seller_locations"": [{""seller_id"": ""a5cba26a62b8b4d0145b68b841e62e7f"", ""city"": ""campo mourao"", ""state"": ""PR""}], ""order_status"": ""delivered"", ""customer_state"": ""PR"", ""item_prices"": [7990]}"
242580697feaa388d1043faa3755cdfd,d38553a9c8d30efc45e02381e606740f,106941,7041,2017-11-08T08:45:26+00:00,open,olist,False,"{""seller_ids"": [""165fc07beebdcb6190fba8a06db2a449""], ""seller_locations"": [{""seller_id"": ""165fc07beebdcb6190fba8a06db2a449"", ""city"": ""maringa"", ""state"": ""PR""}], ""order_status"": ""delivered"", ""customer_state"": ""ES"", ""item_prices"": [99900]}"
541a54e2a8381eb2797b40e7b1b255f0,f3f9ad393795500a09d55345662b18d5,5777,778,2017-11-08T08:46:40+00:00,open,olist,False,"{""seller_ids"": [""6560211a19b47992c3666cc44a7e94c0""], ""seller_locations"": [{""seller_id"": ""6560211a19b47992c3666cc44a7e94c0"", ""city"": ""sao paulo"", ""state"": ""SP""}], ""order_status"": ""delivered"", ""customer_state"": ""SP"", ""item_prices"": [4999]}"
049ad2bf8710b108e943f5074aed4939,b97b00bc9fb5b996fb0c7b338d064025,6798,1308,2017-11-08T09:03:18+00:00,open,olist,False,"{""seller_ids"": [""259f7b5e6e482c230e5bfaa670b6bb8f""], ""seller_locations"": [{""seller_id"": ""259f7b5e6e482c230e5bfaa670b6bb8f"", ""city"": ""poa"", ""state"": ""SP""}], ""order_status"": ""delivered"", ""customer_state"": ""SP"", ""item_prices"": [5490]}"
2044501bdcafe207535528038a6089fe,7aa78b3177f36d854c640ef8bf5902bc,9430,1530,2017-11-08T09:03:48+00:00,open,olist,False,"{""seller_ids"": [""522620dcb18a6b31cd7bdf73665113a9""], ""seller_locations"": [{""seller_id"": ""522620dcb18a6b31cd7bdf73665113a9"", ""city"": ""cascavel"", ""state"": ""PR""}], ""order_status"": ""delivered"", ""customer_state"": ""SP"", ""item_prices"": [7900]}"
6f91268a084c516d7ad2ede51294e10e,cba553e350b48014728df259abdaf0d4,9583,3593,2017-11-08T09:36:19+00:00,open,olist,False,"{""seller_ids"": [""1f50f920176fa81dab994f9023523100""], ""seller_locations"": [{""seller_id"": ""1f50f920176fa81dab994f9023523100"", ""city"": ""sao jose do rio preto"", ""state"": ""SP""}], ""order_status"": ""delivered"", ""customer_state"": ""SP"", ""item_prices"": [5990]}"
415171a59b0a29988351b6d7652d993a,e06f90c2401f2cee50f73a0ac5bc8741,4409,1410,2017-11-08T09:36:53+00:00,open,olist,False,"{""seller_ids"": [""ea8482cd71df3c1969d7b9473ff13abc""], ""seller_locations"": [{""seller_id"": ""ea8482cd71df3c1969d7b9473ff13abc"", ""city"": ""sao paulo"", ""state"": ""SP""}], ""order_status"": ""delivered"", ""customer_state"": ""RJ"", ""item_prices"": [2999]}"
3dce4634061e7ca468efb0460a7a37f2,dfd3ea7867213f5cb78aedcac86b8fd7,9827,837,2017-11-08T09:40:39+00:00,open,olist,False,"{""seller_ids"": [""4e922959ae960d389249c378d1c939f5""], ""seller_locations"": [{""seller_id"": ""4e922959ae960d389249c378d1c939f5"", ""city"": ""jacarei"", ""state"": ""SP""}], ""order_status"": ""delivered"", ""customer_state"": ""SP"", ""item_prices"": [8990]}"
01d95eed9163a292a6788ddac08bcf31,8731fd24284bf78bc042cb8ef0189df0,4501,1611,2017-11-08T09:54:42+00:00,open,olist,False,"{""seller_ids"": [""d2374cbcbb3ca4ab1086534108cc3ab7""], ""seller_locations"": [{""seller_id"": ""d2374cbcbb3ca4ab1086534108cc3ab7"", ""city"": ""ibitinga"", ""state"": ""SP""}], ""order_status"": ""delivered"", ""customer_state"": ""SC"", ""item_prices"": [2890]}"
7f59e384ee31edc27aa774219e5019f4,c49d13d6b244803683d21634ede21f03,5859,1269,2017-11-08T10:05:07+00:00,open,olist,False,"{""seller_ids"": [""cca3071e3e9bb7d12640c9fbe2301306""], ""seller_locations"": [{""seller_id"": ""cca3071e3e9bb7d12640c9fbe2301306"", ""city"": ""ibitinga"", ""state"": ""SP""}], ""order_status"": ""delivered"", ""customer_state"": ""SP"", ""item_prices"": [4590]}"
9b67d7f926480a9b1dfda8f3595013a6,1c874134581bd9cceb6092e5f21ff670,8323,1423,2017-11-08T10:14:53+00:00,open,olist,False,"{""seller_ids"": [""6560211a19b47992c3666cc44a7e94c0""], ""seller_locations"": [{""seller_id"": ""6560211a19b47992c3666cc44a7e94c0"", ""city"": ""sao paulo"", ""state"": ""SP""}], ""order_status"": ""delivered"", ""customer_state"": ""MG"", ""item_prices"": [6900]}"
806115145431c4557c46d037c0b3fd74,be9aea68f34178c4e4f77c36b5d23cb8,16244,2844,2017-11-08T10:26:31+00:00,open,olist,False,"{""seller_ids"": [""229c3efbfb0ea2058de4ccdfbc3d784a""], ""seller_locations"": [{""seller_id"": ""229c3efbfb0ea2058de4ccdfbc3d784a"", ""city"": ""belo horizonte"", ""state"": ""MG""}], ""order_status"": ""delivered"", ""customer_state"": ""SP"", ""item_prices"": [6700, 6700]}"
e23b5df42ce1bb6425b751290bf33a8b,489c830d99a861b6b7c71def0d7e2c6a,16495,8107,2017-11-08T10:35:01+00:00,open,olist,False,"{""seller_ids"": [""e8f6dc8e6a1dcde89d20e3995c8d90b3""], ""seller_locations"": [{""seller_id"": ""e8f6dc8e6a1dcde89d20e3995c8d90b3"", ""city"": ""sao paulo"", ""state"": ""SP""}], ""order_status"": ""delivered"", ""customer_state"": ""SP"", ""item_prices"": [8388]}"
c99c438d8365d61dbcd8f6b7ffaa6b5d,24f0ca31b14f64abedc9b6fa93e9762c,23879,1879,2017-11-08T10:37:51+00:00,open,olist,False,"{""seller_ids"": [""218d46b86c1881d022bce9c68a7d4b15""], ""seller_locations"": [{""seller_id"": ""218d46b86c1881d022bce9c68a7d4b15"", ""city"": ""ribeirao preto"", ""state"": ""SP""}], ""order_status"": ""delivered"", ""customer_state"": ""RJ"", ""item_prices"": [22000]}"
1cdc5514158935d7bd408f33538ce130,a6b74d3cb602d8a84c58f4c1b937862f,4473,974,2017-11-08T10:43:15+00:00,open,olist,False,"{""seller_ids"": [""b499c00f28f4b7069ff6550af8c1348a""], ""seller_locations"": [{""seller_id"": ""b499c00f28f4b7069ff6550af8c1348a"", ""city"": ""limeira"", ""state"": ""SP""}], ""order_status"": ""delivered"", ""customer_state"": ""SP"", ""item_prices"": [3499]}"
d1906aaa99334bb372ca6bb31b8ae5d5,b8916bc2a46ce5e61f143f19f56ea1f8,5962,872,2017-11-08T10:47:21+00:00,open,olist,False,"{""seller_ids"": [""5f1dc28029d2c244352a68107ec2b542""], ""seller_locations"": [{""seller_id"": ""5f1dc28029d2c244352a68107ec2b542"", ""city"": ""sao paulo"", ""state"": ""SP""}], ""order_status"": ""delivered"", ""customer_state"": ""SP"", ""item_prices"": [5090]}"
a968bece60cce24072b4a3a5175c454c,11dc79c80ea01db6883b586951ba6884,15619,2929,2017-11-08T10:47:47+00:00,open,olist,False,"{""seller_ids"": [""dbc22125167c298ef99da25668e1011f""], ""seller_locations"": [{""seller_id"": ""dbc22125167c298ef99da25668e1011f"", ""city"": ""borda da mata"", ""state"": ""MG""}], ""order_status"": ""delivered"", ""customer_state"": ""RS"", ""item_prices"": [12690]}"
81ad0542f902d06936247fe96fb102f8,96bb8d8b8f62b4e39e8a95be66117941,18596,2596,2017-11-08T10:52:52+00:00,open,olist,False,"{""seller_ids"": [""54965bbe3e4f07ae045b90b0b8541f52""], ""seller_locations"": [{""seller_id"": ""54965bbe3e4f07ae045b90b0b8541f52"", ""city"": ""foz do iguacu"", ""state"": ""PR""}], ""order_status"": ""invoiced"", ""customer_state"": ""SC"", ""item_prices"": [16000]}"
aed38287917d46c0c38bdb64bceb4885,ad807e8a876326d427394737f4c7e01f,4610,1510,2017-11-08T10:53:47+00:00,open,olist,False,"{""seller_ids"": [""0249d282d911d23cb8b869ab49c99f53""], ""seller_locations"": [{""seller_id"": ""0249d282d911d23cb8b869ab49c99f53"", ""city"": ""sao paulo"", ""state"": ""SP""}], ""order_status"": ""delivered"", ""customer_state"": ""SC"", ""item_prices"": [3100]}"
a8d0c1cbe2efd70a2ec22befd3a5390e,1daabd01c6325eb962b5576e02202b5b,5858,1579,2017-11-08T11:03:00+00:00,open,olist,False,"{""seller_ids"": [""080102cd0a76b09e0dcf55fcacc60e05""], ""seller_locations"": [{""seller_id"": ""080102cd0a76b09e0dcf55fcacc60e05"", ""city"": ""belo horizonte"", ""state"": ""MG""}], ""order_status"": ""delivered"", ""customer_state"": ""PR"", ""item_prices"": [4279]}"
76f77156abd99714db6250e5755fe9f7,0e78ba683f1afb5e10eea8408cb4b23f,5460,1510,2017-11-08T11:05:27+00:00,open,olist,False,"{""seller_ids"": [""5f1dc28029d2c244352a68107ec2b542""], ""seller_locations"": [{""seller_id"": ""5f1dc28029d2c244352a68107ec2b542"", ""city"": ""sao paulo"", ""state"": ""SP""}], ""order_status"": ""delivered"", ""customer_state"": ""RS"", ""item_prices"": [3950]}"
9b3430b6fdf31ecd9d2ddea5dd58aab4,7665719965d712b599391098a927b70b,13356,3358,2017-11-08T11:06:24+00:00,open,olist,False,"{""seller_ids"": [""d98eec89afa3380e14463da2aabaea72""], ""seller_locations"": [{""seller_id"": ""d98eec89afa3380e14463da2aabaea72"", ""city"": ""porto alegre"", ""state"": ""RS""}], ""order_status"": ""delivered"", ""customer_state"": ""MG"", ""item_prices"": [4999, 4999]}"
77fff204e0af2e1abdaea52727cf9d15,33eb82333797c42ebb80bcc4aa337943,5729,1579,2017-11-08T11:15:57+00:00,open,olist,False,"{""seller_ids"": [""a425f92c199eb576938df686728acd20""], ""seller_locations"": [{""seller_id"": ""a425f92c199eb576938df686728acd20"", ""city"": ""curitiba"", ""state"": ""PR""}], ""order_status"": ""delivered"", ""customer_state"": ""RJ"", ""item_prices"": [4150]}"
d773f56956696c7d318daddf1df0f801,a3021c629bd1d99347a8e75a9ab035d8,5336,1337,2017-11-08T11:31:57+00:00,open,olist,False,"{""seller_ids"": [""1900267e848ceeba8fa32d80c1a5f5a8""], ""seller_locations"": [{""seller_id"": ""1900267e848ceeba8fa32d80c1a5f5a8"", ""city"": ""ibitinga"", ""state"": ""SP""}], ""order_status"": ""delivered"", ""customer_state"": ""SP"", ""item_prices"": [3999]}"
645a389e60ffe5af0bdc4800a14c36e2,3380d04c5a41e41cbd582fcdcfa50759,12513,6523,2017-11-08T11:42:13+00:00,open,olist,False,"{""seller_ids"": [""1f50f920176fa81dab994f9023523100""], ""seller_locations"": [{""seller_id"": ""1f50f920176fa81dab994f9023523100"", ""city"": ""sao jose do rio preto"", ""state"": ""SP""}], ""order_status"": ""delivered"", ""customer_state"": ""ES"", ""item_prices"": [5990]}"
49a8c35e52085c0a43f03250d944f2f9,f7acdf2975a3796447c80c839233e1fa,33638,8286,2017-11-08T11:45:40+00:00,open,olist,False,"{""seller_ids"": [""cca3071e3e9bb7d12640c9fbe2301306""], ""seller_locations"": [{""seller_id"": ""cca3071e3e9bb7d12640c9fbe2301306"", ""city"": ""ibitinga"", ""state"": ""SP""}], ""order_status"": ""delivered"", ""customer_state"": ""MG"", ""item_prices"": [25352]}"
acbe08c609ccb7901159882c5a558cfa,19078fff11340346a5660a1776473bb2,3678,778,2017-11-08T11:56:28+00:00,open,olist,False,"{""seller_ids"": [""6560211a19b47992c3666cc44a7e94c0""], ""seller_locations"": [{""seller_id"": ""6560211a19b47992c3666cc44a7e94c0"", ""city"": ""sao paulo"", ""state"": ""SP""}], ""order_status"": ""delivered"", ""customer_state"": ""SP"", ""item_prices"": [2900]}"
ced1ad511f0040ea9b8eb5008d7d1344,53bb7dc2b472c192a4a808a4f42fc8a0,12741,1251,2017-11-08T11:56:58+00:00,open,olist,False,"{""seller_ids"": [""da8622b14eb17ae2831f4ac5b9dab84a""], ""seller_locations"": [{""seller_id"": ""da8622b14eb17ae2831f4ac5b9dab84a"", ""city"": ""piracicaba"", ""state"": ""SP""}], ""order_status"": ""delivered"", ""customer_state"": ""SP"", ""item_prices"": [11490]}"
72b014780c2effe0419b8bb4b534d612,e114141c0860afeca11625b51c9ebfc8,13295,1805,2017-11-08T12:00:01+00:00,open,olist,False,"{""seller_ids"": [""8160255418d5aaa7dbdc9f4c64ebda44""], ""seller_locations"": [{""seller_id"": ""8160255418d5aaa7dbdc9f4c64ebda44"", ""city"": ""ibitinga"", ""state"": ""SP""}], ""order_status"": ""delivered"", ""customer_state"": ""RJ"", ""item_prices"": [11490]}"
3418c754c6d0c412d57cca00b6ccfbe2,d10f23d669c51e0d983ba80de4d327e8,1935,1185,2017-11-08T12:00:42+00:00,open,olist,False,"{""seller_ids"": [""4ebdc7e6cd6102a022dadc49156d4ea8""], ""seller_locations"": [{""seller_id"": ""4ebdc7e6cd6102a022dadc49156d4ea8"", ""city"": ""sao paulo"", ""state"": ""SP""}], ""order_status"": ""delivered"", ""customer_state"": ""SP"", ""item_prices"": [750]}"
917738df2199692a3d9b6d85680a6595,afe0c9c7e95054f1610d1d0595c411b5,12518,2538,2017-11-08T12:01:41+00:00,open,olist,False,"{""seller_ids"": [""3df020b72d3d44b3af9d110fa3940b65""], ""seller_locations"": [{""seller_id"": ""3df020b72d3d44b3af9d110fa3940b65"", ""city"": ""jales"", ""state"": ""SP""}], ""order_status"": ""delivered"", ""customer_state"": ""SP"", ""item_prices"": [4990, 4990]}"
31002d1cf4364e884a8a59e0e0bc2373,4aa07246563f9674066866f92a2979c8,6660,1760,2017-11-08T12:04:00+00:00,open,olist,False,"{""seller_ids"": [""093805f8f2aeb63881444571e1f48f30""], ""seller_locations"": [{""seller_id"": ""093805f8f2aeb63881444571e1f48f30"", ""city"": ""osasco"", ""state"": ""SP""}], ""order_status"": ""delivered"", ""customer_state"": ""SC"", ""item_prices"": [4900]}"
d7273b44707722d534c868f279e235cb,3fa626c46f413742865a2cbfa914bb80,33851,1951,2017-11-08T12:09:31+00:00,open,olist,False,"{""seller_ids"": [""fa1c13f2614d7b5c4749cbc52fecda94""], ""seller_locations"": [{""seller_id"": ""fa1c13f2614d7b5c4749cbc52fecda94"", ""city"": ""sumare"", ""state"": ""SP""}], ""order_status"": ""delivered"", ""customer_state"": ""PE"", ""item_prices"": [31900]}"
98757611a90a81b5d191e3e5c78ceca8,837b720668354ad30a5da42792f4c0a7,6861,1661,2017-11-08T12:26:15+00:00,open,olist,False,"{""seller_ids"": [""855668e0971d4dfd7bef1b6a4133b41b""], ""seller_locations"": [{""seller_id"": ""855668e0971d4dfd7bef1b6a4133b41b"", ""city"": ""itatiba"", ""state"": ""SP""}], ""order_status"": ""delivered"", ""customer_state"": ""MG"", ""item_prices"": [5200]}"
192e9f15d78654ec141918deca721334,251e658613a224723f8a077946183b20,32595,1095,2017-11-08T12:36:23+00:00,open,olist,False,"{""seller_ids"": [""16090f2ca825584b5a147ab24aa30c86""], ""seller_locations"": [{""seller_id"": ""16090f2ca825584b5a147ab24aa30c86"", ""city"": ""atibaia"", ""state"": ""SP""}], ""order_status"": ""delivered"", ""customer_state"": ""SP"", ""item_prices"": [31500]}"
21d4d409001930a8266042afbc040039,eafda923ca6479e3b9419010f0d96ade,25959,6969,2017-11-08T12:38:38+00:00,open,olist,False,"{""seller_ids"": [""6650fcccd8cd2f7e55ffa524f30c4c59""], ""seller_locations"": [{""seller_id"": ""6650fcccd8cd2f7e55ffa524f30c4c59"", ""city"": ""sao paulo"", ""state"": ""SP""}], ""order_status"": ""invoiced"", ""customer_state"": ""RS"", ""item_prices"": [18990]}"
9524a52b2633d2f96da98b947c60a4de,065b9e6198f11dbdf7fc1250f9e08afc,21764,1864,2017-11-08T12:41:52+00:00,open,olist,False,"{""seller_ids"": [""12b9676b00f60f3b700e83af21824c0e""], ""seller_locations"": [{""seller_id"": ""12b9676b00f60f3b700e83af21824c0e"", ""city"": ""montenegro"", ""state"": ""RS""}], ""order_status"": ""delivered"", ""customer_state"": ""SP"", ""item_prices"": [19900]}"
bde5891c6b5d690163ceae7143c288f4,e172b745f906d16a3ab5ee68b06df0ae,6282,1692,2017-11-08T12:42:07+00:00,open,olist,False,"{""seller_ids"": [""1c129092bf23f28a5930387c980c0dfc""], ""seller_locations"": [{""seller_id"": ""1c129092bf23f28a5930387c980c0dfc"", ""city"": ""sao paulo"", ""state"": ""SP""}], ""order_status"": ""delivered"", ""customer_state"": ""BA"", ""item_prices"": [4590]}"
8029473fa5eb709b746a665b0597b8c1,56b579a2b53c22ca99dde61e69082f01,7182,1192,2017-11-08T12:51:43+00:00,open,olist,False,"{""seller_ids"": [""a6fe7de3d16f6149ffe280349a8535a0""], ""seller_locations"": [{""seller_id"": ""a6fe7de3d16f6149ffe280349a8535a0"", ""city"": ""franca"", ""state"": ""SP""}], ""order_status"": ""delivered"", ""customer_state"": ""SP"", ""item_prices"": [5990]}"
9c3201ec3feaf8e884f4fbaf33d37c5a,fd61d48c0c567a32bb4ce4dc470bd892,22934,8235,2017-11-08T13:03:38+00:00,open,olist,False,"{""seller_ids"": [""7c67e1448b00f6e969d365cea6b010ab""], ""seller_locations"": [{""seller_id"": ""7c67e1448b00f6e969d365cea6b010ab"", ""city"": ""itaquaquecetuba"", ""state"": ""SP""}], ""order_status"": ""delivered"", ""customer_state"": ""PE"", ""item_prices"": [14699]}"
1fcbf9da01b8072e053902e28b52ac9f,1e0fd284347b0ed8c11f03f342c8460a,14640,4740,2017-11-08T13:04:45+00:00,open,olist,False,"{""seller_ids"": [""3d871de0142ce09b7081e2b9d1733cb1""], ""seller_locations"": [{""seller_id"": ""3d871de0142ce09b7081e2b9d1733cb1"", ""city"": ""campo limpo paulista"", ""state"": ""SP""}], ""order_status"": ""delivered"", ""customer_state"": ""SP"", ""item_prices"": [9900]}"
74679da034802e519a33e412d6b3fba2,b02afb84064c94e89492d4864e461569,5159,1410,2017-11-08T13:10:52+00:00,open,olist,False,"{""seller_ids"": [""2e1c9f22be269ef4643f826c9e650a52""], ""seller_locations"": [{""seller_id"": ""2e1c9f22be269ef4643f826c9e650a52"", ""city"": ""sao paulo"", ""state"": ""SP""}], ""order_status"": ""delivered"", ""customer_state"": ""SC"", ""item_prices"": [3749]}"
d8db06da4e2a4c2b6eeafaaeaebc21fb,a1cf0b1b6d8bdb6170db08446546b6f5,16388,3399,2017-11-08T13:15:18+00:00,open,olist,False,"{""seller_ids"": [""1835b56ce799e6a4dc4eddc053f04066"", ""4a3ca9315b744ce9f8e9374361493884""], ""seller_locations"": [{""seller_id"": ""1835b56ce799e6a4dc4eddc053f04066"", ""city"": ""ibitinga"", ""state"": ""SP""}, {""seller_id"": ""4a3ca9315b744ce9f8e9374361493884"", ""city"": ""ibitinga"", ""state"": ""SP""}], ""order_status"": ""delivered"", ""customer_state"": ""RJ"", ""item_prices"": [3999, 8990]}"
9b020e5824739b6431c878d26e85143a,50cf292ee784789a931bdc4183404287,9680,1780,2017-11-08T13:19:33+00:00,open,olist,False,"{""seller_ids"": [""3d871de0142ce09b7081e2b9d1733cb1""], ""seller_locations"": [{""seller_id"": ""3d871de0142ce09b7081e2b9d1733cb1"", ""city"": ""campo limpo paulista"", ""state"": ""SP""}], ""order_status"": ""delivered"", ""customer_state"": ""GO"", ""item_prices"": [7900]}"
c9aca7a39b1655e0d52070203567e664,f7d319c00224031393f1ba82343db3d6,5768,778,2017-11-08T13:24:57+00:00,open,olist,False,"{""seller_ids"": [""cab85505710c7cb9b720bceb52b01cee""], ""seller_locations"": [{""seller_id"": ""cab85505710c7cb9b720bceb52b01cee"", ""city"": ""sao paulo"", ""state"": ""SP""}], ""order_status"": ""delivered"", ""customer_state"": ""SP"", ""item_prices"": [4990]}"
5d7580967132673ebe6afb197e119dea,d8764626d0d43e3f4fb34db9021a46ef,9116,1616,2017-11-08T13:36:17+00:00,open,olist,False,"{""seller_ids"": [""6c7d50c24b3ccd2fd83b44d8bb34e073""], ""seller_locations"": [{""seller_id"": ""6c7d50c24b3ccd2fd83b44d8bb34e073"", ""city"": ""presidente prudente"", ""state"": ""SP""}], ""order_status"": ""delivered"", ""customer_state"": ""SP"", ""item_prices"": [7500]}"
0081ce648af7d6a7bac2a93b6035d1e3,83ae47dedb34563d71d7a406f282d2eb,11785,1795,2017-11-08T13:38:11+00:00,open,olist,False,"{""seller_ids"": [""54965bbe3e4f07ae045b90b0b8541f52""], ""seller_locations"": [{""seller_id"": ""54965bbe3e4f07ae045b90b0b8541f52"", ""city"": ""foz do iguacu"", ""state"": ""PR""}], ""order_status"": ""delivered"", ""customer_state"": ""RS"", ""item_prices"": [9990]}"
2459807af0cad1161d053ae93c170398,ad37b0e34b70d1ed6fe35e602e2e4d51,5562,2563,2017-11-08T13:42:56+00:00,open,olist,False,"{""seller_ids"": [""ea8482cd71df3c1969d7b9473ff13abc""], ""seller_locations"": [{""seller_id"": ""ea8482cd71df3c1969d7b9473ff13abc"", ""city"": ""sao paulo"", ""state"": ""SP""}], ""order_status"": ""delivered"", ""customer_state"": ""CE"", ""item_prices"": [2999]}"
83af610e0c73e940f967ad32ad943625,e2af1e4f7b1b25b6b9edf561515cc304,3572,872,2017-11-08T13:49:12+00:00,open,olist,False,"{""seller_ids"": [""93b9a99027bd8bd6af682aff18dd19bf""], ""seller_locations"": [{""seller_id"": ""93b9a99027bd8bd6af682aff18dd19bf"", ""city"": ""mairipora"", ""state"": ""SP""}], ""order_status"": ""delivered"", ""customer_state"": ""SP"", ""item_prices"": [2700]}"
a058c79008ed0d21597ac66af7733642,d3d9b7841c6c16621fb338399bd9d727,16353,4833,2017-11-08T13:58:58+00:00,open,olist,False,"{""seller_ids"": [""1025f0e2d44d7041d6cf58b6550e0bfa""], ""seller_locations"": [{""seller_id"": ""1025f0e2d44d7041d6cf58b6550e0bfa"", ""city"": ""sao paulo"", ""state"": ""SP""}], ""order_status"": ""delivered"", ""customer_state"": ""MS"", ""item_prices"": [3840, 3840, 3840]}"
e4380a38a218569eb949095e934047fd,4a782d1a71c00543f1a63a5373a956f1,6428,1338,2017-11-08T14:04:19+00:00,open,olist,False,"{""seller_ids"": [""dbc22125167c298ef99da25668e1011f""], ""seller_locations"": [{""seller_id"": ""dbc22125167c298ef99da25668e1011f"", ""city"": ""borda da mata"", ""state"": ""MG""}], ""order_status"": ""delivered"", ""customer_state"": ""SP"", ""item_prices"": [5090]}"
2d2d4e2aa4df8b00e751162c05be40e7,5999816ff1d56338745213b9965e5f29,4209,1410,2017-11-08T14:05:31+00:00,open,olist,False,"{""seller_ids"": [""ea8482cd71df3c1969d7b9473ff13abc""], ""seller_locations"": [{""seller_id"": ""ea8482cd71df3c1969d7b9473ff13abc"", ""city"": ""sao paulo"", ""state"": ""SP""}], ""order_status"": ""delivered"", ""customer_state"": ""MG"", ""item_prices"": [2799]}"
36103705d12a975b5d3355253253f7c1,cddb4f086c47a45b8bd01a44e117978c,10638,1639,2017-11-08T14:14:16+00:00,open,olist,False,"{""seller_ids"": [""2e1c9f22be269ef4643f826c9e650a52""], ""seller_locations"": [{""seller_id"": ""2e1c9f22be269ef4643f826c9e650a52"", ""city"": ""sao paulo"", ""state"": ""SP""}], ""order_status"": ""delivered"", ""customer_state"": ""MS"", ""item_prices"": [8999]}"
b63f8bb50651b512f0c3aa52c78dc340,0701df7ee7e9c7d3f7205b78b0d74110,19043,4344,2017-11-08T14:15:34+00:00,open,olist,False,"{""seller_ids"": [""7ddcbb64b5bc1ef36ca8c151f6ec77df""], ""seller_locations"": [{""seller_id"": ""7ddcbb64b5bc1ef36ca8c151f6ec77df"", ""city"": ""sao paulo"", ""state"": ""SP""}], ""order_status"": ""delivered"", ""customer_state"": ""MA"", ""item_prices"": [14699]}"
4381a33db9b7771fc9ace541e507972e,b40e465c7844a2ae74363a41c763de49,6762,1763,2017-11-08T14:22:40+00:00,open,olist,False,"{""seller_ids"": [""d98eec89afa3380e14463da2aabaea72""], ""seller_locations"": [{""seller_id"": ""d98eec89afa3380e14463da2aabaea72"", ""city"": ""porto alegre"", ""state"": ""RS""}], ""order_status"": ""delivered"", ""customer_state"": ""ES"", ""item_prices"": [4999]}"
b149455fa7496682b0416179a74cb8bb,1743631071053f26bb95b0ca2ca4c5f6,5109,1269,2017-11-08T14:42:39+00:00,open,olist,False,"{""seller_ids"": [""1025f0e2d44d7041d6cf58b6550e0bfa""], ""seller_locations"": [{""seller_id"": ""1025f0e2d44d7041d6cf58b6550e0bfa"", ""city"": ""sao paulo"", ""state"": ""SP""}], ""order_status"": ""delivered"", ""customer_state"": ""SP"", ""item_prices"": [3840]}"
f9ea74a0ba3d0e01f8f3a2c98bb35b9b,3a57500549c18c151a122ca04263a0ac,5859,1269,2017-11-08T14:48:30+00:00,open,olist,False,"{""seller_ids"": [""cca3071e3e9bb7d12640c9fbe2301306""], ""seller_locations"": [{""seller_id"": ""cca3071e3e9bb7d12640c9fbe2301306"", ""city"": ""ibitinga"", ""state"": ""SP""}], ""order_status"": ""delivered"", ""customer_state"": ""SP"", ""item_prices"": [4590]}"
ba9334a30d40bde13d58772361c9054a,5521c1e3673a3db4e8eb0be0d32538d0,8545,2655,2017-11-08T14:48:45+00:00,open,olist,False,"{""seller_ids"": [""813348c996469b40f2e028d5429d3495""], ""seller_locations"": [{""seller_id"": ""813348c996469b40f2e028d5429d3495"", ""city"": ""jundiai"", ""state"": ""SP""}], ""order_status"": ""delivered"", ""customer_state"": ""CE"", ""item_prices"": [5890]}"
291d343dc236d7dd2466e052890f5fc1,174c4f9e8e008d9ef89b7113c8c8dd31,5524,934,2017-11-08T14:52:32+00:00,open,olist,False,"{""seller_ids"": [""1c129092bf23f28a5930387c980c0dfc""], ""seller_locations"": [{""seller_id"": ""1c129092bf23f28a5930387c980c0dfc"", ""city"": ""sao paulo"", ""state"": ""SP""}], ""order_status"": ""delivered"", ""customer_state"": ""SP"", ""item_prices"": [4590]}"
e249cff481eb91f18da21f1884e86324,ec332007dbe4989e1dbce5f8a1c35abb,2468,778,2017-11-08T15:02:42+00:00,open,olist,False,"{""seller_ids"": [""7d76b645482be4a332374e8223836592""], ""seller_locations"": [{""seller_id"": ""7d76b645482be4a332374e8223836592"", ""city"": ""sao paulo"", ""state"": ""SP""}], ""order_status"": ""delivered"", ""customer_state"": ""SP"", ""item_prices"": [1690]}"
251426971212d3b3bae10ca7062c6241,c42e856d89c0bc91a5a0da38a528b615,2143,778,2017-11-08T15:08:18+00:00,open,olist,False,"{""seller_ids"": [""8b321bb669392f5163d04c59e235e066""], ""seller_locations"": [{""seller_id"": ""8b321bb669392f5163d04c59e235e066"", ""city"": ""sao paulo"", ""state"": ""SP""}], ""order_status"": ""delivered"", ""customer_state"": ""SP"", ""item_prices"": [1365]}"
1446f87ab63443ca948c7faa3d7ef194,7b7d74f88fc2cd98a1d69ec802f7d802,10917,2928,2017-11-08T15:13:33+00:00,open,olist,False,"{""seller_ids"": [""76d64c4aca3a7baf218bf93ef7fa768d"", ""dee656f0f566ed1aa85bd137c943f08f""], ""seller_locations"": [{""seller_id"": ""76d64c4aca3a7baf218bf93ef7fa768d"", ""city"": ""curitiba"", ""state"": ""PR""}, {""seller_id"": ""dee656f0f566ed1aa85bd137c943f08f"", ""city"": ""cruzeiro"", ""state"": ""SP""}], ""order_status"": ""delivered"", ""customer_state"": ""PR"", ""item_prices"": [6490, 1499]}"
043332e857863b02677c1e075e3cc0cf,10afb8c989b931b11e486b35bc422419,13448,4448,2017-11-08T15:26:16+00:00,open,olist,False,"{""seller_ids"": [""99002261c568a84cce14d43fcffb43ea""], ""seller_locations"": [{""seller_id"": ""99002261c568a84cce14d43fcffb43ea"", ""city"": ""cuiaba"", ""state"": ""MT""}], ""order_status"": ""delivered"", ""customer_state"": ""SP"", ""item_prices"": [9000]}"
af6bc55bfd7ce78e903212e971ad1bfd,74ba462fb8ab5c99b43159448025269a,5600,1410,2017-11-08T15:34:47+00:00,open,olist,False,"{""seller_ids"": [""282f23a9769b2690c5dda22e316f9941""], ""seller_locations"": [{""seller_id"": ""282f23a9769b2690c5dda22e316f9941"", ""city"": ""belo horizonte"", ""state"": ""MG""}], ""order_status"": ""delivered"", ""customer_state"": ""SP"", ""item_prices"": [4190]}"
b72ead808b9621ca4037dcfba0a226ef,7b550af0077fe5ed9a016c4a757d9284,5678,778,2017-11-08T15:35:16+00:00,open,olist,False,"{""seller_ids"": [""6560211a19b47992c3666cc44a7e94c0""], ""seller_locations"": [{""seller_id"": ""6560211a19b47992c3666cc44a7e94c0"", ""city"": ""sao paulo"", ""state"": ""SP""}], ""order_status"": ""delivered"", ""customer_state"": ""SP"", ""item_prices"": [4900]}"
9f10c0ea65a77a1a730fee1bd83c6ace,10441388cc7d51b7348003037ce70bd2,38727,8730,2017-11-08T15:35:42+00:00,open,olist,False,"{""seller_ids"": [""391fc6631aebcf3004804e51b40bcf1e""], ""seller_locations"": [{""seller_id"": ""391fc6631aebcf3004804e51b40bcf1e"", ""city"": ""ibitinga"", ""state"": ""SP""}], ""order_status"": ""delivered"", ""customer_state"": ""PE"", ""item_prices"": [9999, 9999, 9999]}"
3d93d8068cdb0206fc87b5d539a45f6b,e353bc4671a2c377417307a9b539a48d,3277,778,2017-11-08T15:37:57+00:00,open,olist,False,"{""seller_ids"": [""ea8482cd71df3c1969d7b9473ff13abc""], ""seller_locations"": [{""seller_id"": ""ea8482cd71df3c1969d7b9473ff13abc"", ""city"": ""sao paulo"", ""state"": ""SP""}], ""order_status"": ""delivered"", ""customer_state"": ""SP"", ""item_prices"": [2499]}"
ff38e180176d38e46f43488a0571d6c2,7a43409c4c6353f9e034bb5f4881e1c2,17827,1837,2017-11-08T15:38:42+00:00,open,olist,False,"{""seller_ids"": [""620c87c171fb2a6dd6e8bb4dec959fc6""], ""seller_locations"": [{""seller_id"": ""620c87c171fb2a6dd6e8bb4dec959fc6"", ""city"": ""petropolis"", ""state"": ""RJ""}], ""order_status"": ""delivered"", ""customer_state"": ""SP"", ""item_prices"": [15990]}"
6ee905cf5305257ae2f097619fb0c827,755e7aeb86db3ffec17e020bd1a67ba5,3475,1185,2017-11-08T15:50:18+00:00,open,olist,False,"{""seller_ids"": [""d2374cbcbb3ca4ab1086534108cc3ab7""], ""seller_locations"": [{""seller_id"": ""d2374cbcbb3ca4ab1086534108cc3ab7"", ""city"": ""ibitinga"", ""state"": ""SP""}], ""order_status"": ""delivered"", ""customer_state"": ""SP"", ""item_prices"": [2290]}"
8c7dfc8db40e356b09b711d9382eb60e,65d7c0904b51f5b432e71a14b25121dc,3584,1185,2017-11-08T15:52:48+00:00,open,olist,False,"{""seller_ids"": [""cc419e0650a3c5ba77189a1882b7556a""], ""seller_locations"": [{""seller_id"": ""cc419e0650a3c5ba77189a1882b7556a"", ""city"": ""santo andre"", ""state"": ""SP""}], ""order_status"": ""delivered"", ""customer_state"": ""SP"", ""item_prices"": [2399]}"
3529da555e9238eaa0ac000c0ee4fb05,65d7c0904b51f5b432e71a14b25121dc,7242,1343,2017-11-08T15:52:49+00:00,open,olist,False,"{""seller_ids"": [""cc419e0650a3c5ba77189a1882b7556a""], ""seller_locations"": [{""seller_id"": ""cc419e0650a3c5ba77189a1882b7556a"", ""city"": ""santo andre"", ""state"": ""SP""}], ""order_status"": ""delivered"", ""customer_state"": ""SP"", ""item_prices"": [5899]}"
dcb2902b7af9841bf7aa832c33f69f1b,a4d88b87369fd8065cb8a8af74cf82f9,31630,2730,2017-11-08T15:53:15+00:00,open,olist,False,"{""seller_ids"": [""53243585a1d6dc2643021fd1853d8905""], ""seller_locations"": [{""seller_id"": ""53243585a1d6dc2643021fd1853d8905"", ""city"": ""lauro de freitas"", ""state"": ""BA""}], ""order_status"": ""delivered"", ""customer_state"": ""MG"", ""item_prices"": [28900]}"
6a618b375464d738bf225aa25553e50c,120790cc6e1dd501c54c03a3b7d8feec,6410,1510,2017-11-08T16:05:25+00:00,open,olist,False,"{""seller_ids"": [""86ccac0b835037332a596a33b6949ee1""], ""seller_locations"": [{""seller_id"": ""86ccac0b835037332a596a33b6949ee1"", ""city"": ""blumenau"", ""state"": ""SC""}], ""order_status"": ""delivered"", ""customer_state"": ""SP"", ""item_prices"": [4900]}"
01b94d6940365deb1eedb643ba43114a,587ddeb2fbb61cb3659ae90a54003cd9,16282,4192,2017-11-08T16:06:33+00:00,open,olist,False,"{""seller_ids"": [""ac3508719a1d8f5b7614b798f70af136""], ""seller_locations"": [{""seller_id"": ""ac3508719a1d8f5b7614b798f70af136"", ""city"": ""canoas"", ""state"": ""RS""}], ""order_status"": ""delivered"", ""customer_state"": ""RJ"", ""item_prices"": [12090]}"
26543fb8b34f4547bcbbd431f998ee76,45d7843cd73eb1cdd0af569b6b6e626e,10355,1365,2017-11-08T16:12:36+00:00,open,olist,False,"{""seller_ids"": [""4a3ca9315b744ce9f8e9374361493884""], ""seller_locations"": [{""seller_id"": ""4a3ca9315b744ce9f8e9374361493884"", ""city"": ""ibitinga"", ""state"": ""SP""}], ""order_status"": ""delivered"", ""customer_state"": ""SP"", ""item_prices"": [8990]}"
dfaca8a85d5a1ef947b32f44dc3817bd,3dd017e92853d903c1e8307af6356aba,7463,2563,2017-11-08T16:15:42+00:00,open,olist,False,"{""seller_ids"": [""4e922959ae960d389249c378d1c939f5""], ""seller_locations"": [{""seller_id"": ""4e922959ae960d389249c378d1c939f5"", ""city"": ""jacarei"", ""state"": ""SP""}], ""order_status"": ""delivered"", ""customer_state"": ""PE"", ""item_prices"": [4900]}"
b8602ecb5d10f27cd89d0e7b5a8ec2a8,b43fa872bef5450df02d9ee898d21f0a,63690,8740,2017-11-08T16:19:34+00:00,open,olist,False,"{""seller_ids"": [""4a3ca9315b744ce9f8e9374361493884""], ""seller_locations"": [{""seller_id"": ""4a3ca9315b744ce9f8e9374361493884"", ""city"": ""ibitinga"", ""state"": ""SP""}], ""order_status"": ""delivered"", ""customer_state"": ""SP"", ""item_prices"": [10990, 10990, 10990, 10990, 10990]}"
0aba4750be63d17b0b841afb6a84a629,885f85d419d323a54c3f4645893fe568,21252,1352,2017-11-08T16:32:33+00:00,open,olist,False,"{""seller_ids"": [""93dc87703c046b603023e75222018b45""], ""seller_locations"": [{""seller_id"": ""93dc87703c046b603023e75222018b45"", ""city"": ""belo horizonte"", ""state"": ""MG""}], ""order_status"": ""delivered"", ""customer_state"": ""MG"", ""item_prices"": [19900]}"
7f5251463f48903ab101223e0021afc6,524afe842d6b1220e2067a40157e09f9,8090,2091,2017-11-08T16:37:20+00:00,open,olist,False,"{""seller_ids"": [""bccf933e006e9b94a6184af782963e77""], ""seller_locations"": [{""seller_id"": ""bccf933e006e9b94a6184af782963e77"", ""city"": ""assis"", ""state"": ""SP""}], ""order_status"": ""delivered"", ""customer_state"": ""MG"", ""item_prices"": [5999]}"
2d33b505c88265921a04702415937e30,2e0455b5d633bb654cd32ca63e9a96d1,29906,6907,2017-11-08T16:39:06+00:00,open,olist,False,"{""seller_ids"": [""7ddcbb64b5bc1ef36ca8c151f6ec77df""], ""seller_locations"": [{""seller_id"": ""7ddcbb64b5bc1ef36ca8c151f6ec77df"", ""city"": ""sao paulo"", ""state"": ""SP""}], ""order_status"": ""delivered"", ""customer_state"": ""BA"", ""item_prices"": [22999]}"
b5620c351108ed4667886da53f3f8599,7b7605b5797e73a668d8b55424f883f0,44492,2292,2017-11-08T16:43:35+00:00,open,olist,False,"{""seller_ids"": [""4a3ca9315b744ce9f8e9374361493884""], ""seller_locations"": [{""seller_id"": ""4a3ca9315b744ce9f8e9374361493884"", ""city"": ""ibitinga"", ""state"": ""SP""}], ""order_status"": ""delivered"", ""customer_state"": ""SP"", ""item_prices"": [42200]}"
e6ba9a84acefba7db39ea4a3cca60fd7,14bb46fd695776fae3ba087fc3fdf747,14000,1810,2017-11-08T16:44:13+00:00,open,olist,False,"{""seller_ids"": [""431af27f296bc6519d890aa5a05fdb11""], ""seller_locations"": [{""seller_id"": ""431af27f296bc6519d890aa5a05fdb11"", ""city"": ""ribeirao preto"", ""state"": ""SP""}], ""order_status"": ""delivered"", ""customer_state"": ""MG"", ""item_prices"": [12190]}"
4316bb50be3f59538c354e3d820f1d9c,c4df1c552768d563946ee1c9a716df55,30577,1677,2017-11-08T16:45:13+00:00,open,olist,False,"{""seller_ids"": [""53243585a1d6dc2643021fd1853d8905""], ""seller_locations"": [{""seller_id"": ""53243585a1d6dc2643021fd1853d8905"", ""city"": ""lauro de freitas"", ""state"": ""BA""}], ""order_status"": ""delivered"", ""customer_state"": ""SE"", ""item_prices"": [28900]}"
cf3a9fb2f3b7b0d71c3a8e59c01ad281,48f8c279f6e0dd1931c8cb6d572cc99b,62044,2144,2017-11-08T16:46:11+00:00,open,olist,False,"{""seller_ids"": [""850f4f8af5ea87287ac68de36e29107f""], ""seller_locations"": [{""seller_id"": ""850f4f8af5ea87287ac68de36e29107f"", ""city"": ""sao paulo"", ""state"": ""SP""}], ""order_status"": ""delivered"", ""customer_state"": ""SC"", ""item_prices"": [59900]}"
73174cbe1a7108ca72fa9547cfd77e4e,7994a533a361a38ea68da4b105bf09fb,6105,2115,2017-11-08T16:46:34+00:00,open,olist,False,"{""seller_ids"": [""ea8482cd71df3c1969d7b9473ff13abc""], ""seller_locations"": [{""seller_id"": ""ea8482cd71df3c1969d7b9473ff13abc"", ""city"": ""sao paulo"", ""state"": ""SP""}], ""order_status"": ""delivered"", ""customer_state"": ""PI"", ""item_prices"": [3990]}"
945edc9b56f1a08b87560bf946945f20,7f0ed6e8c19420dc59f862c427f6d18b,31249,6249,2017-11-08T16:52:07+00:00,open,olist,False,"{""seller_ids"": [""1025f0e2d44d7041d6cf58b6550e0bfa""], ""seller_locations"": [{""seller_id"": ""1025f0e2d44d7041d6cf58b6550e0bfa"", ""city"": ""sao paulo"", ""state"": ""SP""}], ""order_status"": ""delivered"", ""customer_state"": ""GO"", ""item_prices"": [25000]}"
57b49374c8a506e6a26dfef7b426f342,b20a9b1d684eda5eaa2d6724d164286f,16668,1681,2017-11-08T16:52:19+00:00,open,olist,False,"{""seller_ids"": [""25c5c91f63607446a97b143d2d535d31""], ""seller_locations"": [{""seller_id"": ""25c5c91f63607446a97b143d2d535d31"", ""city"": ""itauna"", ""state"": ""MG""}], ""order_status"": ""delivered"", ""customer_state"": ""SP"", ""item_prices"": [14987]}"
952241c48f34d58c23ca57964d413834,532576a973c55ab48fa2fa920d036e52,8820,930,2017-11-08T17:07:11+00:00,open,olist,False,"{""seller_ids"": [""e067ad2c1c0b48758eb1b5228bcf7a68""], ""seller_locations"": [{""seller_id"": ""e067ad2c1c0b48758eb1b5228bcf7a68"", ""city"": ""santos"", ""state"": ""SP""}], ""order_status"": ""delivered"", ""customer_state"": ""SP"", ""item_prices"": [7890]}"
94876636c0c9ddd3455bffe120d95c68,cbcc5c5098cd32ef397d4231883f77c8,8837,937,2017-11-08T17:07:41+00:00,open,olist,False,"{""seller_ids"": [""4e17c65a516f69d023a2ae78b84f28d6""], ""seller_locations"": [{""seller_id"": ""4e17c65a516f69d023a2ae78b84f28d6"", ""city"": ""suzano"", ""state"": ""SP""}], ""order_status"": ""delivered"", ""customer_state"": ""SP"", ""item_prices"": [7900]}"
0132451f29a10b66a5cf1bacc85f9afe,aaff146bd210808c7d004a05966472a7,21556,3576,2017-11-08T17:08:56+00:00,open,olist,False,"{""seller_ids"": [""da8622b14eb17ae2831f4ac5b9dab84a""], ""seller_locations"": [{""seller_id"": ""da8622b14eb17ae2831f4ac5b9dab84a"", ""city"": ""piracicaba"", ""state"": ""SP""}], ""order_status"": ""delivered"", ""customer_state"": ""RJ"", ""item_prices"": [8990, 8990]}"
2bee1f8f9eee93e1c28bc1a9ca98a896,27a53659b6216c57d106d48be0c50264,5087,1337,2017-11-08T17:31:34+00:00,open,olist,False,"{""seller_ids"": [""6c7d50c24b3ccd2fd83b44d8bb34e073""], ""seller_locations"": [{""seller_id"": ""6c7d50c24b3ccd2fd83b44d8bb34e073"", ""city"": ""presidente prudente"", ""state"": ""SP""}], ""order_status"": ""delivered"", ""customer_state"": ""SP"", ""item_prices"": [3750]}"
afccc522bf13dddde0b240b86c7b9f21,26e390cc5f19cc8c56c217fe5f6e700f,70958,1959,2017-11-08T17:33:56+00:00,open,olist,False,"{""seller_ids"": [""7e93a43ef30c4f03f38b393420bc753a""], ""seller_locations"": [{""seller_id"": ""7e93a43ef30c4f03f38b393420bc753a"", ""city"": ""barueri"", ""state"": ""SP""}], ""order_status"": ""delivered"", ""customer_state"": ""GO"", ""item_prices"": [68999]}"
00c842d0ae6462afc1d38fc055b02c75,9065112d8c6b59afef09c2fc67c5025e,7757,1767,2017-11-08T17:36:48+00:00,open,olist,False,"{""seller_ids"": [""1f50f920176fa81dab994f9023523100""], ""seller_locations"": [{""seller_id"": ""1f50f920176fa81dab994f9023523100"", ""city"": ""sao jose do rio preto"", ""state"": ""SP""}], ""order_status"": ""delivered"", ""customer_state"": ""RJ"", ""item_prices"": [5990]}"
2d27ee9bbc377938d4a8c5a8efb16551,163fb9fbf2ad50509f49ff664893b6b8,9532,942,2017-11-08T17:38:41+00:00,open,olist,False,"{""seller_ids"": [""2e1a7d075abe038c1b2743005fe42ff1""], ""seller_locations"": [{""seller_id"": ""2e1a7d075abe038c1b2743005fe42ff1"", ""city"": ""sao paulo"", ""state"": ""SP""}], ""order_status"": ""delivered"", ""customer_state"": ""SP"", ""item_prices"": [8590]}"
d032ca8398bca294e452149d57c135ec,a4161bd48581a3877d2a28315f7e6288,8459,1969,2017-11-08T17:38:42+00:00,open,olist,False,"{""seller_ids"": [""76d64c4aca3a7baf218bf93ef7fa768d""], ""seller_locations"": [{""seller_id"": ""76d64c4aca3a7baf218bf93ef7fa768d"", ""city"": ""curitiba"", ""state"": ""PR""}], ""order_status"": ""delivered"", ""customer_state"": ""RJ"", ""item_prices"": [6490]}"
c676e726f8a14a9527b41b9dc50ca1bc,8fb583f5dce8034af3119380a163d8f8,13620,3621,2017-11-08T17:50:22+00:00,open,olist,False,"{""seller_ids"": [""3b15288545f8928d3e65a8f949a28291""], ""seller_locations"": [{""seller_id"": ""3b15288545f8928d3e65a8f949a28291"", ""city"": ""ibitinga"", ""state"": ""SP""}], ""order_status"": ""delivered"", ""customer_state"": ""SP"", ""item_prices"": [9999]}"
63cd6c93d785b3b54d7955bc5fd74c3d,aa68ea9af3ca240acd9fb5e416ede248,3500,1510,2017-11-08T17:50:29+00:00,open,olist,False,"{""seller_ids"": [""002100f778ceb8431b7a1020ff7ab48f""], ""seller_locations"": [{""seller_id"": ""002100f778ceb8431b7a1020ff7ab48f"", ""city"": ""franca"", ""state"": ""SP""}], ""order_status"": ""delivered"", ""customer_state"": ""PR"", ""item_prices"": [1990]}"
4b6dab58b94da37d3bc2cce416a43f63,6ddebbb0612bcbb6593d8c23b13229d7,11292,1792,2017-11-08T17:53:23+00:00,open,olist,False,"{""seller_ids"": [""3d871de0142ce09b7081e2b9d1733cb1""], ""seller_locations"": [{""seller_id"": ""3d871de0142ce09b7081e2b9d1733cb1"", ""city"": ""campo limpo paulista"", ""state"": ""SP""}], ""order_status"": ""delivered"", ""customer_state"": ""SC"", ""item_prices"": [9500]}"
e422d0e263d60b29075b7369ade6ace3,4bac0dc665a22611249e258c819b8ec7,15016,3036,2017-11-08T17:56:12+00:00,open,olist,False,"{""seller_ids"": [""5a8e7d5003a1f221f9e1d6e411de7c23""], ""seller_locations"": [{""seller_id"": ""5a8e7d5003a1f221f9e1d6e411de7c23"", ""city"": ""campinas"", ""state"": ""SP""}], ""order_status"": ""delivered"", ""customer_state"": ""RJ"", ""item_prices"": [5990, 5990]}"
1c8e9b2af72bd475a280fe4e56ca4364,39513b1ac57bc82c9b3f298820a89bb6,7771,872,2017-11-08T18:01:32+00:00,open,olist,False,"{""seller_ids"": [""9f505651f4a6abe901a56cdc21508025""], ""seller_locations"": [{""seller_id"": ""9f505651f4a6abe901a56cdc21508025"", ""city"": ""sao paulo"", ""state"": ""SP""}], ""order_status"": ""delivered"", ""customer_state"": ""SP"", ""item_prices"": [6899]}"
e09ade3584e46696d27a94543784b695,6a5bfec5287b37fd4196c78d7cf54cce,27910,2911,2017-11-08T18:08:05+00:00,open,olist,False,"{""seller_ids"": [""46dc3b2cc0980fb8ec44634e21d2718e""], ""seller_locations"": [{""seller_id"": ""46dc3b2cc0980fb8ec44634e21d2718e"", ""city"": ""rio de janeiro"", ""state"": ""RJ""}], ""order_status"": ""shipped"", ""customer_state"": ""MG"", ""item_prices"": [24999]}"
3ff7c1060eb0e7df8516ff9025461875,a11c0218bdc901d93bb5f7cc6dafbc39,10810,1820,2017-11-08T18:18:31+00:00,open,olist,False,"{""seller_ids"": [""f266295f49a28eee21f413e0cbb0521d""], ""seller_locations"": [{""seller_id"": ""f266295f49a28eee21f413e0cbb0521d"", ""city"": ""ponta grossa"", ""state"": ""PR""}], ""order_status"": ""delivered"", ""customer_state"": ""MG"", ""item_prices"": [8990]}"
129c58b77c85a73933e98de57c705559,3d0a011c5b53a6ce43496c80c269bd0f,13104,1804,2017-11-08T18:19:54+00:00,open,olist,False,"{""seller_ids"": [""381c83fdca332ea6afd896da20bf6e4a""], ""seller_locations"": [{""seller_id"": ""381c83fdca332ea6afd896da20bf6e4a"", ""city"": ""curitiba"", ""state"": ""PR""}], ""order_status"": ""delivered"", ""customer_state"": ""SP"", ""item_prices"": [11300]}"
9d42a1c81eb3b04c83752029d1bb93fe,24a366843796b68f1fc06adc4bc28b06,3709,1510,2017-11-08T18:27:39+00:00,open,olist,False,"{""seller_ids"": [""db4350fd57ae30082dec7acbaacc17f9""], ""seller_locations"": [{""seller_id"": ""db4350fd57ae30082dec7acbaacc17f9"", ""city"": ""sao paulo"", ""state"": ""SP""}], ""order_status"": ""delivered"", ""customer_state"": ""MG"", ""item_prices"": [2199]}"
955b3eccb8e0c21820f39caeb0309789,31d8b860775ed59cb8aff5da28359367,3079,1679,2017-11-08T18:39:08+00:00,open,olist,False,"{""seller_ids"": [""7b07b3c7487f0ea825fc6df75abd658b""], ""seller_locations"": [{""seller_id"": ""7b07b3c7487f0ea825fc6df75abd658b"", ""city"": ""sao paulo"", ""state"": ""SP""}], ""order_status"": ""delivered"", ""customer_state"": ""MT"", ""item_prices"": [1400]}"
0cf808a0c021f642770317ad30665b02,a62b2006c8fff72dc98874abcfabca45,16743,1753,2017-11-08T18:40:21+00:00,open,olist,False,"{""seller_ids"": [""0c8380b62e38e8a1e6adbeba7eb9688c""], ""seller_locations"": [{""seller_id"": ""0c8380b62e38e8a1e6adbeba7eb9688c"", ""city"": ""tres coracoes"", ""state"": ""MG""}], ""order_status"": ""delivered"", ""customer_state"": ""MG"", ""item_prices"": [14990]}"
76d85afd545b8fc877273a68455675c1,beaac6850b22bcbab22a72f9d8e31456,0,0,2017-11-08T18:40:21+00:00,cancelled,olist,False,"{""seller_ids"": [], ""seller_locations"": [], ""order_status"": ""canceled"", ""customer_state"": ""RJ"", ""item_prices"": []}"
675ea662391ef609e39645b25940d453,24abf93a73a57ab3fe56df52deb2c6c5,7757,1767,2017-11-08T18:44:44+00:00,open,olist,False,"{""seller_ids"": [""1f50f920176fa81dab994f9023523100""], ""seller_locations"": [{""seller_id"": ""1f50f920176fa81dab994f9023523100"", ""city"": ""sao jose do rio preto"", ""state"": ""SP""}], ""order_status"": ""delivered"", ""customer_state"": ""MG"", ""item_prices"": [5990]}"
ac80289f28f597052345117f4d4720ea,5228300dddf25d07706cef4490cc5b2a,4509,1510,2017-11-08T18:45:19+00:00,open,olist,False,"{""seller_ids"": [""1835b56ce799e6a4dc4eddc053f04066""], ""seller_locations"": [{""seller_id"": ""1835b56ce799e6a4dc4eddc053f04066"", ""city"": ""ibitinga"", ""state"": ""SP""}], ""order_status"": ""delivered"", ""customer_state"": ""SC"", ""item_prices"": [2999]}"
03a4aaab0b783a1be23b30e360c067d4,381865bb5f82d4d601fa3026a283b47e,10171,2581,2017-11-08T19:03:48+00:00,open,olist,False,"{""seller_ids"": [""e9bc59e7b60fc3063eb2290deda4cced""], ""seller_locations"": [{""seller_id"": ""e9bc59e7b60fc3063eb2290deda4cced"", ""city"": ""maringa"", ""state"": ""PR""}], ""order_status"": ""delivered"", ""customer_state"": ""DF"", ""item_prices"": [7590]}"
719769cb35a220eca4b7e96e588c6a19,01413c132b54b9b7dfadc2ee71ef78c8,5169,1679,2017-11-08T19:05:31+00:00,open,olist,False,"{""seller_ids"": [""8b28d096634035667e8263d57ba3368c""], ""seller_locations"": [{""seller_id"": ""8b28d096634035667e8263d57ba3368c"", ""city"": ""sao jose dos campos"", ""state"": ""SP""}], ""order_status"": ""delivered"", ""customer_state"": ""PE"", ""item_prices"": [3490]}"
195f299b40b4d78afa81a4109b618c02,6dc16c31f4c57727d3bd51e10a977270,6833,1273,2017-11-08T19:12:02+00:00,open,olist,False,"{""seller_ids"": [""4a3ca9315b744ce9f8e9374361493884""], ""seller_locations"": [{""seller_id"": ""4a3ca9315b744ce9f8e9374361493884"", ""city"": ""ibitinga"", ""state"": ""SP""}], ""order_status"": ""delivered"", ""customer_state"": ""SP"", ""item_prices"": [5560]}"
c11fda48e1e32d80cdded371a3ffa4b9,16045f15f9bb021ce4c027dacd979ecc,14815,1816,2017-11-08T19:14:18+00:00,open,olist,False,"{""seller_ids"": [""1b8b75e227c9a9c100d0c210fb6176ce""], ""seller_locations"": [{""seller_id"": ""1b8b75e227c9a9c100d0c210fb6176ce"", ""city"": ""sao paulo"", ""state"": ""SP""}], ""order_status"": ""delivered"", ""customer_state"": ""MG"", ""item_prices"": [12999]}"
5e57d61ff3a5b4ce52915cdeb62b2571,3df11e3b6c22394922f7918cb3f0e406,3777,778,2017-11-08T19:30:03+00:00,open,olist,False,"{""seller_ids"": [""ea8482cd71df3c1969d7b9473ff13abc""], ""seller_locations"": [{""seller_id"": ""ea8482cd71df3c1969d7b9473ff13abc"", ""city"": ""sao paulo"", ""state"": ""SP""}], ""order_status"": ""delivered"", ""customer_state"": ""SP"", ""item_prices"": [2999]}"
b05c947b44026d14b7e7db05402d206a,1820476fff8ba8ba159411cf19839394,20021,3221,2017-11-08T19:30:06+00:00,open,olist,False,"{""seller_ids"": [""3d871de0142ce09b7081e2b9d1733cb1""], ""seller_locations"": [{""seller_id"": ""3d871de0142ce09b7081e2b9d1733cb1"", ""city"": ""campo limpo paulista"", ""state"": ""SP""}], ""order_status"": ""delivered"", ""customer_state"": ""SP"", ""item_prices"": [16800]}"
41b3745609d5c6c750f838cae9f18804,c8776c8299d92ce2f4895fabe9bc6c5c,11794,1795,2017-11-08T19:32:12+00:00,open,olist,False,"{""seller_ids"": [""7a67c85e85bb2ce8582c35f2203ad736""], ""seller_locations"": [{""seller_id"": ""7a67c85e85bb2ce8582c35f2203ad736"", ""city"": ""sao paulo"", ""state"": ""SP""}], ""order_status"": ""delivered"", ""customer_state"": ""RS"", ""item_prices"": [9999]}"
6779326a03f96624c0f23a80b2d4d2e4,63e04bc577f584679fb4d0cf588f51d2,5801,1511,2017-11-08T19:32:17+00:00,open,olist,False,"{""seller_ids"": [""537eb890efff034a88679788b647c564""], ""seller_locations"": [{""seller_id"": ""537eb890efff034a88679788b647c564"", ""city"": ""rio de janeiro"", ""state"": ""RJ""}], ""order_status"": ""delivered"", ""customer_state"": ""SP"", ""item_prices"": [4290]}"
7aec7aea70b4d42cdb349810c4475051,81ee975c650a669140bc1403fb325d67,6410,1510,2017-11-08T19:32:44+00:00,open,olist,False,"{""seller_ids"": [""77530e9772f57a62c906e1c21538ab82""], ""seller_locations"": [{""seller_id"": ""77530e9772f57a62c906e1c21538ab82"", ""city"": ""curitiba"", ""state"": ""PR""}], ""order_status"": ""delivered"", ""customer_state"": ""SC"", ""item_prices"": [4900]}"
60f62691c52a18ebeccd7cb2539d6c63,8ecc65bf549b6c7ef0ca02f4e115c419,15673,1674,2017-11-08T19:34:10+00:00,open,olist,False,"{""seller_ids"": [""46dc3b2cc0980fb8ec44634e21d2718e""], ""seller_locations"": [{""seller_id"": ""46dc3b2cc0980fb8ec44634e21d2718e"", ""city"": ""rio de janeiro"", ""state"": ""RJ""}], ""order_status"": ""delivered"", ""customer_state"": ""MG"", ""item_prices"": [13999]}"
f351c922b3d5947bcadbeeab096796b8,13d7e67a187b037979c76c75b2e79102,40395,2895,2017-11-08T19:39:09+00:00,open,olist,False,"{""seller_ids"": [""54965bbe3e4f07ae045b90b0b8541f52""], ""seller_locations"": [{""seller_id"": ""54965bbe3e4f07ae045b90b0b8541f52"", ""city"": ""foz do iguacu"", ""state"": ""PR""}], ""order_status"": ""delivered"", ""customer_state"": ""SP"", ""item_prices"": [37500]}"
b541ddf0b037dc357b232eac15bca4a7,3ef631133c6cd69283463c9d2302ecc5,5862,2563,2017-11-08T19:49:12+00:00,open,olist,False,"{""seller_ids"": [""c4b911d06343b21dd906651f8101cb49""], ""seller_locations"": [{""seller_id"": ""c4b911d06343b21dd906651f8101cb49"", ""city"": ""vera cruz"", ""state"": ""SP""}], ""order_status"": ""processing"", ""customer_state"": ""CE"", ""item_prices"": [3299]}"
34d0b73ffe40c22d8537270e7ffe7517,c28303a34749f370337038914e7453e5,3301,1611,2017-11-08T19:50:12+00:00,open,olist,False,"{""seller_ids"": [""c878515173c84a492ebe50d6b493230b""], ""seller_locations"": [{""seller_id"": ""c878515173c84a492ebe50d6b493230b"", ""city"": ""itaipulandia"", ""state"": ""PR""}], ""order_status"": ""delivered"", ""customer_state"": ""SP"", ""item_prices"": [1690]}"
8f601ac781af24a47c8faaa3ae3e2f1c,76c035bf0962d324fb4f8a8dbabaa4a0,3727,827,2017-11-08T20:08:25+00:00,open,olist,False,"{""seller_ids"": [""4e922959ae960d389249c378d1c939f5""], ""seller_locations"": [{""seller_id"": ""4e922959ae960d389249c378d1c939f5"", ""city"": ""jacarei"", ""state"": ""SP""}], ""order_status"": ""delivered"", ""customer_state"": ""SP"", ""item_prices"": [2900]}"
37d98f73718806be808b9e73e5d5d93a,afe73cfac99dbc1c8e67cf99091d61a6,24535,1635,2017-11-08T20:18:37+00:00,open,olist,False,"{""seller_ids"": [""9f505651f4a6abe901a56cdc21508025""], ""seller_locations"": [{""seller_id"": ""9f505651f4a6abe901a56cdc21508025"", ""city"": ""sao paulo"", ""state"": ""SP""}], ""order_status"": ""delivered"", ""customer_state"": ""PR"", ""item_prices"": [22900]}"
aded763e095ef505747ec7376f7310ef,23a241c42bef9b80bfe4243017a50837,11544,1545,2017-11-08T20:24:38+00:00,open,olist,False,"{""seller_ids"": [""01ed254b9ff8407dfb9d99ba1e17d923""], ""seller_locations"": [{""seller_id"": ""01ed254b9ff8407dfb9d99ba1e17d923"", ""city"": ""mogi das cruzes"", ""state"": ""SP""}], ""order_status"": ""delivered"", ""customer_state"": ""RS"", ""item_prices"": [9999]}"
9ac562006aa17a79364b32560651dd5b,50ad7151ad494370e8dc57a57351d17e,16690,3700,2017-11-08T20:35:32+00:00,open,olist,False,"{""seller_ids"": [""5dceca129747e92ff8ef7a997dc4f8ca""], ""seller_locations"": [{""seller_id"": ""5dceca129747e92ff8ef7a997dc4f8ca"", ""city"": ""santa barbara d\u00b4oeste"", ""state"": ""SP""}], ""order_status"": ""delivered"", ""customer_state"": ""SP"", ""item_prices"": [12990]}"
44623b600f074e7c76dc280274e437f8,bfcaaed690e508471e9169e69f146324,4409,1410,2017-11-08T20:35:41+00:00,open,olist,False,"{""seller_ids"": [""ea8482cd71df3c1969d7b9473ff13abc""], ""seller_locations"": [{""seller_id"": ""ea8482cd71df3c1969d7b9473ff13abc"", ""city"": ""sao paulo"", ""state"": ""SP""}], ""order_status"": ""delivered"", ""customer_state"": ""RJ"", ""item_prices"": [2999]}"
8dca52c1ec5a814dc9ebd26524ae8b3e,14e66b7268fef09f5183f5e3a84cdd91,14806,1816,2017-11-08T20:41:49+00:00,open,olist,False,"{""seller_ids"": [""dbc22125167c298ef99da25668e1011f""], ""seller_locations"": [{""seller_id"": ""dbc22125167c298ef99da25668e1011f"", ""city"": ""borda da mata"", ""state"": ""MG""}], ""order_status"": ""delivered"", ""customer_state"": ""RJ"", ""item_prices"": [12990]}"
0fa425ec819100fb29a4838e37e5d27e,3a502a4d1e63887120fdc3b323224d70,9883,1588,2017-11-08T20:44:32+00:00,open,olist,False,"{""seller_ids"": [""3be634553519fb6536a03e1358e9fdc7"", ""e5a3438891c0bfdb9394643f95273d8e""], ""seller_locations"": [{""seller_id"": ""3be634553519fb6536a03e1358e9fdc7"", ""city"": ""sao paulo"", ""state"": ""SP""}, {""seller_id"": ""e5a3438891c0bfdb9394643f95273d8e"", ""city"": ""limeira"", ""state"": ""SP""}], ""order_status"": ""delivered"", ""customer_state"": ""SP"", ""item_prices"": [4165, 4130]}"
79dbadc3cd0a6aa1b1fc17d005721668,3a502a4d1e63887120fdc3b323224d70,5434,778,2017-11-08T20:44:33+00:00,open,olist,False,"{""seller_ids"": [""3be634553519fb6536a03e1358e9fdc7""], ""seller_locations"": [{""seller_id"": ""3be634553519fb6536a03e1358e9fdc7"", ""city"": ""sao paulo"", ""state"": ""SP""}], ""order_status"": ""delivered"", ""customer_state"": ""SP"", ""item_prices"": [4656]}"
57a7a016ca8904a8f90708dff70e7ef7,8cfef84e2f4a8165cd749543ebfb0fab,7515,1517,2017-11-08T20:45:57+00:00,open,olist,False,"{""seller_ids"": [""6a8b085f816a1f75f92dbac6eb545f8f""], ""seller_locations"": [{""seller_id"": ""6a8b085f816a1f75f92dbac6eb545f8f"", ""city"": ""bebedouro"", ""state"": ""SP""}], ""order_status"": ""delivered"", ""customer_state"": ""MG"", ""item_prices"": [5998]}"
71385d0c646fbc757cfd07df085986d7,c4c088737a539f84fab061a3299dfe58,31911,6921,2017-11-08T20:47:44+00:00,open,olist,False,"{""seller_ids"": [""dc317f341ab0e22f39acbd9dbf9b4a1f""], ""seller_locations"": [{""seller_id"": ""dc317f341ab0e22f39acbd9dbf9b4a1f"", ""city"": ""cachoeirinha"", ""state"": ""RS""}], ""order_status"": ""delivered"", ""customer_state"": ""RJ"", ""item_prices"": [24990]}"
0b1e7d45ede8adf7964c242ce45846f6,c8d14082e78aa5dc1d332386f18b9547,7916,1966,2017-11-08T20:53:51+00:00,open,olist,False,"{""seller_ids"": [""0c8380b62e38e8a1e6adbeba7eb9688c""], ""seller_locations"": [{""seller_id"": ""0c8380b62e38e8a1e6adbeba7eb9688c"", ""city"": ""tres coracoes"", ""state"": ""MG""}], ""order_status"": ""delivered"", ""customer_state"": ""GO"", ""item_prices"": [5950]}"
a8b9282d0c831ea24e2884c9620c38c9,762d95e6254ec7735e906476e047f333,7334,1344,2017-11-08T20:58:57+00:00,open,olist,False,"{""seller_ids"": [""01fdefa7697d26ad920e9e0346d4bd1b""], ""seller_locations"": [{""seller_id"": ""01fdefa7697d26ad920e9e0346d4bd1b"", ""city"": ""londrina"", ""state"": ""PR""}], ""order_status"": ""delivered"", ""customer_state"": ""SP"", ""item_prices"": [5990]}"
32c0f2887a1713ac4c720ebd9a65bae9,dd493718ff91bbd78cc0183714db5e41,5760,1760,2017-11-08T21:07:51+00:00,open,olist,False,"{""seller_ids"": [""cce6ab8d1682639fe45ab70234f1665f""], ""seller_locations"": [{""seller_id"": ""cce6ab8d1682639fe45ab70234f1665f"", ""city"": ""curitiba"", ""state"": ""SP""}], ""order_status"": ""delivered"", ""customer_state"": ""RS"", ""item_prices"": [4000]}"
02346fd715e28d8e4fdb6893cd121f71,4e43a8dc4b83f80e615beed495cd2229,16365,1666,2017-11-08T21:08:02+00:00,open,olist,False,"{""seller_ids"": [""7ddcbb64b5bc1ef36ca8c151f6ec77df""], ""seller_locations"": [{""seller_id"": ""7ddcbb64b5bc1ef36ca8c151f6ec77df"", ""city"": ""sao paulo"", ""state"": ""SP""}], ""order_status"": ""delivered"", ""customer_state"": ""SP"", ""item_prices"": [14699]}"
b4cfa6c1beefe05bb9c7d2ec59a3773a,8b1ccc13f7b4f43b1086e25ad6de62fe,12068,3968,2017-11-08T21:09:12+00:00,open,olist,False,"{""seller_ids"": [""c6a7539d424a8402232c2228d7a03c5e""], ""seller_locations"": [{""seller_id"": ""c6a7539d424a8402232c2228d7a03c5e"", ""city"": ""sao paulo"", ""state"": ""SP""}], ""order_status"": ""delivered"", ""customer_state"": ""RS"", ""item_prices"": [4050, 4050]}"
25565bbcafc22cee9f5789413e9a6ac9,3ea232fed25a7658e342455efdf64e47,4253,2563,2017-11-08T21:11:16+00:00,open,olist,False,"{""seller_ids"": [""128639473a139ac0f3e5f5ade55873a5""], ""seller_locations"": [{""seller_id"": ""128639473a139ac0f3e5f5ade55873a5"", ""city"": ""maringa"", ""state"": ""PR""}], ""order_status"": ""delivered"", ""customer_state"": ""DF"", ""item_prices"": [1690]}"
7577e6378383be8d29e8e0cc18a880cb,4fc8594d4bd9b2157025e4bb48c2d30c,7334,1344,2017-11-08T21:11:17+00:00,open,olist,False,"{""seller_ids"": [""7142540dd4c91e2237acb7e911c4eba2""], ""seller_locations"": [{""seller_id"": ""7142540dd4c91e2237acb7e911c4eba2"", ""city"": ""penapolis"", ""state"": ""SP""}], ""order_status"": ""delivered"", ""customer_state"": ""SP"", ""item_prices"": [5990]}"
d774b8d135addfe83ea0616b71a2f32a,ee2e6bc257be86dc7ddd9e85736cc5ec,8341,1351,2017-11-08T21:11:45+00:00,open,olist,False,"{""seller_ids"": [""3db66a856d18a9cba7c9241fc5221c50""], ""seller_locations"": [{""seller_id"": ""3db66a856d18a9cba7c9241fc5221c50"", ""city"": ""ponte nova"", ""state"": ""MG""}], ""order_status"": ""delivered"", ""customer_state"": ""MG"", ""item_prices"": [6990]}"
328f1e996c8251549a0e319d7eaa0f31,1cefd0f4bd73d31db705295737c02e2f,7804,1868,2017-11-08T21:26:09+00:00,open,olist,False,"{""seller_ids"": [""725c32fa80c2faacc4fc88450d27314e""], ""seller_locations"": [{""seller_id"": ""725c32fa80c2faacc4fc88450d27314e"", ""city"": ""sao paulo"", ""state"": ""SP""}], ""order_status"": ""delivered"", ""customer_state"": ""SP"", ""item_prices"": [2968, 2968]}"
fdc0c4c2efc395cf5b80b60f573097cd,8f27be984f3f629801e5135210e0b54e,13376,1386,2017-11-08T21:35:07+00:00,open,olist,False,"{""seller_ids"": [""431af27f296bc6519d890aa5a05fdb11""], ""seller_locations"": [{""seller_id"": ""431af27f296bc6519d890aa5a05fdb11"", ""city"": ""ribeirao preto"", ""state"": ""SP""}], ""order_status"": ""delivered"", ""customer_state"": ""SP"", ""item_prices"": [11990]}"
260ec445d18b2120c8ab6f87ecae2a1d,fb858ea00ed6b2356f27e1383e717ae3,22059,5459,2017-11-08T21:44:23+00:00,open,olist,False,"{""seller_ids"": [""a3e9a2c700480d9bb01fba070ba80a0e""], ""seller_locations"": [{""seller_id"": ""a3e9a2c700480d9bb01fba070ba80a0e"", ""city"": ""ibitinga"", ""state"": ""SP""}], ""order_status"": ""delivered"", ""customer_state"": ""SP"", ""item_prices"": [16600]}"
b552361bfa71f85d48c308d95c713f23,9a9d85004f4f005b3a475df96187fe05,5759,1760,2017-11-08T21:52:06+00:00,open,olist,False,"{""seller_ids"": [""f0b47fbbc6dee9aafe415a6e33051b3f""], ""seller_locations"": [{""seller_id"": ""f0b47fbbc6dee9aafe415a6e33051b3f"", ""city"": ""maua"", ""state"": ""SP""}], ""order_status"": ""delivered"", ""customer_state"": ""RJ"", ""item_prices"": [3999]}"
359a6c8d5dfa54332e03367d0da42034,ec0984f82dabc7a4737e13d8b0dbe85f,9933,1534,2017-11-08T21:58:21+00:00,open,olist,False,"{""seller_ids"": [""1900267e848ceeba8fa32d80c1a5f5a8""], ""seller_locations"": [{""seller_id"": ""1900267e848ceeba8fa32d80c1a5f5a8"", ""city"": ""ibitinga"", ""state"": ""SP""}], ""order_status"": ""delivered"", ""customer_state"": ""MG"", ""item_prices"": [8399]}"
8343719a3a2ba5f03b26696bccdc754c,999397669bd546fee85ffa4a5124abe3,3700,1510,2017-11-08T22:03:54+00:00,open,olist,False,"{""seller_ids"": [""7d76b645482be4a332374e8223836592""], ""seller_locations"": [{""seller_id"": ""7d76b645482be4a332374e8223836592"", ""city"": ""sao paulo"", ""state"": ""SP""}], ""order_status"": ""delivered"", ""customer_state"": ""SC"", ""item_prices"": [2190]}"
eb97cb9c0ed7c74852c09b053bf513c0,51186e97f76f5e2c6feb3be05065b977,1778,778,2017-11-08T22:24:04+00:00,open,olist,False,"{""seller_ids"": [""7e3f87d16fb353f408d467e74fbd8014""], ""seller_locations"": [{""seller_id"": ""7e3f87d16fb353f408d467e74fbd8014"", ""city"": ""sao paulo"", ""state"": ""SP""}], ""order_status"": ""delivered"", ""customer_state"": ""SP"", ""item_prices"": [1000]}"
356fd0826eb73e2f62ab842bfe38b4c3,c65cd71596c64eb012337d19ec8c7ec7,21128,3228,2017-11-08T22:37:01+00:00,open,olist,False,"{""seller_ids"": [""3d871de0142ce09b7081e2b9d1733cb1""], ""seller_locations"": [{""seller_id"": ""3d871de0142ce09b7081e2b9d1733cb1"", ""city"": ""campo limpo paulista"", ""state"": ""SP""}], ""order_status"": ""delivered"", ""customer_state"": ""SP"", ""item_prices"": [17900]}"
be6619cf0f41dbf6491aafc3b5a0d638,3490168e3acaf7c79dc72a00dfaa500b,19264,2360,2017-11-08T22:49:54+00:00,open,olist,False,"{""seller_ids"": [""a416b6a846a11724393025641d4edd5e""], ""seller_locations"": [{""seller_id"": ""a416b6a846a11724393025641d4edd5e"", ""city"": ""sao paulo"", ""state"": ""SP""}], ""order_status"": ""delivered"", ""customer_state"": ""SP"", ""item_prices"": [8452, 8452]}"
24385282a9d0bd77f93f0dd5accbb592,f093c0084073c0a6eb9e3da83fb205bf,13900,910,2017-11-08T22:50:01+00:00,open,olist,False,"{""seller_ids"": [""b2ba3715d723d245138f291a6fe42594""], ""seller_locations"": [{""seller_id"": ""b2ba3715d723d245138f291a6fe42594"", ""city"": ""sao paulo"", ""state"": ""SP""}], ""order_status"": ""delivered"", ""customer_state"": ""SP"", ""item_prices"": [12990]}"
164dbb4002232a772ca7a4c9b51eec97,efa386c68ee843c10ab73a3f506b8f7c,3215,1185,2017-11-08T22:53:22+00:00,open,olist,False,"{""seller_ids"": [""e5a3438891c0bfdb9394643f95273d8e""], ""seller_locations"": [{""seller_id"": ""e5a3438891c0bfdb9394643f95273d8e"", ""city"": ""limeira"", ""state"": ""SP""}], ""order_status"": ""delivered"", ""customer_state"": ""SP"", ""item_prices"": [2030]}"
05b3b36808b4c685d4a2753ad6fec9a3,1b3f87983f51dc8069dbb2fa88d6303f,7416,1417,2017-11-08T22:54:00+00:00,open,olist,False,"{""seller_ids"": [""43f8c9950d11ecd03a0304a49e010da6""], ""seller_locations"": [{""seller_id"": ""43f8c9950d11ecd03a0304a49e010da6"", ""city"": ""carapicuiba"", ""state"": ""SP""}], ""order_status"": ""delivered"", ""customer_state"": ""SC"", ""item_prices"": [5999]}"
4c5c8e4d5eb79a80f344aa59a4d8d04c,4eb6fcfd481ef3c2ab3afba135ef4bcc,20790,5890,2017-11-08T22:57:01+00:00,open,olist,False,"{""seller_ids"": [""5b581417df4480f632484ba681e53944""], ""seller_locations"": [{""seller_id"": ""5b581417df4480f632484ba681e53944"", ""city"": ""florianopolis"", ""state"": ""SC""}], ""order_status"": ""delivered"", ""customer_state"": ""SP"", ""item_prices"": [14900]}"
5b30ad24f4e7ba20015ff2f3c2c30aa5,cf54a1aa8d1c6a5c89a1e006503fe3b4,11785,1795,2017-11-08T23:00:54+00:00,open,olist,False,"{""seller_ids"": [""bd23da7354813347129d751591d1a6e2""], ""seller_locations"": [{""seller_id"": ""bd23da7354813347129d751591d1a6e2"", ""city"": ""sao paulo"", ""state"": ""SP""}], ""order_status"": ""delivered"", ""customer_state"": ""MG"", ""item_prices"": [9990]}"
6a3f1f1fc8944e768c77c0df361679f4,03a9caea366a84e3e6015a26f097c83a,7507,1617,2017-11-08T23:03:19+00:00,open,olist,False,"{""seller_ids"": [""ebd2d60905fb58271facef5596b620d3""], ""seller_locations"": [{""seller_id"": ""ebd2d60905fb58271facef5596b620d3"", ""city"": ""lencois paulista"", ""state"": ""SP""}], ""order_status"": ""delivered"", ""customer_state"": ""PR"", ""item_prices"": [5890]}"
c2e69397a4831c2a5860d032ddbbe8f0,8b4a48873b894bf55ec077439584a8d8,4759,1760,2017-11-08T23:03:48+00:00,open,olist,False,"{""seller_ids"": [""9f505651f4a6abe901a56cdc21508025""], ""seller_locations"": [{""seller_id"": ""9f505651f4a6abe901a56cdc21508025"", ""city"": ""sao paulo"", ""state"": ""SP""}], ""order_status"": ""delivered"", ""customer_state"": ""PR"", ""item_prices"": [2999]}"
c464b6868164be2381b58e1fc6caa2f7,de7aaf28dc616344f3b9549f1716d70c,82075,9625,2017-11-08T23:19:24+00:00,open,olist,False,"{""seller_ids"": [""41b39e28db005d9731d9d485a83b4c38""], ""seller_locations"": [{""seller_id"": ""41b39e28db005d9731d9d485a83b4c38"", ""city"": ""santo andre"", ""state"": ""SP""}], ""order_status"": ""delivered"", ""customer_state"": ""BA"", ""item_prices"": [14490, 14490, 14490, 14490, 14490]}"
e130e08b65b9f7e69f6d1d02faf39488,7456e305ab57ae3df0391f4275d1ba3c,12738,1381,2017-11-08T23:26:55+00:00,open,olist,False,"{""seller_ids"": [""cca3071e3e9bb7d12640c9fbe2301306""], ""seller_locations"": [{""seller_id"": ""cca3071e3e9bb7d12640c9fbe2301306"", ""city"": ""ibitinga"", ""state"": ""SP""}], ""order_status"": ""delivered"", ""customer_state"": ""SP"", ""item_prices"": [11357]}"
90f6254d7d1be81c8b501dec6668d86a,29b36e8709db24db3e302e60a2245a1c,6540,1250,2017-11-08T23:28:18+00:00,open,olist,False,"{""seller_ids"": [""1d29dfba02015238dfbe2449a5eaa361""], ""seller_locations"": [{""seller_id"": ""1d29dfba02015238dfbe2449a5eaa361"", ""city"": ""vicosa"", ""state"": ""MG""}], ""order_status"": ""delivered"", ""customer_state"": ""MG"", ""item_prices"": [5290]}"
29bfedddd3697cd54c2388547b1864b5,776cad3fee13e08b582b75eb3cff929b,16572,2802,2017-11-08T23:36:36+00:00,open,olist,False,"{""seller_ids"": [""1c129092bf23f28a5930387c980c0dfc""], ""seller_locations"": [{""seller_id"": ""1c129092bf23f28a5930387c980c0dfc"", ""city"": ""sao paulo"", ""state"": ""SP""}], ""order_status"": ""delivered"", ""customer_state"": ""SP"", ""item_prices"": [4590, 4590, 4590]}"
f7666cba3dd9242a500443d3a1c9ad46,c24e666b3337f7fc472cb2312efe1e24,9073,2573,2017-11-08T23:42:09+00:00,open,olist,False,"{""seller_ids"": [""c9c7905cffc4ef9ff9f113554423e671""], ""seller_locations"": [{""seller_id"": ""c9c7905cffc4ef9ff9f113554423e671"", ""city"": ""itapecerica da serra"", ""state"": ""SP""}], ""order_status"": ""delivered"", ""customer_state"": ""PE"", ""item_prices"": [6500]}"
400a23ca82e66aa5fb9d5017c381f27d,b63b174849b8c1f8eeb009d2d57db644,16079,2579,2017-11-09T00:00:42+00:00,open,olist,False,"{""seller_ids"": [""855668e0971d4dfd7bef1b6a4133b41b""], ""seller_locations"": [{""seller_id"": ""855668e0971d4dfd7bef1b6a4133b41b"", ""city"": ""itatiba"", ""state"": ""SP""}], ""order_status"": ""delivered"", ""customer_state"": ""SC"", ""item_prices"": [13500]}"
30fd7baf715c4bcd55f1a39c84e56b1d,79f702881c53df79e17ca351f94d9eec,4129,1679,2017-11-09T00:12:14+00:00,open,olist,False,"{""seller_ids"": [""37515688008a7a40ac93e3b2e4ab203f""], ""seller_locations"": [{""seller_id"": ""37515688008a7a40ac93e3b2e4ab203f"", ""city"": ""dracena"", ""state"": ""SP""}], ""order_status"": ""delivered"", ""customer_state"": ""BA"", ""item_prices"": [2450]}"
a68dcfa331c5289cc9a15c24e3c1e476,13e6b0e350ed161c70ce5447dfa173a5,17382,2392,2017-11-09T00:26:50+00:00,open,olist,False,"{""seller_ids"": [""1a3df491d1c4f1589fc2b934ada68bf2""], ""seller_locations"": [{""seller_id"": ""1a3df491d1c4f1589fc2b934ada68bf2"", ""city"": ""joinville"", ""state"": ""SC""}], ""order_status"": ""delivered"", ""customer_state"": ""MG"", ""item_prices"": [14990]}"
c19151387b76297886c53149367cac4d,d51f2db09ab57334edc3b1db9db5f9ba,6008,1410,2017-11-09T00:27:43+00:00,open,olist,False,"{""seller_ids"": [""903037660cf848a717166eb7a06d616e""], ""seller_locations"": [{""seller_id"": ""903037660cf848a717166eb7a06d616e"", ""city"": ""sao paulo"", ""state"": ""SP""}], ""order_status"": ""delivered"", ""customer_state"": ""RJ"", ""item_prices"": [2299, 2299]}"
c1d2b34febe9cd269e378117d6681172,9eae34bbd3a474ec5d07949ca7de67c0,27578,4980,2017-11-09T00:50:13+00:00,open,olist,False,"{""seller_ids"": [""7c67e1448b00f6e969d365cea6b010ab""], ""seller_locations"": [{""seller_id"": ""7c67e1448b00f6e969d365cea6b010ab"", ""city"": ""itaquaquecetuba"", ""state"": ""SP""}], ""order_status"": ""delivered"", ""customer_state"": ""PA"", ""item_prices"": [11299, 11299]}"
c3341ac81d23f61418efcca37cff454d,524b08d2c1603df81425b422efcae7bf,15728,2828,2017-11-09T01:23:34+00:00,open,olist,False,"{""seller_ids"": [""d94a40fd42351c259927028d163af842""], ""seller_locations"": [{""seller_id"": ""d94a40fd42351c259927028d163af842"", ""city"": ""baependi"", ""state"": ""MG""}], ""order_status"": ""delivered"", ""customer_state"": ""BA"", ""item_prices"": [12900]}"
b3c1851a1730d45ed539eec30414e580,de737e1b461fd8095d3f4e1eed55afaa,21891,5891,2017-11-09T02:42:06+00:00,open,olist,False,"{""seller_ids"": [""54965bbe3e4f07ae045b90b0b8541f52""], ""seller_locations"": [{""seller_id"": ""54965bbe3e4f07ae045b90b0b8541f52"", ""city"": ""foz do iguacu"", ""state"": ""PR""}], ""order_status"": ""delivered"", ""customer_state"": ""RO"", ""item_prices"": [16000]}"
ae5006e8bc74e1aba0f5f41bd117cdaa,49f5ddfc3fee09b6f009d45c5c947b7d,10730,1540,2017-11-09T04:25:35+00:00,open,olist,False,"{""seller_ids"": [""a23266650e7c84bb93fbbba502137478""], ""seller_locations"": [{""seller_id"": ""a23266650e7c84bb93fbbba502137478"", ""city"": ""porto alegre"", ""state"": ""RS""}], ""order_status"": ""delivered"", ""customer_state"": ""SP"", ""item_prices"": [9190]}"
79fe48b364804e62431c8f465e16f76e,f0d35e234997ee63e62d77f2c863fd3c,8271,2472,2017-11-09T06:13:41+00:00,cancelled,olist,False,"{""seller_ids"": [""c4b911d06343b21dd906651f8101cb49""], ""seller_locations"": [{""seller_id"": ""c4b911d06343b21dd906651f8101cb49"", ""city"": ""vera cruz"", ""state"": ""SP""}], ""order_status"": ""canceled"", ""customer_state"": ""SP"", ""item_prices"": [5799]}"
a2631791e4e10f8982af38bcdc3e09eb,af29e646c569f6ecdc3c6a6c83a22043,11817,1827,2017-11-09T07:30:46+00:00,open,olist,False,"{""seller_ids"": [""620c87c171fb2a6dd6e8bb4dec959fc6""], ""seller_locations"": [{""seller_id"": ""620c87c171fb2a6dd6e8bb4dec959fc6"", ""city"": ""petropolis"", ""state"": ""RJ""}], ""order_status"": ""delivered"", ""customer_state"": ""RS"", ""item_prices"": [9990]}"
3bb9b0ab151de6d32543f721e301d58b,1e4433d38115fa06e1276c9fe9dc9c16,21782,9802,2017-11-09T08:00:45+00:00,open,olist,False,"{""seller_ids"": [""527801b552d0077ffd170872eb49683b""], ""seller_locations"": [{""seller_id"": ""527801b552d0077ffd170872eb49683b"", ""city"": ""garca"", ""state"": ""SP""}], ""order_status"": ""delivered"", ""customer_state"": ""PR"", ""item_prices"": [5990, 5990]}"
5d7e30ce84d0d3813b10a6d0ffb7884f,318bd12e1c1068f2f0893f1c225813fe,14786,2386,2017-11-09T08:27:57+00:00,open,olist,False,"{""seller_ids"": [""6560211a19b47992c3666cc44a7e94c0""], ""seller_locations"": [{""seller_id"": ""6560211a19b47992c3666cc44a7e94c0"", ""city"": ""sao paulo"", ""state"": ""SP""}], ""order_status"": ""delivered"", ""customer_state"": ""SP"", ""item_prices"": [6500, 5900]}"
6e23efed2925ed4ed5a1f1d9e14aef78,e3753196e6a35f591e5bc087ec011abc,18672,1784,2017-11-09T08:42:35+00:00,open,olist,False,"{""seller_ids"": [""972d0f9cf61b499a4812cf0bfa3ad3c4""], ""seller_locations"": [{""seller_id"": ""972d0f9cf61b499a4812cf0bfa3ad3c4"", ""city"": ""brusque"", ""state"": ""SC""}], ""order_status"": ""delivered"", ""customer_state"": ""SP"", ""item_prices"": [8444, 8444]}"
578d7094e744d84a1f539b5bf4aa4928,df492b4304f78ee528c63813d1ad2e06,13907,2007,2017-11-09T08:50:03+00:00,open,olist,False,"{""seller_ids"": [""77530e9772f57a62c906e1c21538ab82""], ""seller_locations"": [{""seller_id"": ""77530e9772f57a62c906e1c21538ab82"", ""city"": ""curitiba"", ""state"": ""PR""}], ""order_status"": ""delivered"", ""customer_state"": ""MG"", ""item_prices"": [11900]}"
40ec2cf5cb1eb0bf1ea2b117552fecb5,668a97d6246427dbd84719e055c7c2f6,9028,1528,2017-11-09T08:55:21+00:00,open,olist,False,"{""seller_ids"": [""70a12e78e608ac31179aea7f8422044b""], ""seller_locations"": [{""seller_id"": ""70a12e78e608ac31179aea7f8422044b"", ""city"": ""jacarei"", ""state"": ""SP""}], ""order_status"": ""delivered"", ""customer_state"": ""GO"", ""item_prices"": [7500]}"
79a68130386b697623d584437942d0b5,13c9dda47d33c5e8f7794e17aaa38be1,17836,3346,2017-11-09T09:13:24+00:00,open,olist,False,"{""seller_ids"": [""729f06993dac8e860d4f02d7088ca48a""], ""seller_locations"": [{""seller_id"": ""729f06993dac8e860d4f02d7088ca48a"", ""city"": ""limeira"", ""state"": ""SP""}], ""order_status"": ""delivered"", ""customer_state"": ""PE"", ""item_prices"": [14490]}"
10747be3ee825f1a6d8bead521a4e55a,3714b9d31c4561ee723a2d90f69606a1,5169,1269,2017-11-09T09:16:20+00:00,open,olist,False,"{""seller_ids"": [""218d46b86c1881d022bce9c68a7d4b15""], ""seller_locations"": [{""seller_id"": ""218d46b86c1881d022bce9c68a7d4b15"", ""city"": ""ribeirao preto"", ""state"": ""SP""}], ""order_status"": ""delivered"", ""customer_state"": ""SP"", ""item_prices"": [3900]}"
7b8adf17d100cd7c851eff1f6496083a,9981513022a8761127f65c03c1d9d5f7,16751,2052,2017-11-09T09:33:15+00:00,open,olist,False,"{""seller_ids"": [""7ddcbb64b5bc1ef36ca8c151f6ec77df""], ""seller_locations"": [{""seller_id"": ""7ddcbb64b5bc1ef36ca8c151f6ec77df"", ""city"": ""sao paulo"", ""state"": ""SP""}], ""order_status"": ""delivered"", ""customer_state"": ""RJ"", ""item_prices"": [14699]}"
5720bc11a86749d980e65cac6e3ff08f,30a0640ac0c764b1bb8622eaa476de2f,33648,4649,2017-11-09T09:37:49+00:00,open,olist,False,"{""seller_ids"": [""b8bc237ba3788b23da09c0f1f3a3288c""], ""seller_locations"": [{""seller_id"": ""b8bc237ba3788b23da09c0f1f3a3288c"", ""city"": ""itajai"", ""state"": ""SC""}], ""order_status"": ""delivered"", ""customer_state"": ""PR"", ""item_prices"": [28999]}"
57597099a6ac29d8c13878e3945ce6ad,85b8e57bd6da1c3c8d360436213b9a9b,12701,1801,2017-11-09T09:40:08+00:00,open,olist,False,"{""seller_ids"": [""3d871de0142ce09b7081e2b9d1733cb1""], ""seller_locations"": [{""seller_id"": ""3d871de0142ce09b7081e2b9d1733cb1"", ""city"": ""campo limpo paulista"", ""state"": ""SP""}], ""order_status"": ""delivered"", ""customer_state"": ""RJ"", ""item_prices"": [10900]}"
35db0e3e9fffd2d0187b56f434931db4,d25cd3919a16f7166425b3d00717e60a,18594,1595,2017-11-09T09:41:45+00:00,open,olist,False,"{""seller_ids"": [""c9c7905cffc4ef9ff9f113554423e671""], ""seller_locations"": [{""seller_id"": ""c9c7905cffc4ef9ff9f113554423e671"", ""city"": ""itapecerica da serra"", ""state"": ""SP""}], ""order_status"": ""delivered"", ""customer_state"": ""ES"", ""item_prices"": [16999]}"
a7c15b0c36e82951ecee0ed6d850ebb0,bb490ef16aa39f140bfeb172ee89a45b,7275,1276,2017-11-09T09:45:40+00:00,open,olist,False,"{""seller_ids"": [""1900267e848ceeba8fa32d80c1a5f5a8""], ""seller_locations"": [{""seller_id"": ""1900267e848ceeba8fa32d80c1a5f5a8"", ""city"": ""ibitinga"", ""state"": ""SP""}], ""order_status"": ""delivered"", ""customer_state"": ""SP"", ""item_prices"": [5999]}"
3aa2bb5da854c543e0478288f4bb4301,ec0eaa175bd25624410b15627f6197df,5333,934,2017-11-09T09:51:36+00:00,open,olist,False,"{""seller_ids"": [""f680f85bee2d253556ac91be391d2c82""], ""seller_locations"": [{""seller_id"": ""f680f85bee2d253556ac91be391d2c82"", ""city"": ""carapicuiba"", ""state"": ""SP""}], ""order_status"": ""delivered"", ""customer_state"": ""SP"", ""item_prices"": [4399]}"
507ade1b30ebcd50657684efabcd135f,2eac18b475d7d985f0ab52b9c010f59f,4593,1173,2017-11-09T10:09:01+00:00,open,olist,False,"{""seller_ids"": [""ca3bd7cd9f149df75950150d010fe4a2""], ""seller_locations"": [{""seller_id"": ""ca3bd7cd9f149df75950150d010fe4a2"", ""city"": ""sao paulo"", ""state"": ""SP""}], ""order_status"": ""delivered"", ""customer_state"": ""SP"", ""item_prices"": [3420]}"
b479bb7a8182b9fcf71fccba6cfcf859,9aadb05aceef3671ab1ac129837e6a19,8415,2525,2017-11-09T10:20:31+00:00,open,olist,False,"{""seller_ids"": [""813348c996469b40f2e028d5429d3495""], ""seller_locations"": [{""seller_id"": ""813348c996469b40f2e028d5429d3495"", ""city"": ""jundiai"", ""state"": ""SP""}], ""order_status"": ""delivered"", ""customer_state"": ""MG"", ""item_prices"": [5890]}"
e936ad2dc09aa59fa1d6647ee72f1ead,f8945c1122a948f727f6cc5f56f02532,34195,4205,2017-11-09T10:22:36+00:00,open,olist,False,"{""seller_ids"": [""5dceca129747e92ff8ef7a997dc4f8ca""], ""seller_locations"": [{""seller_id"": ""5dceca129747e92ff8ef7a997dc4f8ca"", ""city"": ""santa barbara d\u00b4oeste"", ""state"": ""SP""}], ""order_status"": ""delivered"", ""customer_state"": ""SP"", ""item_prices"": [29990]}"
e32a917953bcef4f0dc22172bb6dec57,a13ea5067343ece449a13ccdfa4b388b,23528,1628,2017-11-09T10:34:47+00:00,open,olist,False,"{""seller_ids"": [""b33e7c55446eabf8fe1a42d037ac7d6d""], ""seller_locations"": [{""seller_id"": ""b33e7c55446eabf8fe1a42d037ac7d6d"", ""city"": ""pradopolis"", ""state"": ""SP""}], ""order_status"": ""delivered"", ""customer_state"": ""RJ"", ""item_prices"": [21900]}"
3e1f23a0732ed12cf355a855e7b84a58,27f88ecdda08ca7521374e9644642bba,5811,1511,2017-11-09T10:46:39+00:00,open,olist,False,"{""seller_ids"": [""f680f85bee2d253556ac91be391d2c82""], ""seller_locations"": [{""seller_id"": ""f680f85bee2d253556ac91be391d2c82"", ""city"": ""carapicuiba"", ""state"": ""SP""}], ""order_status"": ""delivered"", ""customer_state"": ""MG"", ""item_prices"": [4300]}"
a07355f9fa72ba9605c5e87a93ceac0c,82b10cac246970ffdf60e1d93a9a9816,7757,1767,2017-11-09T10:48:18+00:00,open,olist,False,"{""seller_ids"": [""1f50f920176fa81dab994f9023523100""], ""seller_locations"": [{""seller_id"": ""1f50f920176fa81dab994f9023523100"", ""city"": ""sao jose do rio preto"", ""state"": ""SP""}], ""order_status"": ""delivered"", ""customer_state"": ""SC"", ""item_prices"": [5990]}"
670c2c5576afd689e7694569bd7a16fc,46ae1d535796f9407468dc3de56463c3,8514,1524,2017-11-09T10:56:48+00:00,open,olist,False,"{""seller_ids"": [""4e922959ae960d389249c378d1c939f5""], ""seller_locations"": [{""seller_id"": ""4e922959ae960d389249c378d1c939f5"", ""city"": ""jacarei"", ""state"": ""SP""}], ""order_status"": ""delivered"", ""customer_state"": ""RJ"", ""item_prices"": [6990]}"
d1292690e5d721165cfcbc331e8c46ca,c6b6b60c58ee97f4536c1eba5c2d110c,15122,1267,2017-11-09T11:03:55+00:00,open,olist,False,"{""seller_ids"": [""376a891762bbdecbc02b4b6adec3fdda""], ""seller_locations"": [{""seller_id"": ""376a891762bbdecbc02b4b6adec3fdda"", ""city"": ""goiania"", ""state"": ""GO""}], ""order_status"": ""delivered"", ""customer_state"": ""GO"", ""item_prices"": [13855]}"
97e25bac8d2e92f5d90a5e43925bb85f,b671e82f0b2f2e714a51d67da28843e9,4410,1510,2017-11-09T11:05:38+00:00,open,olist,False,"{""seller_ids"": [""6560211a19b47992c3666cc44a7e94c0""], ""seller_locations"": [{""seller_id"": ""6560211a19b47992c3666cc44a7e94c0"", ""city"": ""sao paulo"", ""state"": ""SP""}], ""order_status"": ""delivered"", ""customer_state"": ""SC"", ""item_prices"": [2900]}"
0f13cc32312efa26fb2a0f9176f070d2,3ed0874522994e4546f6867dd2e15e7f,6246,1269,2017-11-09T11:05:48+00:00,open,olist,False,"{""seller_ids"": [""a2e874074c877c5a05abae80ad6e488f""], ""seller_locations"": [{""seller_id"": ""a2e874074c877c5a05abae80ad6e488f"", ""city"": ""sao jose do rio preto"", ""state"": ""SP""}], ""order_status"": ""delivered"", ""customer_state"": ""SP"", ""item_prices"": [4977]}"
97b29283af3491c2c82f26f6f848d210,13f6b0a02ae595d07b4754cd8d2cfaca,13805,2815,2017-11-09T11:09:51+00:00,open,olist,False,"{""seller_ids"": [""c003204e1ab016dfa150abc119207b24""], ""seller_locations"": [{""seller_id"": ""c003204e1ab016dfa150abc119207b24"", ""city"": ""cajamar"", ""state"": ""SP""}], ""order_status"": ""delivered"", ""customer_state"": ""MT"", ""item_prices"": [10990]}"
9c4f3693a36ba481e0d9da739679660c,f9242445fc633a8871f2a6c4a033c8bf,37284,1344,2017-11-09T11:10:13+00:00,open,olist,False,"{""seller_ids"": [""1f50f920176fa81dab994f9023523100""], ""seller_locations"": [{""seller_id"": ""1f50f920176fa81dab994f9023523100"", ""city"": ""sao jose do rio preto"", ""state"": ""SP""}], ""order_status"": ""delivered"", ""customer_state"": ""SP"", ""item_prices"": [5990, 5990, 5990, 5990, 5990, 5990]}"
c4644f8b9bfad66c5105dbfa8f74b65b,e1cc99aeefde14c615a58d95db131e1b,6500,1510,2017-11-09T11:19:34+00:00,open,olist,False,"{""seller_ids"": [""0be8ff43f22e456b4e0371b2245e4d01""], ""seller_locations"": [{""seller_id"": ""0be8ff43f22e456b4e0371b2245e4d01"", ""city"": ""sao paulo"", ""state"": ""SP""}], ""order_status"": ""delivered"", ""customer_state"": ""RJ"", ""item_prices"": [4990]}"
8193580d95dea97d43937711060b2846,da1e7179b9c5a1494d78528cbcf05aa0,139179,5179,2017-11-09T11:20:34+00:00,open,olist,False,"{""seller_ids"": [""53243585a1d6dc2643021fd1853d8905""], ""seller_locations"": [{""seller_id"": ""53243585a1d6dc2643021fd1853d8905"", ""city"": ""lauro de freitas"", ""state"": ""BA""}], ""order_status"": ""delivered"", ""customer_state"": ""SC"", ""item_prices"": [134000]}"
b04d84637e699400841a0140b25cf027,10407344bb5d7f2c0f855f00aa03a256,5301,1511,2017-11-09T11:27:30+00:00,open,olist,False,"{""seller_ids"": [""bb7a14e229b1c95156719c3d9552eeee""], ""seller_locations"": [{""seller_id"": ""bb7a14e229b1c95156719c3d9552eeee"", ""city"": ""rio de janeiro"", ""state"": ""RJ""}], ""order_status"": ""delivered"", ""customer_state"": ""SP"", ""item_prices"": [3790]}"
caf1e4cf5f0a231f4b65e485884dc4aa,0f07f80fc5d33a2d274a55d022b88346,34202,1702,2017-11-09T11:46:27+00:00,open,olist,False,"{""seller_ids"": [""f7ba60f8c3f99e7ee4042fdef03b70c4""], ""seller_locations"": [{""seller_id"": ""f7ba60f8c3f99e7ee4042fdef03b70c4"", ""city"": ""sao bernardo do campo"", ""state"": ""SP""}], ""order_status"": ""delivered"", ""customer_state"": ""MG"", ""item_prices"": [32500]}"
