id,counterparty_id,amount,received_at,reference,original_reference,memo,simulated,duplicate_of,meta
9808a7f5f5446817c3ebf7a804111d53-p1,5c96a1394a3f018245c5eac45e612efb,3268,2017-11-02T00:15:49+00:00,9808a7f5f5446817c3ebf7a804111d53,,,False,,"{""payment_type"": ""credit_card"", ""payment_sequential"": 1, ""payment_installments"": 3}"
c1055c3c83d15a7d43c7b6e3f283ae53-p1,b919a9e7991eda8bd286ed35446ee463,19427,2017-11-02T02:35:44+00:00,c1055c3c83d15a7d43c7b6e3f283ae53,,,False,,"{""payment_type"": ""boleto"", ""payment_sequential"": 1, ""payment_installments"": 1}"
ed130013de4053d7678825d4d8e7deb1-p1,0d5bb565f5c4f342681cc1bbaf817f5d,4576,2017-11-01T00:55:21+00:00,ed130013de4053d7678825d4d8e7deb1,,,False,,"{""payment_type"": ""credit_card"", ""payment_sequential"": 1, ""payment_installments"": 1}"
08b450b388221bfe5472ed23887a7564-p1,25e840a7c51ad06c616051ef05610c86,16741,2017-11-01T02:06:10+00:00,08b450b388221bfe5472ed23887a7564,,,False,,"{""payment_type"": ""credit_card"", ""payment_sequential"": 1, ""payment_installments"": 2}"
af29f3d2878958723720a759676814e7-p3,738ffcf1017b584e9d2684b36e07469c,287,2017-11-01T13:31:20+00:00,af29f3d2878958723720a759676814e7,,,False,,"{""payment_type"": ""voucher"", ""payment_sequential"": 3, ""payment_installments"": 1}"
af29f3d2878958723720a759676814e7-p1,738ffcf1017b584e9d2684b36e07469c,22793,2017-11-01T13:31:20+00:00,af29f3d2878958723720a759676814e7,,,False,,"{""payment_type"": ""credit_card"", ""payment_sequential"": 1, ""payment_installments"": 10}"
af29f3d2878958723720a759676814e7-p2,738ffcf1017b584e9d2684b36e07469c,1712,2017-11-01T13:31:20+00:00,af29f3d2878958723720a759676814e7,,,False,,"{""payment_type"": ""voucher"", ""payment_sequential"": 2, ""payment_installments"": 1}"
8444b7e4c41755b890c97056b19e4713-p1,af721b7063b42fe531599b5fe3f75b59,4000,2017-11-02T02:27:30+00:00,8444b7e4c41755b890c97056b19e4713,,,False,,"{""payment_type"": ""boleto"", ""payment_sequential"": 1, ""payment_installments"": 1}"
029f37989dcd7c9b928028086d68034b-p1,c8f4f0e903ec33304d2c7a5301a94c7e,8615,2017-11-01T08:15:19+00:00,029f37989dcd7c9b928028086d68034b,,,False,,"{""payment_type"": ""credit_card"", ""payment_sequential"": 1, ""payment_installments"": 2}"
71a49be8a212eb4987b67078140a1434-p1,3fc38cc525568f74580977683ec6d4ad,7656,2017-11-01T14:31:33+00:00,71a49be8a212eb4987b67078140a1434,,,False,,"{""payment_type"": ""credit_card"", ""payment_sequential"": 1, ""payment_installments"": 1}"
67f4aab5a932827f4b8c6ad59033701d-p1,1e77ca4b55d1249c3c4f45b4e41b7767,10778,2017-11-02T12:25:22+00:00,67f4aab5a932827f4b8c6ad59033701d,,,False,,"{""payment_type"": ""credit_card"", ""payment_sequential"": 1, ""payment_installments"": 3}"
88981e5b92eb0fc6291a66ce7b892029-p1,30a81e307f19e822e7199139fe52b1b0,3200,2017-11-01T12:32:19+00:00,88981e5b92eb0fc6291a66ce7b892029,,,False,,"{""payment_type"": ""credit_card"", ""payment_sequential"": 1, ""payment_installments"": 1}"
79eb12da9830f52ecee0bfda719fbefe-p1,fc3809b4bc01fc63d6135541882299d0,17736,2017-11-01T12:45:11+00:00,79eb12da9830f52ecee0bfda719fbefe,,,False,,"{""payment_type"": ""credit_card"", ""payment_sequential"": 1, ""payment_installments"": 4}"
09425a70c5acc9730fc3e17c1e81ac2c-p1,f8b71035443a05f1089f98519e97b63e,23869,2017-11-01T12:45:15+00:00,09425a70c5acc9730fc3e17c1e81ac2c,,,False,,"{""payment_type"": ""credit_card"", ""payment_sequential"": 1, ""payment_installments"": 3}"
25c9e543b6963d52aae26badeed1e26c-p1,35ee5bf590d47cd9c6cf08565382b770,7466,2017-11-01T12:45:49+00:00,25c9e543b6963d52aae26badeed1e26c,,,False,,"{""payment_type"": ""credit_card"", ""payment_sequential"": 1, ""payment_installments"": 5}"
97b91c745aa3a478f4e00df4c15069e6-p1,dc1dfaa9ef5d24bea5b9103b13d253fc,12516,2017-11-01T12:45:49+00:00,97b91c745aa3a478f4e00df4c15069e6,,,False,,"{""payment_type"": ""credit_card"", ""payment_sequential"": 1, ""payment_installments"": 10}"
62c56a57f999877042b4e8a6fb4264f2-p1,5b3354f75d78184339b67dfabdeac97b,2260,2017-11-01T12:45:53+00:00,62c56a57f999877042b4e8a6fb4264f2,,,False,,"{""payment_type"": ""credit_card"", ""payment_sequential"": 1, ""payment_installments"": 2}"
8777f25a50cd8f37e46fc4c8a222bad6-p1,452342fe6775efdea29aed288b89456d,26689,2017-11-01T12:45:48+00:00,8777f25a50cd8f37e46fc4c8a222bad6,,,False,,"{""payment_type"": ""credit_card"", ""payment_sequential"": 1, ""payment_installments"": 3}"
fd1272ba40a94a5fbc6e9548a8486867-p1,31d01917860b026341cdde17c942b59b,7459,2017-11-09T15:15:38+00:00,fd1272ba40a94a5fbc6e9548a8486867,,,False,,"{""payment_type"": ""boleto"", ""payment_sequential"": 1, ""payment_installments"": 1}"
c3f309f7d0ad0cf3b17a58447ed8ade8-p1,c5a2c5b988459060be5f07e0a4c01a98,12407,2017-11-01T12:55:29+00:00,c3f309f7d0ad0cf3b17a58447ed8ade8,,,False,,"{""payment_type"": ""credit_card"", ""payment_sequential"": 1, ""payment_installments"": 1}"
0ac1d3244719cbbfbc0574631fb0186e-p1,3a65bbea5554e3fc6f568a2526d2bfac,4400,2017-11-01T13:31:18+00:00,0ac1d3244719cbbfbc0574631fb0186e,,,False,,"{""payment_type"": ""credit_card"", ""payment_sequential"": 1, ""payment_installments"": 1}"
0ecc87706e05dcabbbfe5aa29767e9d0-p1,b1972e951abdf114b6ebc0182b3b31c6,108744,2017-11-02T02:15:45+00:00,0ecc87706e05dcabbbfe5aa29767e9d0,,,False,,"{""payment_type"": ""boleto"", ""payment_sequential"": 1, ""payment_installments"": 1}"
a6f1dca3527b8ae1a077c9c9375d9f06-p1,a438f83805f67b26a97db7536b3a35e3,9526,2017-11-01T13:06:31+00:00,a6f1dca3527b8ae1a077c9c9375d9f06,,,False,,"{""payment_type"": ""credit_card"", ""payment_sequential"": 1, ""payment_installments"": 5}"
a69a5c4111d73ce3dcdf4f24e97ef673-p1,6a09b8412b1e72b3486c67bc14ac42a2,16851,2017-11-01T13:06:27+00:00,a69a5c4111d73ce3dcdf4f24e97ef673,,,False,,"{""payment_type"": ""credit_card"", ""payment_sequential"": 1, ""payment_installments"": 2}"
a6b7a54fd0db4d3a5d6c9d6af0aae6d1-p1,8af3ab48d408b04c0ea4f59545c45439,22204,2017-11-01T13:10:09+00:00,a6b7a54fd0db4d3a5d6c9d6af0aae6d1,,,False,,"{""payment_type"": ""credit_card"", ""payment_sequential"": 1, ""payment_installments"": 10}"
fc771479e2cf9914989d97b1bd35324c-p1,d32b8ac3cc18fb9f8430e8bb907b3078,7608,2017-11-03T12:15:27+00:00,fc771479e2cf9914989d97b1bd35324c,,,False,,"{""payment_type"": ""credit_card"", ""payment_sequential"": 1, ""payment_installments"": 7}"
c6d8f474e874648f28e2947840899635-p1,657dec397f46d84dbe64df2b0389b3cc,8806,2017-11-01T13:11:18+00:00,c6d8f474e874648f28e2947840899635,,,False,,"{""payment_type"": ""debit_card"", ""payment_sequential"": 1, ""payment_installments"": 1}"
ab640e57ace8f9edd426ca8a503d3169-p1,f09b7e700d193bbd8e00f3ec54ad0195,6660,2017-11-01T13:15:22+00:00,ab640e57ace8f9edd426ca8a503d3169,,,False,,"{""payment_type"": ""credit_card"", ""payment_sequential"": 1, ""payment_installments"": 6}"
74c7a458cadc2f76c4ec8354d32d0d9d-p1,278c74f960feeb2f4743d48a70f9bdf8,5511,2017-11-01T13:15:20+00:00,74c7a458cadc2f76c4ec8354d32d0d9d,,,False,,"{""payment_type"": ""credit_card"", ""payment_sequential"": 1, ""payment_installments"": 1}"
5dbbb88d9ab8820dbe265323e2ab44a9-p1,85a5edce6d603b18b5eb60c05f755e4f,69586,2017-11-01T13:15:24+00:00,5dbbb88d9ab8820dbe265323e2ab44a9,,,True,,"{""payment_type"": ""credit_card"", ""payment_sequential"": 1, ""payment_installments"": 8, ""fault_id"": ""E"", ""fee_pct"": 2.5, ""shortfall_centavos"": 1784}"
e840776569b2a5eff2a4ca6bc5be8ad0-p1,ca59f10d5962ce3f6f7c524f118f5aa3,15327,2017-11-02T02:26:46+00:00,e840776569b2a5eff2a4ca6bc5be8ad0,,,False,,"{""payment_type"": ""boleto"", ""payment_sequential"": 1, ""payment_installments"": 1}"
93aeb5597e77e0da848f2118531a7d3a-p1,bab25785bc0b036a7065bb1c5c5710de,16751,2017-11-01T13:31:19+00:00,93aeb5597e77e0da848f2118531a7d3a,,,False,,"{""payment_type"": ""boleto"", ""payment_sequential"": 1, ""payment_installments"": 1}"
867711b4834ce56a43da811777ea6ec4-p1,fc7b10310fe6110e2a4a967fe04c39a7,6501,2017-11-01T13:31:19+00:00,867711b4834ce56a43da811777ea6ec4,,,False,,"{""payment_type"": ""credit_card"", ""payment_sequential"": 1, ""payment_installments"": 1}"
b45255a6696ebb8f53915a109a16458a-p1,ff66d86dd60a80525875a584d0f5d399,12529,2017-11-01T13:31:18+00:00,b45255a6696ebb8f53915a109a16458a,,,False,,"{""payment_type"": ""credit_card"", ""payment_sequential"": 1, ""payment_installments"": 4}"
5e1a8017512badbdf543b509991dba6d-p1,b2c10a20dc7be6c0df3715ad93805bdd,23528,2017-11-01T13:31:18+00:00,5e1a8017512badbdf543b509991dba6d,,,False,,"{""payment_type"": ""credit_card"", ""payment_sequential"": 1, ""payment_installments"": 4}"
1a8727bd046055a86c1103773d39bcf0-p1,da4f9f9ac73ecec9f3a1ee1c0de6d6d9,7334,2017-11-02T02:16:33+00:00,1a8727bd046055a86c1103773d39bcf0,,,False,,"{""payment_type"": ""boleto"", ""payment_sequential"": 1, ""payment_installments"": 1}"
374e0b8ea6151d5eb1c3a6b4936b2953-p1,a36f546abad892a0322ac21fda994db1,35367,2017-11-02T02:15:45+00:00,374e0b8ea6151d5eb1c3a6b4936b2953,,,False,,"{""payment_type"": ""boleto"", ""payment_sequential"": 1, ""payment_installments"": 1}"
4a49f0eb11c5d69be2aec70f0368cb90-p1,3ddc223389095845491ea42d872a09dd,7372,2017-11-01T13:46:19+00:00,4a49f0eb11c5d69be2aec70f0368cb90,,,False,,"{""payment_type"": ""credit_card"", ""payment_sequential"": 1, ""payment_installments"": 1}"
45639343ad340a0a092f8bc8788e051e-p1,7d8c7a2965d9a38d34c6e471d125e269,3782,2017-11-04T04:15:48+00:00,45639343ad340a0a092f8bc8788e051e,,,False,,"{""payment_type"": ""boleto"", ""payment_sequential"": 1, ""payment_installments"": 1}"
6b022a73dc1fa183cdc18cb9c255d60c-p1,73601b1eec55943e90ce8d61253d5c09,103434,2017-11-04T05:15:22+00:00,6b022a73dc1fa183cdc18cb9c255d60c,,,False,,"{""payment_type"": ""boleto"", ""payment_sequential"": 1, ""payment_installments"": 1}"
326056a428af991a9b566275682fe31e-p1,68a7cbc4da3a25cf5da1f4628e2ec1e9,8764,2017-11-01T14:31:32+00:00,326056a428af991a9b566275682fe31e,,,False,,"{""payment_type"": ""credit_card"", ""payment_sequential"": 1, ""payment_installments"": 3}"
6048965213d0e9e87381d8b78dc9f9fc-p1,a45554d9171c5622be450212f6ff0f1a,9257,2017-11-01T14:31:32+00:00,6048965213d0e9e87381d8b78dc9f9fc,,,False,,"{""payment_type"": ""credit_card"", ""payment_sequential"": 1, ""payment_installments"": 3}"
4247a3af0d215e63b216c45c7bafa881-p1,447c2071517506f2d8617a89224afa08,39702,2017-11-01T14:31:33+00:00,4247a3af0d215e63b216c45c7bafa881,,,False,,"{""payment_type"": ""credit_card"", ""payment_sequential"": 1, ""payment_installments"": 1}"
ab30f8d4ebb7d33d1dcf54d420ea42cd-p1,971b1719d3b2f6221dd8c5d1afb5cf2f,6652,2017-11-02T13:55:26+00:00,ab30f8d4ebb7d33d1dcf54d420ea42cd,,,False,,"{""payment_type"": ""credit_card"", ""payment_sequential"": 1, ""payment_installments"": 3}"
d9a2eba69ba6350b8552f12c3342f315-p1,b38b0ec7d754b2d5e31f854185ef6c01,11718,2017-11-01T14:31:33+00:00,d9a2eba69ba6350b8552f12c3342f315,,,False,,"{""payment_type"": ""credit_card"", ""payment_sequential"": 1, ""payment_installments"": 10}"
792f1532bbdaff5ccc712b2555ca442a-p1,cf8b814a6c0a336488440154bebfb046,9602,2017-11-01T14:31:34+00:00,792f1532bbdaff5ccc712b2555ca442a,,,False,,"{""payment_type"": ""credit_card"", ""payment_sequential"": 1, ""payment_installments"": 1}"
bc04e2bb63324cc86f60dccdc3f568cf-p1,48109d2c6b2edba91c3146a83ba631ac,5510,2017-11-01T14:31:32+00:00,bc04e2bb63324cc86f60dccdc3f568cf,,,False,,"{""payment_type"": ""credit_card"", ""payment_sequential"": 1, ""payment_installments"": 3}"
ed149e6c2ed9dc9748702e5e9cb7483c-p1,4daa117393e38a804850e13486899605,6833,2017-11-02T02:31:12+00:00,ed149e6c2ed9dc9748702e5e9cb7483c,,,False,,"{""payment_type"": ""boleto"", ""payment_sequential"": 1, ""payment_installments"": 1}"
a70ff61f0d853a260f33d7a6cda42e8e-p2,1b68d14e3ade3dc6d174ed730f0516f7,16921,2017-11-01T14:26:04+00:00,a70ff61f0d853a260f33d7a6cda42e8e,,,False,,"{""payment_type"": ""voucher"", ""payment_sequential"": 2, ""payment_installments"": 1}"
a70ff61f0d853a260f33d7a6cda42e8e-p1,1b68d14e3ade3dc6d174ed730f0516f7,11003,2017-11-01T14:26:04+00:00,a70ff61f0d853a260f33d7a6cda42e8e,,,False,,"{""payment_type"": ""credit_card"", ""payment_sequential"": 1, ""payment_installments"": 2}"
65dfd5eb6f5db48fcf9b5e4f5c8f1391-p1,cf2eeb3d980701df47a96b80b31bd5ce,19672,2017-11-01T14:31:34+00:00,65dfd5eb6f5db48fcf9b5e4f5c8f1391,,,False,,"{""payment_type"": ""credit_card"", ""payment_sequential"": 1, ""payment_installments"": 1}"
0e36f41f9315618b83a395ecfc7b47fa-p1,4be6b69e888b296631d72107b2409276,41445,2017-11-01T14:31:33+00:00,0e36f41f9315618b83a395ecfc7b47fa,,,False,,"{""payment_type"": ""credit_card"", ""payment_sequential"": 1, ""payment_installments"": 3}"
503835e65064755671a55973619b9eb7-p1,e603eedffffb8727efe1100bb564594b,17384,2017-11-01T14:31:33+00:00,503835e65064755671a55973619b9eb7,,,False,,"{""payment_type"": ""credit_card"", ""payment_sequential"": 1, ""payment_installments"": 2}"
42d3e75e0854c6fb73d399d877d76395-p1,dc675dde53d1a70cdaf8c91326f67280,40381,2017-11-01T14:31:32+00:00,42d3e75e0854c6fb73d399d877d76395,,,False,,"{""payment_type"": ""credit_card"", ""payment_sequential"": 1, ""payment_installments"": 8}"
6ec283e06546387eaab356a4764d8298-p1,83dd39563df1fa45fd1a6a7e682b2787,5615,2017-11-02T02:16:07+00:00,6ec283e06546387eaab356a4764d8298,,,False,,"{""payment_type"": ""boleto"", ""payment_sequential"": 1, ""payment_installments"": 1}"
bc99558709784e3ae0b9f8dbff8c06f0-p1,0c17966568c69f8f827f574911f8b729,2777,2017-11-01T14:45:51+00:00,bc99558709784e3ae0b9f8dbff8c06f0,,,False,,"{""payment_type"": ""credit_card"", ""payment_sequential"": 1, ""payment_installments"": 1}"
3e191ce3f3742cbcfedc1d60b15254d2-p1,cf78a9bb84d3893c1d378adb4a42fdf5,3910,2017-11-01T14:45:50+00:00,3e191ce3f3742cbcfedc1d60b15254d2,,,False,,"{""payment_type"": ""credit_card"", ""payment_sequential"": 1, ""payment_installments"": 3}"
d8480a959e66ee2eb4420d02a097be49-p1,e68142d59d8b0bb613a994dd9c72d356,72372,2017-11-01T15:10:16+00:00,d8480a959e66ee2eb4420d02a097be49,,,False,,"{""payment_type"": ""boleto"", ""payment_sequential"": 1, ""payment_installments"": 1}"
97e080a21be085e3e36d5f7c0f8f0b43-p1,427e0d240e383d4a63ae6ab7dfece988,9376,2017-11-01T14:50:13+00:00,97e080a21be085e3e36d5f7c0f8f0b43,,,False,,"{""payment_type"": ""credit_card"", ""payment_sequential"": 1, ""payment_installments"": 9}"
93677192c2b70d8aa87b208b46fe9a09-p1,4f813bcb1fc6c14a209ca59014318750,10717,2017-11-01T14:55:16+00:00,93677192c2b70d8aa87b208b46fe9a09,,,False,,"{""payment_type"": ""credit_card"", ""payment_sequential"": 1, ""payment_installments"": 4}"
ff098b9342213641be5da8163f0fcf2c-p1,c1eed380c5284f6d86f7263653ef215f,137383,2017-11-04T05:05:35+00:00,ff098b9342213641be5da8163f0fcf2c,,,False,,"{""payment_type"": ""boleto"", ""payment_sequential"": 1, ""payment_installments"": 1}"
b7c400fbb50b45a369d320a0b1dc3040-p1,e4f70444be096c3988db17b185baa29b,13459,2017-11-01T14:55:16+00:00,b7c400fbb50b45a369d320a0b1dc3040,,,False,,"{""payment_type"": ""credit_card"", ""payment_sequential"": 1, ""payment_installments"": 1}"
a1b541c5eedff59d42c867f78a823fdc-p1,7a3e8038f94725db6da2a8c6b171f880,14426,2017-11-01T14:55:21+00:00,a1b541c5eedff59d42c867f78a823fdc,,,False,,"{""payment_type"": ""credit_card"", ""payment_sequential"": 1, ""payment_installments"": 2}"
07ddc871675f337ce763af5edb521194-p1,82095d3b7c6a379278d9d6a851248581,24876,2017-11-02T02:16:26+00:00,07ddc871675f337ce763af5edb521194,,,False,,"{""payment_type"": ""boleto"", ""payment_sequential"": 1, ""payment_installments"": 1}"
b9d63f11f4b5207d094ab26ba17ab0b2-p1,58e64b227af6b30e4e201fe5765c4f76,9330,2017-11-01T15:08:25+00:00,b9d63f11f4b5207d094ab26ba17ab0b2,,,False,,"{""payment_type"": ""credit_card"", ""payment_sequential"": 1, ""payment_installments"": 1}"
6be4566ff84c15f3069e3751958576dd-p1,4eda116add853323e439c104b7d0824c,7334,2017-11-01T15:30:55+00:00,6be4566ff84c15f3069e3751958576dd,,,False,,"{""payment_type"": ""credit_card"", ""payment_sequential"": 1, ""payment_installments"": 7}"
b11a2fc0664cad475e2700523625a1e6-p1,e2ce734f0bd635b4b82317b5e5fcd152,7113,2017-11-01T16:31:05+00:00,b11a2fc0664cad475e2700523625a1e6,,,False,,"{""payment_type"": ""credit_card"", ""payment_sequential"": 1, ""payment_installments"": 2}"
a6e164bcfe0ced3f1ce18e4c42202820-p1,e2ce734f0bd635b4b82317b5e5fcd152,8917,2017-11-01T16:31:05+00:00,a6e164bcfe0ced3f1ce18e4c42202820,,,False,,"{""payment_type"": ""credit_card"", ""payment_sequential"": 1, ""payment_installments"": 2}"
1f9835b3f1bac0471bfe78932aac63ff-p1,a881a409a6410d97b34c81929ef8294f,9327,2017-11-01T16:31:05+00:00,1f9835b3f1bac0471bfe78932aac63ff,,,False,,"{""payment_type"": ""credit_card"", ""payment_sequential"": 1, ""payment_installments"": 4}"
040f214f2ec8be892fee452b52a96f1f-p1,d22aa24da72728e2998df9ca9aca4b64,21220,2017-11-01T16:31:05+00:00,040f214f2ec8be892fee452b52a96f1f,,,True,,"{""payment_type"": ""credit_card"", ""payment_sequential"": 1, ""payment_installments"": 10, ""fault_id"": ""E"", ""fee_pct"": 2.5, ""shortfall_centavos"": 544}"
f21cd4bd6f6e9d39426b98c64f73e041-p1,9717f9d43aea52321082725e4db61e78,5959,2017-11-01T16:31:05+00:00,f21cd4bd6f6e9d39426b98c64f73e041,,,False,,"{""payment_type"": ""credit_card"", ""payment_sequential"": 1, ""payment_installments"": 4}"
33e0807c2b09499ec0026e216114cefe-p1,cb5c545d96f39390b7f372aaa88c4a7e,5510,2017-11-01T16:31:06+00:00,33e0807c2b09499ec0026e216114cefe,,,False,,"{""payment_type"": ""credit_card"", ""payment_sequential"": 1, ""payment_installments"": 5}"
6bdf0266efb0d65c6c32bc9e3d762e92-p1,b6cf39bd4b5366458bd15a532baeefa1,6873,2017-11-01T16:31:06+00:00,6bdf0266efb0d65c6c32bc9e3d762e92,,,False,,"{""payment_type"": ""debit_card"", ""payment_sequential"": 1, ""payment_installments"": 1}"
80cc0c2852de298dd40b80a78677f13e-p1,5bb19317ef9d70891de66fd7f3a8e4e8,4938,2017-11-01T16:31:04+00:00,80cc0c2852de298dd40b80a78677f13e,,,False,,"{""payment_type"": ""credit_card"", ""payment_sequential"": 1, ""payment_installments"": 4}"
f3d16f376226096b304be07d6307f731-p1,c99a310aa2d94c58c25c532640dc1721,41121,2017-11-01T16:35:09+00:00,f3d16f376226096b304be07d6307f731,,,False,,"{""payment_type"": ""credit_card"", ""payment_sequential"": 1, ""payment_installments"": 4}"
61a38ccd48075ef5117f661ffac57f0a-p1,11dbfe44e786e8b50df65bb358f352aa,7757,2017-11-01T16:50:18+00:00,61a38ccd48075ef5117f661ffac57f0a,,,False,,"{""payment_type"": ""credit_card"", ""payment_sequential"": 1, ""payment_installments"": 1}"
dd16e5eb87375ae00ddc33be8f099ba8-p1,e6f14cc50b766632514e291ea5588d04,5010,2017-11-01T17:31:14+00:00,dd16e5eb87375ae00ddc33be8f099ba8,,,False,,"{""payment_type"": ""credit_card"", ""payment_sequential"": 1, ""payment_installments"": 1}"
da9fa9ec3c77fa353f8eb20146bc9d6d-p1,eeeea3e11b9a1e3ce7fccb795bd85c3e,2354,2017-11-01T17:31:14+00:00,da9fa9ec3c77fa353f8eb20146bc9d6d,,,False,,"{""payment_type"": ""credit_card"", ""payment_sequential"": 1, ""payment_installments"": 1}"
1c82977a662054f8170766914b02e7ca-p1,233969687c07d62583272804174101bd,3309,2017-11-01T17:31:14+00:00,1c82977a662054f8170766914b02e7ca,,,False,,"{""payment_type"": ""credit_card"", ""payment_sequential"": 1, ""payment_installments"": 1}"
00602f25bffa1dcfb71e202fbf9824fb-p1,a4e15c3b37a5bdc379b5d9a8b7b37450,9392,2017-11-02T02:35:31+00:00,00602f25bffadcfb71e202fbf9824fb,00602f25bffa1dcfb71e202fbf9824fb,,True,,"{""payment_type"": ""boleto"", ""payment_sequential"": 1, ""payment_installments"": 1, ""fault_id"": ""B""}"
a13f2110ae8bab95d529304f3b2dbbc1-p1,17adee22dcf49a12b49cfc38e9f6397f,10616,2017-11-01T18:31:01+00:00,a13f2110ae8bab95d529304f3b2dbbc1,,,False,,"{""payment_type"": ""credit_card"", ""payment_sequential"": 1, ""payment_installments"": 8}"
beda117d944f8b1067fa38d063eff0e7-p1,a0eaf25d81955744d16309d2954b8a4a,5500,2017-11-01T18:15:31+00:00,beda117d944f8b1067fa38d063eff0e7,,,False,,"{""payment_type"": ""credit_card"", ""payment_sequential"": 1, ""payment_installments"": 1}"
4fefc3f74b4239ec72723cde525a1522-p1,cd60953fbe070a440b5967020f76f51c,19512,2017-11-04T03:46:03+00:00,4fefc3f74b4239ec72723cde525a1522,,,False,,"{""payment_type"": ""boleto"", ""payment_sequential"": 1, ""payment_installments"": 1}"
3e43f42c0a7ba91dfa09d2bfa1969c2f-p1,5536c239ecfb58b8960053c6f855b4cc,10616,2017-11-01T18:31:00+00:00,3e43f42c0a7ba91dfa09d2bfa1969c2f,,,False,,"{""payment_type"": ""credit_card"", ""payment_sequential"": 1, ""payment_installments"": 3}"
014e36af18c280a94d880a16b2f00713-p1,c2919fbdb45366551c1e80d5cb35cd3f,8538,2017-11-02T02:35:56+00:00,014e36af18c280a94d880a61b2f00713,014e36af18c280a94d880a16b2f00713,,True,,"{""payment_type"": ""boleto"", ""payment_sequential"": 1, ""payment_installments"": 1, ""fault_id"": ""B""}"
24cee263ae15271412b77854eb10b840-p1,b090fd67efe21ab297f5c0c6cb040e31,60743,2017-11-02T18:25:33+00:00,24cee263ae15271412b77854eb10b840,,,False,,"{""payment_type"": ""credit_card"", ""payment_sequential"": 1, ""payment_installments"": 10}"
63e9e738932324be5afdf33f891e4848-p1,2b8b1eb7ab53ac16a2b1e60e3ab0c4fb,8800,2017-11-01T19:35:59+00:00,63e9e738932324be5afdf33f891e4848,,,False,,"{""payment_type"": ""credit_card"", ""payment_sequential"": 1, ""payment_installments"": 1}"
3c97549bb72f1b9c0917dc29d750b34e-p1,3915ea5d3b1ac707a26f87ea92a4d3eb,16661,2017-11-03T14:10:37+00:00,3c97549bb72f1b9c0917dc29d750b34e,,,False,,"{""payment_type"": ""credit_card"", ""payment_sequential"": 1, ""payment_installments"": 4}"
05d27719c66597da0628a53f6009ed67-p1,75190022751fc37ea481648582f29503,25476,2017-11-01T19:31:11+00:00,05d27719c66597da0628a53f6009ed67,,,False,,"{""payment_type"": ""credit_card"", ""payment_sequential"": 1, ""payment_installments"": 5}"
9d53bad43766cf49aaffe9115114e484-p1,d1c8715bae84b5dce39cbb6aa1945d8c,33547,2017-11-01T19:50:21+00:00,9d53bad43766cf49aaffe9115114e484,,,False,,"{""payment_type"": ""credit_card"", ""payment_sequential"": 1, ""payment_installments"": 10}"
96546cd9fabb272850cb06f473cdeaeb-p1,59d942400cce7ef9f2f2cf6ee4df6c05,10119,2017-11-01T20:31:14+00:00,96546cd9fabb272850cb06f473cdeaeb,,,False,,"{""payment_type"": ""credit_card"", ""payment_sequential"": 1, ""payment_installments"": 2}"
ac66a6311540888f9742530ab8d3115c-p1,2ec2e8e0032d1f21c997fe6276b767ce,20576,2017-11-01T20:31:13+00:00,ac66a6311540888f9742530ab8d3115c,,,False,,"{""payment_type"": ""credit_card"", ""payment_sequential"": 1, ""payment_installments"": 5}"
786a54ce0cf9dab273f41727d56f96ec-p1,da4a999adcf6645f862d333271068632,24399,2017-11-02T20:10:23+00:00,786a54ce0cf9dab273f41727d56f96ec,,,False,,"{""payment_type"": ""credit_card"", ""payment_sequential"": 1, ""payment_installments"": 1}"
0b9705637e1c3ef0cc684ae4f190964b-p1,2b2a8548b5552173e43563660de11e2f,9721,2017-11-01T21:31:23+00:00,0b9705637e1c3ef0cc684ae4f190964b,,,False,,"{""payment_type"": ""boleto"", ""payment_sequential"": 1, ""payment_installments"": 1}"
a41147091da0a907ca54accc4bf5b231-p1,1bd5ffb847db8a89dee6f626e863713c,71965,2017-11-01T20:50:35+00:00,a41147091da0a907ca54accc4bf5b231,,,False,,"{""payment_type"": ""credit_card"", ""payment_sequential"": 1, ""payment_installments"": 8}"
810f4bc7b92deb70c372bde414b6bbb6-p1,ad1a4069ee33b2920a5905b2ee117b1e,11102,2017-11-01T21:06:07+00:00,810f4bc7b92deb70c372bde414b6bbb6,,,False,,"{""payment_type"": ""credit_card"", ""payment_sequential"": 1, ""payment_installments"": 3}"
264f3762919b6ad2a8cae65fd1202106-p1,17be6cead254c429e33adb6da0cb6352,7494,2017-11-01T21:05:53+00:00,264f3762919b6ad2a8cae65fd1202106,,,False,,"{""payment_type"": ""credit_card"", ""payment_sequential"": 1, ""payment_installments"": 1}"
7a14a70f9fa2682df5021dff14f9c356-p1,686bcbf0796c1627d0b9cef57e94808e,15926,2017-11-01T21:31:26+00:00,7a14a70f9fa2682df5021dff14f9c356,,,False,,"{""payment_type"": ""credit_card"", ""payment_sequential"": 1, ""payment_installments"": 7}"
0bcde0684eba5746bbb90d6d9089570a-p1,f944ee56d8467517955c2ddc7b0d486a,15523,2017-11-01T21:31:25+00:00,0bcde0684eba5746bbb90d6d9089570a,,,False,,"{""payment_type"": ""credit_card"", ""payment_sequential"": 1, ""payment_installments"": 1}"
dc9e43fc2961dea28d6a462186ad624f-p1,cb722b9ae87c28dd0fee3d6e42e5a9bd,8172,2017-11-01T21:31:24+00:00,dc9e43fc2961dea28d6a462186ad624f,,,False,,"{""payment_type"": ""credit_card"", ""payment_sequential"": 1, ""payment_installments"": 3}"
94c71635b9b6045f84dd6cdfd105d2ce-p1,811a64d5765612c8b8727cd2990e77e6,59676,2017-11-01T21:45:22+00:00,94c71635b9b6045f84dd6cdfd105d2ce,,,False,,"{""payment_type"": ""credit_card"", ""payment_sequential"": 1, ""payment_installments"": 10}"
da896a5afe7d1b0ae249c2c0bccb89d3-p1,75ff587e87e047a7e00f75bbcab17c00,9995,2017-11-01T22:31:01+00:00,da896a5afe7d1b0ae249c2c0bccb89d3,,,False,,"{""payment_type"": ""voucher"", ""payment_sequential"": 1, ""payment_installments"": 1}"
da39c74861319e1493b1c77b6222958a-p1,4ffd7cf05f22d7a320750a2f9e73f665,25648,2017-11-01T21:55:23+00:00,da39c74861319e1493b1c77b6222958a,,,False,,"{""payment_type"": ""credit_card"", ""payment_sequential"": 1, ""payment_installments"": 10}"
ab797176e01c2fa3d13aa1fe3e63d9ee-p1,3e6fd6b2f0d499456a6a6820a40f2d79,5462,2017-11-01T22:06:00+00:00,ab797176e01c2fa3d13aa1fe3e63d9ee,,,False,,"{""payment_type"": ""credit_card"", ""payment_sequential"": 1, ""payment_installments"": 5}"
d6e320ab3eb91f810c2a3296998bdcc8-p2,1e4cc816f19bd6063bbde77d555bcb53,4204,2017-11-01T22:25:59+00:00,d6e320ab3eb91f810c2a3296998bdcc8,,,False,,"{""payment_type"": ""voucher"", ""payment_sequential"": 2, ""payment_installments"": 1}"
d6e320ab3eb91f810c2a3296998bdcc8-p1,1e4cc816f19bd6063bbde77d555bcb53,9661,2017-11-01T22:25:59+00:00,d6e320ab3eb91f810c2a3296998bdcc8,,,False,,"{""payment_type"": ""credit_card"", ""payment_sequential"": 1, ""payment_installments"": 5}"
2f4ed6d6a154e53f5593682472f8e6ea-p1,53667cd51563647cf8dda0c45b343eb0,6349,2017-11-01T22:36:21+00:00,2f4ed6d6a154e53f5593682472f8e6ea,,,False,,"{""payment_type"": ""credit_card"", ""payment_sequential"": 1, ""payment_installments"": 1}"
e3e9a2046c37eea9713341a3994bcf52-p1,a14cb3472bf2cfb01f84874affb504c2,82874,2017-11-01T22:45:14+00:00,e3e9a2046c37eea9713341a3994bcf52,,,False,,"{""payment_type"": ""credit_card"", ""payment_sequential"": 1, ""payment_installments"": 10}"
77b9ceb8cf451ae51ef8327983efd9d3-p1,af6fd41490042a993cc1d33e42e859ae,20676,2017-11-01T22:45:10+00:00,77b9ceb8cf451ae51ef8327983efd9d3,,,False,,"{""payment_type"": ""credit_card"", ""payment_sequential"": 1, ""payment_installments"": 8}"
8826b56d45c25577190e5c91fdca2a61-p1,9343b1983b98b641123d716978deb844,5775,2017-11-01T22:45:15+00:00,8826b56d45c25577190e5c91fdca2a61,,,False,,"{""payment_type"": ""credit_card"", ""payment_sequential"": 1, ""payment_installments"": 1}"
6113b6607a9b3dba19df73168d0923e7-p1,43234ad7fbde5ca583237e699ecf6941,21515,2017-11-01T22:50:32+00:00,6113b6607a9b3dba19df73168d0923e7,,,False,,"{""payment_type"": ""credit_card"", ""payment_sequential"": 1, ""payment_installments"": 3}"
0744f9056deb109779f1b309822c0d02-p1,325c0de20cb6d263ccb0d4b4ccd0bf83,38825,2017-11-01T22:55:30+00:00,0744f9056deb109779f1b309822c0d02,,,False,,"{""payment_type"": ""credit_card"", ""payment_sequential"": 1, ""payment_installments"": 8}"
b4ef3881b4bce051c6ffcacae8ff12f6-p1,7c91d411b91063ecbf088d9835b0912c,34377,2017-11-04T04:56:19+00:00,b4ef3881b4bce051c6ffcacae8ff12f6,,,False,,"{""payment_type"": ""boleto"", ""payment_sequential"": 1, ""payment_installments"": 1}"
c1163af85cdf883a08dbedc7c26ad8ce-p1,876a262de02307eaa2e7c5c07627d850,81935,2017-11-01T23:51:04+00:00,c1163af85cdf883a08dbedc7c26ad8ce,,,False,,"{""payment_type"": ""credit_card"", ""payment_sequential"": 1, ""payment_installments"": 10}"
e122415106f4ed9ba92695a54bca9889-p1,da65d809b169852c1817a1939e4839a2,65415,2017-11-04T06:10:21+00:00,e122415106f4ed9ba92695a54bca9889,,,False,,"{""payment_type"": ""boleto"", ""payment_sequential"": 1, ""payment_installments"": 1}"
c09ea37d3dd207e756102d311bcdff13-p1,15690fe754d0f93ccba74a474bf31b4b,7334,2017-11-02T00:35:47+00:00,c09ea37d3dd207e756102d311bcdff13,,,False,,"{""payment_type"": ""credit_card"", ""payment_sequential"": 1, ""payment_installments"": 1}"
08a1ae3618b37c278906f99c6a97fe1d-p1,174a20d05ce3833ac66877e7649aee57,13173,2017-11-04T08:05:27+00:00,08a1ae3618b37c278906f99c6a97fe1d,,,False,,"{""payment_type"": ""boleto"", ""payment_sequential"": 1, ""payment_installments"": 1}"
9c6f6c76170c49670bb21ee1eb1a87e5-p1,2311b108adb023be56ce88c35b66ddd1,41052,2017-11-02T00:45:40+00:00,9c6f6c76170c49670bb21ee1eb1a87e5,,,False,,"{""payment_type"": ""credit_card"", ""payment_sequential"": 1, ""payment_installments"": 8}"
609891a2ed5547ff8096ccb06022a826-p1,d20c006baf398a938c2b1fbbf9aa9c54,16571,2017-11-02T01:05:53+00:00,609891a2ed5547ff8096ccb06022a826,,,False,,"{""payment_type"": ""credit_card"", ""payment_sequential"": 1, ""payment_installments"": 2}"
8a2629274a548e155cba08215435391a-p1,944c48a5eb418eebf66fdddd731b387f,26931,2017-11-02T01:46:37+00:00,8a2629274a548e155cba08215435391a,,,False,,"{""payment_type"": ""credit_card"", ""payment_sequential"": 1, ""payment_installments"": 3}"
0cb32545f515420d9f3cba2c55ae3c4f-p1,5d8f99c602be552d9707f3bd77c24d36,28979,2017-11-02T04:46:47+00:00,0cb32545f515420d9f3cba2c55ae3c4f,,,False,,"{""payment_type"": ""credit_card"", ""payment_sequential"": 1, ""payment_installments"": 2}"
398c1e801f251d4b305bb3e2e4eb2e14-p1,4ab734257fb3a7e0ba87961169cb17e5,19463,2017-11-03T05:45:40+00:00,398c1e801f251d4b305bb3e2e4eb2e14,,,False,,"{""payment_type"": ""credit_card"", ""payment_sequential"": 1, ""payment_installments"": 4}"
af0e2fb7a59adcdd21cf571e4ef18ca8-p1,b9012591f0071cffde9744468f7b4103,22869,2017-11-02T08:35:23+00:00,af0e2fb7a59adcdd21cf571e4ef18ca8,,,False,,"{""payment_type"": ""credit_card"", ""payment_sequential"": 1, ""payment_installments"": 3}"
044223df7cb37509bfeb2a0df1250ca4-p1,6c37a02a22b0afc98eef8508398a06c2,13289,2017-11-02T09:35:30+00:00,044223df7cb37509bfeb2a0df1250ca4,,,True,,"{""payment_type"": ""credit_card"", ""payment_sequential"": 1, ""payment_installments"": 6, ""fault_id"": ""E"", ""fee_pct"": 2.5, ""shortfall_centavos"": 341}"
a82922658c32130591989ddab7111ed6-p1,c035cedb61d638d3e8b48521a714a86e,61769,2017-11-02T09:45:18+00:00,a82922658c32130591989ddab7111ed6,,,False,,"{""payment_type"": ""credit_card"", ""payment_sequential"": 1, ""payment_installments"": 10}"
60de731b89e8c9651392a445b2813ff9-p1,d5d5fef2e7bc65667e835cf8b7d8ee15,23355,2017-11-02T10:06:18+00:00,60de731b89e8c9651392a445b2813ff9,,,False,,"{""payment_type"": ""credit_card"", ""payment_sequential"": 1, ""payment_installments"": 10}"
c70fef01838263b8faae59464fd721a3-p1,ed83458aeab7795e07b8b53bc983c008,36720,2017-11-04T11:30:56+00:00,c70fef01838263b8faae59464fd721a3,,,False,,"{""payment_type"": ""credit_card"", ""payment_sequential"": 1, ""payment_installments"": 8}"
1bfa854220b28ba00aff2b4c40daf3ee-p1,f73623e9a837ef6edaf0c0f958fd5dd3,27393,2017-11-02T10:50:34+00:00,1bfa854220b28ba00aff2b4c40daf3ee,,,False,,"{""payment_type"": ""credit_card"", ""payment_sequential"": 1, ""payment_installments"": 2}"
bcedf990f0c3bda8b094040f2f332327-p1,4faddb71b28a095ba04a31c33d1062c8,5950,2017-11-04T06:15:22+00:00,bcedf990f0c3bda8b094040f2f332327,,,False,,"{""payment_type"": ""boleto"", ""payment_sequential"": 1, ""payment_installments"": 1}"
b9ae09da0b039cc190c9d1cb607a4392-p1,fc360164eb368b0eb12c1d5eb2bf5e0d,147951,2017-11-02T11:10:45+00:00,b9ae09da0b039cc190c9d1cb607a4392,,,False,,"{""payment_type"": ""credit_card"", ""payment_sequential"": 1, ""payment_installments"": 8}"
2860d23a9117630b980b55b7705a38e3-p1,974444820df2071adf9a67db0a5a29d9,5308,2017-11-02T11:15:28+00:00,2860d23a9117630b980b55b7705a38e3,,,False,,"{""payment_type"": ""credit_card"", ""payment_sequential"": 1, ""payment_installments"": 3}"
2a236d408cbbdc06f6019be47dbab042-p1,c9c8c74d8dcfc0780d40a15dea13551b,12733,2017-11-04T06:50:24+00:00,2a236d408cbbdc06f6019be47dbab042,,,False,,"{""payment_type"": ""boleto"", ""payment_sequential"": 1, ""payment_installments"": 1}"
cb1ef5be56747ab6c5ef7271ecf4e12c-p1,ef0d6b4370be581cc86e7c5f4dfaa608,13450,2017-11-02T11:35:24+00:00,cb1ef5be56747ab6c5ef7271ecf4e12c,,,False,,"{""payment_type"": ""credit_card"", ""payment_sequential"": 1, ""payment_installments"": 2}"
c7d39a7f0c5d83662fa4c587f21f5d82-p1,8337b30c655f04397bf9d00091475419,3471,2017-11-02T11:30:36+00:00,c7d39a7f0c5d83662fa4c587f21f5d82,,,False,,"{""payment_type"": ""credit_card"", ""payment_sequential"": 1, ""payment_installments"": 3}"
313e3fc72246d0f98bde45c221c7bcec-p1,7d555efc335e63f35a6ade84172d52fd,11390,2017-11-02T11:45:16+00:00,313e3fc72246d0f98bde45c221c7bcec,,,False,,"{""payment_type"": ""credit_card"", ""payment_sequential"": 1, ""payment_installments"": 1}"
ef71baaa81b69c4e549f11776ec90f97-p1,bfb4ff02bbd5e54a6a855c1809b42acc,9856,2017-11-02T11:45:44+00:00,ef71baaa81b69c4e549f11776ec90f97,,,False,,"{""payment_type"": ""credit_card"", ""payment_sequential"": 1, ""payment_installments"": 4}"
648a268c494bbf8c97c03ec64c2ff4d3-p1,ea45fdfe8aaa3f81604b23a652c49fcf,13747,2017-11-04T06:55:33+00:00,648a268c494bbf8c97c03ec64c2ff4d3,,,False,,"{""payment_type"": ""boleto"", ""payment_sequential"": 1, ""payment_installments"": 1}"
d878a5313be350f1299ab46a1bed9254-p1,c1a6e1283669b13f25bd663ebdad7931,8889,2017-11-02T11:50:28+00:00,d878a5313be350f1299ab46a1bed9254,,,False,,"{""payment_type"": ""credit_card"", ""payment_sequential"": 1, ""payment_installments"": 2}"
a6ba5666a43bd5cdaf4a6b0ea268ecf4-p1,0f6d099f1459871a9024668427f9c308,62135,2017-11-03T20:30:53+00:00,a6ba5666a43bd5cdaf4a6b0ea268ecf4,,,False,,"{""payment_type"": ""boleto"", ""payment_sequential"": 1, ""payment_installments"": 1}"
526043f9d39d510f7a79547410cd3318-p1,7baac76b8ecd2581992afa42a7544934,6410,2017-11-02T12:05:18+00:00,526043f9d39d510f7a79547410cd3318,,,False,,"{""payment_type"": ""credit_card"", ""payment_sequential"": 1, ""payment_installments"": 2}"
cbea6b1435a20cbc8c49dfdc50479912-p1,3c631f7224998f22c0fa884a2e04e39c,20948,2017-11-02T12:10:26+00:00,cbea6b1435a20cbc8c49dfdc50479912,,,False,,"{""payment_type"": ""credit_card"", ""payment_sequential"": 1, ""payment_installments"": 5}"
ccb305c5e4d5aba538319152fb92cd7f-p1,67eaf8d467b1997da697f2626bd9a179,6520,2017-11-04T05:45:53+00:00,ccb305c5e4d5aba538319152fb92cd7f,,,False,,"{""payment_type"": ""boleto"", ""payment_sequential"": 1, ""payment_installments"": 1}"
935e2b59d8831e7e158e0a2bbf8f91c3-p1,d41c136aac45f5b7aa28714fd05b0813,3709,2017-11-02T12:10:21+00:00,935e2b59d8831e7e158e0a2bbf8f91c3,,,False,,"{""payment_type"": ""credit_card"", ""payment_sequential"": 1, ""payment_installments"": 3}"
a2170cb2f7d51530c5190dd418a448e0-p1,72a3dba8de3d1b2d6f89946e019ad958,4110,2017-11-02T12:15:21+00:00,a2170cb2f7d51530c5190dd418a448e0,,,False,,"{""payment_type"": ""credit_card"", ""payment_sequential"": 1, ""payment_installments"": 3}"
0b382db57a557ff7703eaba5e991e7fb-p1,bfb1a102e6fe99d83c5e78e58370a8de,77500,2017-11-02T12:15:31+00:00,0b382db57a557ff7703eaba5e991e7fb,,,False,,"{""payment_type"": ""credit_card"", ""payment_sequential"": 1, ""payment_installments"": 5}"
f7a4e1c2017112249debd47b25a811a1-p1,6c9c4be72fee6872d9af6242374dcb66,17758,2017-11-02T12:25:55+00:00,f7a4e1c2017112249debd47b25a811a1,,,False,,"{""payment_type"": ""credit_card"", ""payment_sequential"": 1, ""payment_installments"": 1}"
8e96b092573364fa542b5c5fb3a9d9a3-p1,3b05dd546557d202fbbe3c502fa3c009,71888,2017-11-04T03:35:31+00:00,8e96b092573364fa542b5c5fb3a9d9a3,,,False,,"{""payment_type"": ""boleto"", ""payment_sequential"": 1, ""payment_installments"": 1}"
1ee5be25d6e54e1ea3c75d3fc9ca3d6f-p1,b61ca21a9f10b3373c257ff5a1a1ef65,24957,2017-11-02T12:50:34+00:00,1ee5be25d6e54e1ea3c75d3fc9ca3d6f,,,False,,"{""payment_type"": ""credit_card"", ""payment_sequential"": 1, ""payment_installments"": 10}"
d9a34b9554a76f98e59becbf5b49a871-p1,ef5947984bf1aad3ed84c0ad7da9f059,21639,2017-11-02T13:25:21+00:00,d9a34b9554a76f98e59becbf5b49a871,,,False,,"{""payment_type"": ""credit_card"", ""payment_sequential"": 1, ""payment_installments"": 15}"
2794756d0dcdb379ce5fd0639e300a31-p1,caadc9a4b4dfe30f56f399821b71c6c3,148810,2017-11-02T13:25:20+00:00,2794756d0dcdb379ce5fd0639e300a31,,,True,,"{""payment_type"": ""credit_card"", ""payment_sequential"": 1, ""payment_installments"": 2, ""fault_id"": ""E"", ""fee_pct"": 2.5, ""shortfall_centavos"": 3816}"
41932b54e17f6ae1f4be1f8886f47883-p2,aeb8478d4eba0ec09751b4c9341b3cac,5300,2017-11-02T13:25:46+00:00,41932b54e17f6ae1f4be1f8886f47883,,,False,,"{""payment_type"": ""credit_card"", ""payment_sequential"": 2, ""payment_installments"": 1}"
41932b54e17f6ae1f4be1f8886f47883-p1,aeb8478d4eba0ec09751b4c9341b3cac,3519,2017-11-02T13:25:46+00:00,41932b54e17f6ae1f4be1f8886f47883,,,False,,"{""payment_type"": ""credit_card"", ""payment_sequential"": 1, ""payment_installments"": 1}"
7a43bbe9766ce937332b6f9dcba36715-p1,0029bd580d3012618731f5abb174a07f,5238,2017-11-04T04:25:14+00:00,7a43bbe9766ce937332b6f9dcba36715,,,False,,"{""payment_type"": ""boleto"", ""payment_sequential"": 1, ""payment_installments"": 1}"
dac88f3694b76d45f308db1039604606-p1,6bffa9e961fdb229eca8dffbd00d5ccd,16365,2017-11-02T13:50:32+00:00,dac88f3694b76d45f308db1039604606,,,False,,"{""payment_type"": ""credit_card"", ""payment_sequential"": 1, ""payment_installments"": 3}"
5a67391875062bbd3116a5c00524648c-p1,f273c9986f56530612169a7a40dd9140,6085,2017-11-04T13:26:06+00:00,5a67391875062bbd3116a5c00524648c,,,False,,"{""payment_type"": ""credit_card"", ""payment_sequential"": 1, ""payment_installments"": 6}"
bca3a93a36b625ce7fca16d1e898ff63-p1,47fc77bc7a7c841e6b2f030aff4daf78,57958,2017-11-03T13:46:21+00:00,bca3a93a36b625ce7fca16d1e898ff63,,,False,,"{""payment_type"": ""credit_card"", ""payment_sequential"": 1, ""payment_installments"": 8}"
97c8513f2504aa8ec05534307a703dea-p2,0795aec8f109d675adec20dc0023cfe4,221,2017-11-02T14:15:29+00:00,97c8513f2504aa8ec05534307a703dea,,,False,,"{""payment_type"": ""voucher"", ""payment_sequential"": 2, ""payment_installments"": 1}"
97c8513f2504aa8ec05534307a703dea-p1,0795aec8f109d675adec20dc0023cfe4,2547,2017-11-02T14:15:29+00:00,97c8513f2504aa8ec05534307a703dea,,,False,,"{""payment_type"": ""credit_card"", ""payment_sequential"": 1, ""payment_installments"": 2}"
1544c3a5e5f00c3c65b8a7d5b83d7b04-p1,96604fae6eebbe739925d9be4a948601,9336,2017-11-02T14:25:42+00:00,1544c3a5e5f00c3c65b8a7d5b83d7b04,,,False,,"{""payment_type"": ""credit_card"", ""payment_sequential"": 1, ""payment_installments"": 1}"
b5a7a136bcc27a066780c0aa9b30d698-p1,04e692485d67794983507079ece729f3,24280,2017-11-02T14:25:40+00:00,b5a7a136bcc27a066780c0aa9b30d698,,,False,,"{""payment_type"": ""credit_card"", ""payment_sequential"": 1, ""payment_installments"": 4}"
555905de95610046be84df6313b3328e-p1,b46025afbb68faa3eae275eb50eb2966,34873,2017-11-02T14:30:28+00:00,555905de95610046be84df6313b3328e,,,False,,"{""payment_type"": ""credit_card"", ""payment_sequential"": 1, ""payment_installments"": 4}"
30552396e65cfc4856e8520b7867414f-p1,005f4b46e70bbd3295a38e2fd28d6566,6390,2017-11-02T14:46:16+00:00,30552396e65cfc4856e8520b7867414f,,,False,,"{""payment_type"": ""credit_card"", ""payment_sequential"": 1, ""payment_installments"": 1}"
be05142bba741bcf0fde07b5c9c40f48-p1,3e32aaf1cc485f176c9f19ab91943a5f,23815,2017-11-04T13:30:23+00:00,be05142bba741bcf0fde07b5c9c40f48,,,False,,"{""payment_type"": ""credit_card"", ""payment_sequential"": 1, ""payment_installments"": 3}"
19bf02099b31db3f2f5d1bfb4fbf49c4-p1,449865938212a6f6974766a5011247a8,11100,2017-11-02T15:05:46+00:00,19bf02099b31db3f2f5d1bfb4fbf49c4,,,False,,"{""payment_type"": ""credit_card"", ""payment_sequential"": 1, ""payment_installments"": 1}"
6964c3bbea3114b80d332a513c1763d4-p1,18902585037a6ccfcc4049a182ba5293,12624,2017-11-02T14:55:56+00:00,6964c3bbea3114b80d332a513c1763d4,,,False,,"{""payment_type"": ""credit_card"", ""payment_sequential"": 1, ""payment_installments"": 1}"
0fc34e566d3273325c404c113f4a8b2a-p1,930dfe46b364af81db0fb4828bce74c9,20507,2017-11-02T15:10:35+00:00,0fc34e566d3273325c404c113f4a8b2a,,,False,,"{""payment_type"": ""credit_card"", ""payment_sequential"": 1, ""payment_installments"": 2}"
142b64dc3a09842572df17bdca68b5f3-p1,922c07831bcff9a602e013a99c48938e,25643,2017-11-02T15:10:28+00:00,142b64dc3a09842572df17bdca68b5f3,,,False,,"{""payment_type"": ""credit_card"", ""payment_sequential"": 1, ""payment_installments"": 3}"
e72ba1ec61415d0cfa8ddfce38a35887-p1,99a9dd526536f7f19971e4f754cbd729,9851,2017-11-02T15:15:22+00:00,e72ba1ec61415d0cfa8ddfce38a35887,,,False,,"{""payment_type"": ""credit_card"", ""payment_sequential"": 1, ""payment_installments"": 2}"
486f425560be5cae65e5a3aa52a8dfaf-p1,ea00209a89ce539a19fb7de4a5b8d237,17783,2017-11-02T16:11:16+00:00,486f425560be5cae65e5a3aa52a8dfaf,,,False,,"{""payment_type"": ""credit_card"", ""payment_sequential"": 1, ""payment_installments"": 5}"
22c0902f5c8c0b291225dae683ea12ad-p1,4c7664fe61ccc32a474b83773c40ce17,11444,2017-11-02T15:30:59+00:00,22c0902f5c8c0b291225dae683ea12ad,,,False,,"{""payment_type"": ""credit_card"", ""payment_sequential"": 1, ""payment_installments"": 4}"
41dc608dc9ebdb998dc9b63c57eca204-p1,ec7f1811826ab04a27a92197bc40c888,29944,2017-11-02T15:26:15+00:00,41dc608dc9ebdb998dc9b63c57eca204,,,False,,"{""payment_type"": ""credit_card"", ""payment_sequential"": 1, ""payment_installments"": 10}"
906d4efc060eee725d73e93dc6de8eee-p1,5806b2a3f14eb5221103741839c44284,6278,2017-11-02T15:36:10+00:00,906d4efc060eee725d73e93dc6de8eee,,,False,,"{""payment_type"": ""credit_card"", ""payment_sequential"": 1, ""payment_installments"": 1}"
9fe660037a9d47d9497e2b45f902d869-p1,5bb8a67ac07b79525183f566a4bd4af1,6310,2017-11-04T15:10:30+00:00,9fe660037a9d47d9497e2b45f902d869,,,False,,"{""payment_type"": ""credit_card"", ""payment_sequential"": 1, ""payment_installments"": 4}"
68cc65e4e8c5d7c8590c6d9d7aedba0c-p1,5cee614881d2b4cccc3378dcc933578d,3635,2017-11-04T05:35:58+00:00,68cc65e4e8c5d7c8590c6d9d7aedba0c,,,False,,"{""payment_type"": ""boleto"", ""payment_sequential"": 1, ""payment_installments"": 1}"
682332c2474e425ea23c40848faa25e2-p1,f2b309d635229f7ff00c0ec3ca616d92,18493,2017-11-02T15:55:31+00:00,682332c2474e425ea23c40848faa25e2,,,False,,"{""payment_type"": ""credit_card"", ""payment_sequential"": 1, ""payment_installments"": 8}"
4fa9bcd761fc05ff16003d340c907acc-p1,23040ee89b8e44fbb6241f46daafbe11,6410,2017-11-04T06:25:50+00:00,4fa9bcd761fc05ff16003d340c907acc,,,False,,"{""payment_type"": ""boleto"", ""payment_sequential"": 1, ""payment_installments"": 1}"
b9db5aac3e7aaf40f7b79396800eef52-p1,46bb69f1b7665b472b77bdeee838fbd0,89593,2017-11-04T15:35:31+00:00,b9db5aac3e7aaf40f7b79396800eef52,,,False,,"{""payment_type"": ""credit_card"", ""payment_sequential"": 1, ""payment_installments"": 10}"
97b75ddaf041b0f141f0dc8617f58661-p1,1a6bd2815ac4d675cef027a2a2359e3d,26013,2017-11-02T16:30:25+00:00,97b75ddaf041b0f141f0dc8617f58661,,,False,,"{""payment_type"": ""credit_card"", ""payment_sequential"": 1, ""payment_installments"": 4}"
3cda3b82990d9613a19bac370a7b8907-p1,412c6ec29d51104253bcb1095dd03140,7956,2017-11-02T16:45:11+00:00,3cda3b82990d9613a19bac370a7b8907,,,False,,"{""payment_type"": ""credit_card"", ""payment_sequential"": 1, ""payment_installments"": 4}"
1d80070bfe715fe0b628207297d72eaa-p1,ce8ca2507641be0b2928a3e72b9c57ca,30598,2017-11-03T16:35:52+00:00,1d80070bfe715fe0b628207297d72eaa,,,False,,"{""payment_type"": ""credit_card"", ""payment_sequential"": 1, ""payment_installments"": 6}"
719cb31645fb8251f1eeecfe977c16c5-p1,2002d869f3d711ac0a55878c9258b7d9,30181,2017-11-02T16:45:30+00:00,719cb31645fb8251f1eeecfe977c16c5,,,False,,"{""payment_type"": ""credit_card"", ""payment_sequential"": 1, ""payment_installments"": 1}"
ffbe8a51afd59fa93224d1c6bc987aee-p1,fa98d9f9af1e16e0e205a601b0ccbe1f,18585,2017-11-02T16:45:37+00:00,ffbe8a51afd59fa93224d1c6bc987aee,,,False,,"{""payment_type"": ""credit_card"", ""payment_sequential"": 1, ""payment_installments"": 2}"
fc0f2134e9a7cffb77d02c4754c264e8-p1,38505d03328fe209000f0bfee6709cf4,19367,2017-11-02T16:50:59+00:00,fc0f2134e9a7cffb77d02c4754c264e8,,,False,,"{""payment_type"": ""credit_card"", ""payment_sequential"": 1, ""payment_installments"": 3}"
c4bf028d6e5a58c26a474435d7839e03-p1,e37133c3142336f640823d5facba9b96,12109,2017-11-02T16:51:03+00:00,c4bf028d6e5a58c26a474435d7839e03,,,False,,"{""payment_type"": ""credit_card"", ""payment_sequential"": 1, ""payment_installments"": 12}"
a10f8134732c1979eea697d926498112-p1,8ef6a280c78d8e779d9555c828a44deb,16650,2017-11-04T03:46:07+00:00,a10f8134732c1979eea697d926498112,,,False,,"{""payment_type"": ""boleto"", ""payment_sequential"": 1, ""payment_installments"": 1}"
6f2d341a759b59c051aa9fcbaf2dcba1-p1,fb08e5d25419baa8f083307b5dae8db5,6777,2017-11-02T17:10:53+00:00,6f2d341a759b59c051aa9fcbaf2dcba1,,,False,,"{""payment_type"": ""credit_card"", ""payment_sequential"": 1, ""payment_installments"": 1}"
a1f12bceaff1b0d9d2a457fca14d1fa1-p1,487b4ea515b16a8a3bae87a0c487b438,5169,2017-11-02T17:25:43+00:00,a1f12bceaff1b0d9d2a457fca14d1fa1,,,False,,"{""payment_type"": ""credit_card"", ""payment_sequential"": 1, ""payment_installments"": 3}"
54f781d2329c48177911be9fe3f7d7f8-p1,80918c373706530b087468cd92a75df0,14851,2017-11-03T17:16:24+00:00,54f781d2329c48177911be9fe3f7d7f8,,,False,,"{""payment_type"": ""credit_card"", ""payment_sequential"": 1, ""payment_installments"": 8}"
35cac868e65687e57e8676d936e30d97-p1,22fb6f5179c82d4ce4368c67c1705422,17127,2017-11-02T17:25:53+00:00,35cac868e65687e57e8676d936e30d97,,,False,,"{""payment_type"": ""credit_card"", ""payment_sequential"": 1, ""payment_installments"": 2}"
17d1c72c26f43dbcb91705626271e2f0-p1,d4fc20e1e64c163d80e25a900d9c26c3,20239,2017-11-02T17:25:53+00:00,17d1c72c26f43dbcb91705626271e2f0,,,False,,"{""payment_type"": ""credit_card"", ""payment_sequential"": 1, ""payment_installments"": 2}"
cfa2b603d428bb936f63a21c3f2b99a9-p1,e3e71c3b7aa717572a4c6f4cb48fe71d,2175,2017-11-02T17:35:28+00:00,cfa2b603d428bb936f63a21c3f2b99a9,,,False,,"{""payment_type"": ""credit_card"", ""payment_sequential"": 1, ""payment_installments"": 2}"
058a48943f3034afea88ff56b960dfdb-p1,a6d5806c529a9c93a116468d58649ff7,6210,2017-11-02T17:35:35+00:00,058a48943f3034afea88ff56b960dfdb,,,False,,"{""payment_type"": ""credit_card"", ""payment_sequential"": 1, ""payment_installments"": 5}"
a4c669715198e1c9b87995ff9da64ee5-p1,745d1fa7ffc6955390e69f1e8c80fdaf,5660,2017-11-04T03:15:23+00:00,a4c669715198e1c9b87995ff9da64ee5,,,False,,"{""payment_type"": ""boleto"", ""payment_sequential"": 1, ""payment_installments"": 1}"
1a8c6cac549a7eb5b432c5617fe21ff3-p1,e3ea2c912c287a7112962ed5bd521712,6085,2017-11-02T18:34:06+00:00,1a8c6cac549a7eb5b432c5617fe21ff3,,,False,,"{""payment_type"": ""credit_card"", ""payment_sequential"": 1, ""payment_installments"": 3}"
707b5fed9a986693aeb075d87589c4f8-p1,f2b2fe87de8d9fa3b7dcd15e60bddc4e,16729,2017-11-02T18:34:05+00:00,707b5fed9a986693aeb075d87589c4f8,,,False,,"{""payment_type"": ""credit_card"", ""payment_sequential"": 1, ""payment_installments"": 6}"
a72e4250533d5e3f689f91d403ae3d1f-p1,8e35b63bc7a8d354aa8aa21612eb4bb8,4410,2017-11-02T17:50:32+00:00,a72e4250533d5e3f689f91d403ae3d1f,,,False,,"{""payment_type"": ""credit_card"", ""payment_sequential"": 1, ""payment_installments"": 4}"
27f2fc5cc614685907cc6814ab7701ce-p1,b810d85e6a77a107537de154d8ff5b01,10616,2017-11-02T17:50:32+00:00,27f2fc5cc614685907cc6814ab7701ce,,,False,,"{""payment_type"": ""credit_card"", ""payment_sequential"": 1, ""payment_installments"": 4}"
517bd49d869100558362e70c45f13dd5-p1,ba29c41ff2fe10d13ee7b7c3ecc649fa,26535,2017-11-02T18:05:18+00:00,517bd49d869100558362e70c45f13dd5,,,False,,"{""payment_type"": ""boleto"", ""payment_sequential"": 1, ""payment_installments"": 1}"
f7fffc55ac6fc572d16b18ee0ac09f11-p1,13633f2d37d2ed79773f39acba2e5374,3635,2017-11-02T18:05:22+00:00,f7fffc55ac6fc572d16b18ee0ac09f11,,,False,,"{""payment_type"": ""credit_card"", ""payment_sequential"": 1, ""payment_installments"": 3}"
4384f1e73716020a06569f0802ad8c38-p1,0c4de6166473ebccc47d8d045657540e,24785,2017-11-02T18:15:27+00:00,4384f1e73716020a06569f0802ad8c38,,,False,,"{""payment_type"": ""credit_card"", ""payment_sequential"": 1, ""payment_installments"": 3}"
d66296945273987f899b24ce13f32f81-p1,1efbebfd060752700e4f64aa096396b8,6405,2017-11-04T05:05:32+00:00,d66296945273987f899b24ce13f32f81,,,False,,"{""payment_type"": ""boleto"", ""payment_sequential"": 1, ""payment_installments"": 1}"
1daac984799baadc362aa381ac57d65f-p1,d1b21f16bbd6e71130dbb476a82274d6,10778,2017-11-02T18:35:44+00:00,1daac984799baadc362aa381ac57d65f,,,False,,"{""payment_type"": ""credit_card"", ""payment_sequential"": 1, ""payment_installments"": 6}"
0b0b4cbb5b4eb45bad5bb031b56ea1e1-p1,232e3f357bb1feb6975e76a334813259,24222,2017-11-02T18:50:35+00:00,0b0b4cbb5b4eb45bad5bb031b56ea1e1,,,False,,"{""payment_type"": ""credit_card"", ""payment_sequential"": 1, ""payment_installments"": 8}"
f53a2d931e67099351c1cb7cbd9b5e94-p1,fbab43d9deb62df26f3b5b52f5abf48a,3000,2017-11-09T15:15:31+00:00,f53a2d931e67099351c1cb7cbd9b5e94,,,False,,"{""payment_type"": ""boleto"", ""payment_sequential"": 1, ""payment_installments"": 1}"
5f82d80fc04ae3521ac4cdad135aa9b1-p1,894a22f97a7bc517f8d2c0e19ace239c,9787,2017-11-02T18:55:26+00:00,5f82d80fc04ae3521ac4cdad135aa9b1,,,False,,"{""payment_type"": ""credit_card"", ""payment_sequential"": 1, ""payment_installments"": 9}"
65db02d220343c553ba9181f56127c50-p1,04e990f9e49b538e1752899ae51e1b12,5524,2017-11-02T19:35:22+00:00,65db02d220343c553ba9181f56127c50,,,False,,"{""payment_type"": ""debit_card"", ""payment_sequential"": 1, ""payment_installments"": 1}"
ff65c06d9d1fcec5dfefe1dbeb606e5f-p1,2563f4f4247f47f05a987635b3189f86,14936,2017-11-03T20:30:52+00:00,ff65c06d9d1fcec5dfefe1dbeb606e5f,,,False,,"{""payment_type"": ""credit_card"", ""payment_sequential"": 1, ""payment_installments"": 7}"
2d5fcae67cd267649c54367612ede338-p1,e1970a4d5ae756f546f5d50b0d862588,23612,2017-11-02T19:10:56+00:00,2d5fcae67cd267649c54367612ede338,,,False,,"{""payment_type"": ""credit_card"", ""payment_sequential"": 1, ""payment_installments"": 4}"
2fc9faf8c6b3ffe951029b8bae263bb6-p1,31bfa97f1ea0663a50ebc5c811ebdf4d,23052,2017-11-04T06:25:46+00:00,2fc9faf8c6b3ffe951029b8bae263bb6,,,False,,"{""payment_type"": ""boleto"", ""payment_sequential"": 1, ""payment_installments"": 1}"
b4351b639f2b08615cf0af316b7fd590-p1,26ba94dfa1455f35df98f0272823d02c,6501,2017-11-04T06:55:32+00:00,b4351b639f2b08615cf0af316b7fd590,,,False,,"{""payment_type"": ""boleto"", ""payment_sequential"": 1, ""payment_installments"": 1}"
5683975334cf0cbd77e90d11c940b257-p1,ad26a26effb13bc10ea935a97e81d23a,6238,2017-11-02T20:05:16+00:00,5683975334cf0cbd77e90d11c940b257,,,False,,"{""payment_type"": ""credit_card"", ""payment_sequential"": 1, ""payment_installments"": 2}"
68350de28c940e619bfce38aa0001ef2-p1,9cb05885262e3459811af52c1818e354,6810,2017-11-02T20:10:29+00:00,68350de28c940e619bfce38aa0001ef2,,,False,,"{""payment_type"": ""credit_card"", ""payment_sequential"": 1, ""payment_installments"": 3}"
a4f6c6ff0270709873e39b3fc5c2f256-p1,2647f46ede7b96049fb3405f1f5ae263,19795,2017-11-02T20:10:32+00:00,a4f6c6ff0270709873e39b3fc5c2f256,,,False,,"{""payment_type"": ""credit_card"", ""payment_sequential"": 1, ""payment_installments"": 8}"
e65718fbdfa15bbe0f31222856566e02-p1,c41b29a1f1a375636331f2cec739bc34,9284,2017-11-02T20:11:05+00:00,e65718fbdfa15bbe0f31222856566e02,,,False,,"{""payment_type"": ""credit_card"", ""payment_sequential"": 1, ""payment_installments"": 6}"
9a43b717c408493ff788aeb5d11d0684-p1,19f8fcd23ed70e29220a6a2f13ecd911,3318,2017-11-02T20:45:09+00:00,9a43b717c408493ff788aeb5d11d0684,,,False,,"{""payment_type"": ""credit_card"", ""payment_sequential"": 1, ""payment_installments"": 1}"
9a43b717c408493ff788aeb5d11d0684-p2,19f8fcd23ed70e29220a6a2f13ecd911,7298,2017-11-02T20:45:09+00:00,9a43b717c408493ff788aeb5d11d0684,,,False,,"{""payment_type"": ""voucher"", ""payment_sequential"": 2, ""payment_installments"": 1}"
f5972017f8fc7597e9a878118ca8c19a-p1,6d3a5d0d75b907650d9d86b756b8352e,21531,2017-11-02T21:10:39+00:00,f5972017f8fc7597e9a878118ca8c19a,,,False,,"{""payment_type"": ""credit_card"", ""payment_sequential"": 1, ""payment_installments"": 1}"
cba6625a547cd5ad8a968733b3e23d8d-p1,03f36811ed7689b1b01f4ebb1dd4f145,9943,2017-11-03T21:31:22+00:00,cba6625a547cd5ad8a968733b3e23d8d,,,False,,"{""payment_type"": ""credit_card"", ""payment_sequential"": 1, ""payment_installments"": 8}"
e5a8151b77b30febb4c0aec6a2f015b9-p1,601939a99fb9b09770238774701505aa,11694,2017-11-02T21:30:26+00:00,e5a8151b77b30febb4c0aec6a2f015b9,,,False,,"{""payment_type"": ""credit_card"", ""payment_sequential"": 1, ""payment_installments"": 2}"
5daa464e9f725bd3b82a90c3a33804a9-p1,fe5cd18d036c2dff040713e83b728797,2527,2017-11-04T06:10:22+00:00,5daa464e9f725bd3b82a90c3a33804a9,,,False,,"{""payment_type"": ""boleto"", ""payment_sequential"": 1, ""payment_installments"": 1}"
f68bf4a4d690be2a9ba9402b0862ad34-p1,6fa9a7cc1ae70cedadd47d4fe1042917,16668,2017-11-02T21:46:57+00:00,f68bf4a4d690be2a9ba9402b0862ad34,,,False,,"{""payment_type"": ""credit_card"", ""payment_sequential"": 1, ""payment_installments"": 1}"
59ffc24bc635a0a0f190bf021df20508-p1,6304255f37a0e0672ad9d547304192a3,6179,2017-11-02T21:50:58+00:00,59ffc24bc635a0a0f190bf021df20508,,,False,,"{""payment_type"": ""credit_card"", ""payment_sequential"": 1, ""payment_installments"": 4}"
437194d5acf95a095e074494db9c4183-p1,3cc44e5e1e8a00f2de6f1dcde2896336,23634,2017-11-04T07:15:27+00:00,437194d5acf95a095e074494db9c4183,,,False,,"{""payment_type"": ""boleto"", ""payment_sequential"": 1, ""payment_installments"": 1}"
75626319165f5a98618d8916fd5c6df8-p1,f08e73cf7f4d6403ec07e52497eb01bf,7114,2017-11-02T22:06:01+00:00,75626319165f5a98618d8916fd5c6df8,,,False,,"{""payment_type"": ""credit_card"", ""payment_sequential"": 1, ""payment_installments"": 7}"
3b91f4d4c8c900e3cbca45d17a5c2cfb-p1,f13d5dea2335435fe7c9b8a1901c1d1e,8673,2017-11-02T22:06:31+00:00,3b91f4d4c8c900e3cbca45d17a5c2cfb,,,False,,"{""payment_type"": ""credit_card"", ""payment_sequential"": 1, ""payment_installments"": 1}"
4c3898f5e7ca29c2fe30781d80f88857-p1,ca1c7b496a7a43fff06ce5004a13be11,61860,2017-11-02T22:05:51+00:00,4c3898f5e7ca29c2fe30781d80f88857,,,False,,"{""payment_type"": ""credit_card"", ""payment_sequential"": 1, ""payment_installments"": 8}"
a58702c3d5801746f53c535039460c60-p1,8b3cba4fdea0b36401a5e0783a0178b8,7214,2017-11-02T22:05:59+00:00,a58702c3d5801746f53c535039460c60,,,False,,"{""payment_type"": ""credit_card"", ""payment_sequential"": 1, ""payment_installments"": 2}"
341fde35809d4cdae709b875a0040b23-p1,af3b088cc032929684c5b18cefc67327,19638,2017-11-02T22:15:25+00:00,341fde35809d4cdae709b875a0040b23,,,False,,"{""payment_type"": ""credit_card"", ""payment_sequential"": 1, ""payment_installments"": 2}"
51a5a1d89c87180cafd033debbc60f31-p1,814ea47c5ea63f6232386e8696b42252,9291,2017-11-04T06:10:23+00:00,51a5a1d89c87180cafd033debbc60f31,,,False,,"{""payment_type"": ""boleto"", ""payment_sequential"": 1, ""payment_installments"": 1}"
0e0a83454e13440c604b4206420d2a3e-p1,ad45f980fbeb063f41cbbf20bc3e8399,18695,2017-11-02T22:35:24+00:00,0e0a83454e13440c604b4206420d2a3e,,,False,,"{""payment_type"": ""credit_card"", ""payment_sequential"": 1, ""payment_installments"": 10}"
19d3484384a0e1eef23357b8c193bd86-p1,622f869865eac935f83c91cbae73c8d8,10435,2017-11-02T22:45:54+00:00,19d3484384a0e1eef23357b8c193bd86,,,False,,"{""payment_type"": ""credit_card"", ""payment_sequential"": 1, ""payment_installments"": 1}"
c2038cc607e5462400ad6606b091ceca-p1,4e2270e45010f34f7308e7fd0ba18b48,9704,2017-11-03T00:35:49+00:00,c2038cc607e5462400ad6606b091ceca,,,False,,"{""payment_type"": ""credit_card"", ""payment_sequential"": 1, ""payment_installments"": 9}"
92d956a077a254413755349e0efd0ed7-p1,53b2aa3aafb865f1c2c681804b8eb3b9,7334,2017-11-04T06:15:25+00:00,92d956a077a254413755349e0efd0ed7,,,False,,"{""payment_type"": ""boleto"", ""payment_sequential"": 1, ""payment_installments"": 1}"
424c7f648ec1a188ab3f51a67cbd2e12-p1,8bd209813497e7fc9ff84d0922094dd2,16820,2017-11-02T22:55:28+00:00,424c7f648ec1a188ab3f51a67cbd2e12,,,False,,"{""payment_type"": ""credit_card"", ""payment_sequential"": 1, ""payment_installments"": 8}"
aeda6c61bef46638c41d68216431979b-p1,54688ac015c0e130a8e00a28cc34ff92,9518,2017-11-02T23:10:26+00:00,aeda6c61bef46638c41d68216431979b,,,False,,"{""payment_type"": ""credit_card"", ""payment_sequential"": 1, ""payment_installments"": 2}"
3675bad64212bdf96c5062ea051384e1-p1,810ba763835fb927c87eaa0a750b5ca3,54197,2017-11-02T23:10:32+00:00,3675bad64212bdf96c5062ea051384e1,,,False,,"{""payment_type"": ""credit_card"", ""payment_sequential"": 1, ""payment_installments"": 4}"
178a419a329f2b4bf50a68f7357f8fce-p1,8d3266319640415bd80cda87f8dd1990,3960,2017-11-02T23:15:59+00:00,178a419a329f2b4bf50a68f7357f8fce,,,False,,"{""payment_type"": ""credit_card"", ""payment_sequential"": 1, ""payment_installments"": 1}"
3e3109370f4c0f7b7f69cfc0098b89c3-p1,8e253860d9874c345bfe9075eaa1d460,19638,2017-11-02T23:25:39+00:00,3e3109370f4c0f7b7f69cfc0098b89c3,,,False,,"{""payment_type"": ""credit_card"", ""payment_sequential"": 1, ""payment_installments"": 4}"
38b584be7174802377777bcd60e7a459-p1,4eb6fcfd481ef3c2ab3afba135ef4bcc,7778,2017-11-02T23:30:48+00:00,38b584be7174802377777bcd60e7a459,,,False,,"{""payment_type"": ""credit_card"", ""payment_sequential"": 1, ""payment_installments"": 2}"
70d6a585155b39ed84fc4cab834764ee-p1,592d090bb075fa8fb9d6aa816a3ed86d,16741,2017-11-02T23:35:29+00:00,70d6a585155b39ed84fc4cab834764ee,,,False,,"{""payment_type"": ""credit_card"", ""payment_sequential"": 1, ""payment_installments"": 10}"
c765682ebe69c1034eba583189350fa7-p1,51a84d5d858e6d3d5585663267a9ac08,6200,2017-11-02T23:35:26+00:00,c765682ebe69c1034eba583189350fa7,,,False,,"{""payment_type"": ""credit_card"", ""payment_sequential"": 1, ""payment_installments"": 4}"
2239463fae220242bce349a6cffd6fc3-p1,d8a74baa7029318b3192a2fa3a775660,23531,2017-11-02T23:45:20+00:00,2239463fae220242bce349a6cffd6fc3,,,False,,"{""payment_type"": ""credit_card"", ""payment_sequential"": 1, ""payment_installments"": 4}"
c25a13eced69c57fc779116bea316865-p1,ac09ed646d92eb26c2fb2365f45e672c,7757,2017-11-03T00:15:39+00:00,c25a13eced69c57fc779116bea316865,,,False,,"{""payment_type"": ""credit_card"", ""payment_sequential"": 1, ""payment_installments"": 7}"
94c753ff371f05e68a157809f9cda46d-p1,96149645eced5018eb9dfaa8c6d1f69b,3669,2017-11-07T07:30:45+00:00,94c753ff371f05e68a157809f9cda46d,,,False,,"{""payment_type"": ""boleto"", ""payment_sequential"": 1, ""payment_installments"": 1}"
f06059b8f4dc49c4f76378b7715a63b0-p1,de34b16117594161a6a89c50b289d35a,30726,2017-11-03T00:30:40+00:00,f06059b8f4dc49c4f76378b7715a63b0,,,False,,"{""payment_type"": ""credit_card"", ""payment_sequential"": 1, ""payment_installments"": 4}"
ab86581e77285de292e93cb8d740c088-p1,af8b2d09c4aa3036566914760882f8b7,19037,2017-11-03T00:30:40+00:00,ab86581e77285de292e93cb8d740c088,,,False,,"{""payment_type"": ""credit_card"", ""payment_sequential"": 1, ""payment_installments"": 2}"
ae4db4c8bea553ad40e0d84be24d635b-p1,189849d663c69ae10f7e25250b973186,18493,2017-11-03T00:45:51+00:00,ae4db4c8bea553ad40e0d84be24d635b,,,False,,"{""payment_type"": ""credit_card"", ""payment_sequential"": 1, ""payment_installments"": 10}"
584a896de682422488ff4912dc6b0016-p1,7db23b7aa0bd494f71db93ad8e9c9646,18155,2017-11-03T01:20:24+00:00,584a896de682422488ff4912dc6b0016,,,False,,"{""payment_type"": ""credit_card"", ""payment_sequential"": 1, ""payment_installments"": 7}"
bc22d1005019c231fda1873c3fc71fc8-p1,19bedfc18c92d4e7eb6ba318a6c2033c,100798,2017-11-03T01:26:11+00:00,bc22d1005019c231fda1873c3fc71fc8,,,False,,"{""payment_type"": ""credit_card"", ""payment_sequential"": 1, ""payment_installments"": 6}"
8ef12780aa1f3903b1d9ab621f69abfb-p1,3ea35d016eb96bbfede151b359b8da8e,42952,2017-11-03T02:10:22+00:00,8ef12780aa1f3903b1d9ab621f69abfb,,,False,,"{""payment_type"": ""credit_card"", ""payment_sequential"": 1, ""payment_installments"": 2}"
6da2f53b79a45c8701e66f227cea7955-p1,52e6877c9c3053d30e44ae424ee6fd6d,5405,2017-11-04T02:35:24+00:00,6da2f53b79a45c8701e66f227cea7955,,,False,,"{""payment_type"": ""credit_card"", ""payment_sequential"": 1, ""payment_installments"": 2}"
79aa91e33030a170c2baf3c856d3bfdc-p1,6ccbb05bf38d868e2a997d0dcf1c32ad,10699,2017-11-04T04:25:50+00:00,79aa91e33030a170c2baf3c856d3bfdc,,,False,,"{""payment_type"": ""boleto"", ""payment_sequential"": 1, ""payment_installments"": 1}"
2705b0c3085b59e58a22b5bed23ea614-p1,5657596addb4d7b07b32cd330614bdf8,18926,2017-11-07T07:30:51+00:00,2705b0c3085b59e58a22b5bed23ea614,,,False,,"{""payment_type"": ""boleto"", ""payment_sequential"": 1, ""payment_installments"": 1}"
1e651744aa0ad243b5410f7f24cfc4e9-p1,57decc4615bafc47183a474e8ccec7ed,13313,2017-11-03T07:45:27+00:00,1e651744aa0ad243b5410f7f24cfc4e9,,,False,,"{""payment_type"": ""credit_card"", ""payment_sequential"": 1, ""payment_installments"": 6}"
edc2a37b6c40c6ac0a792e46cf248848-p1,f81dab4af5a125ab52c4e530ee748493,62135,2017-11-04T08:50:45+00:00,edc2a37b6c40c6ac0a792e46cf248848,,,False,,"{""payment_type"": ""credit_card"", ""payment_sequential"": 1, ""payment_installments"": 5}"
544df729b9f6aab28aac429b38ed7b0b-p1,43a8a00e071b8d2962fc44a682ed3d4e,34789,2017-11-03T08:10:23+00:00,544df729b9f6aab28aac429b38ed7b0b,,,False,,"{""payment_type"": ""credit_card"", ""payment_sequential"": 1, ""payment_installments"": 1}"
f022f31048c98ee478576cd828def68b-p1,708284053fdf21f67758dcc2dcce5cb9,3850,2017-11-04T04:25:50+00:00,f022f31048c98ee478576cd828def68b,,,False,,"{""payment_type"": ""boleto"", ""payment_sequential"": 1, ""payment_installments"": 1}"
b0b558b3576d4787a37f77a5250ff717-p1,aa42f160789bc9114cd54d26566b95dc,16680,2017-11-03T08:50:24+00:00,b0b558b3576d4787a37f77a5250ff717,,,False,,"{""payment_type"": ""credit_card"", ""payment_sequential"": 1, ""payment_installments"": 3}"
d568698e0ce60cca292f739e9a60e8d0-p1,b0d38d8b148c01bf1722a2f706b00d8d,21159,2017-11-03T09:06:04+00:00,d568698e0ce60cca292f739e9a60e8d0,,,False,,"{""payment_type"": ""credit_card"", ""payment_sequential"": 1, ""payment_installments"": 3}"
c895733b4c132c39372f228b48f4ee8c-p1,097c0318a14019eb5fb6de2b84834835,8696,2017-11-04T03:30:32+00:00,c895733b4c132c39372f228b48f4ee8c,,,False,,"{""payment_type"": ""boleto"", ""payment_sequential"": 1, ""payment_installments"": 1}"
d8253682886103126c169f93e8b46349-p1,cf559d0aa778151726948fd3f6744031,11102,2017-11-03T09:15:27+00:00,d8253682886103126c169f93e8b46349,,,False,,"{""payment_type"": ""credit_card"", ""payment_sequential"": 1, ""payment_installments"": 7}"
92744b8bd0b36fe5d9b3ea74a6edf994-p1,3219cc23b3383c61bec7205aa614e778,13324,2017-11-04T09:15:32+00:00,92744b8bd0b36fe5d9b3ea74a6edf994,,,False,,"{""payment_type"": ""credit_card"", ""payment_sequential"": 1, ""payment_installments"": 1}"
ee7e0b3ff2c214d195f4dc6f9ae0d060-p1,1e3a18d52c7ff0af7a6f8ff80bafc907,13559,2017-11-03T09:45:28+00:00,ee7e0b3ff2c214d195f4dc6f9ae0d060,,,False,,"{""payment_type"": ""voucher"", ""payment_sequential"": 1, ""payment_installments"": 1}"
5282c7d82b95766f51be346c8fd9bcc6-p1,550b7832d4792e6f83c735212d89893f,3269,2017-11-03T09:45:43+00:00,5282c7d82b95766f51be346c8fd9bcc6,,,False,,"{""payment_type"": ""credit_card"", ""payment_sequential"": 1, ""payment_installments"": 1}"
2f99eb7c20846f2cfab5cf7c257370ab-p1,58703c8104494f333026acd373ca9027,19344,2017-11-03T09:50:41+00:00,2f99eb7c20846f2cfab5cf7c257370ab,,,False,,"{""payment_type"": ""credit_card"", ""payment_sequential"": 1, ""payment_installments"": 10}"
2887e340dedffaaf9e4f86c762b2a788-p1,d468040bda183009e4ec5a3efb6350ae,6337,2017-11-03T10:10:45+00:00,2887e340dedffaaf9e4f86c762b2a788,,,False,,"{""payment_type"": ""debit_card"", ""payment_sequential"": 1, ""payment_installments"": 1}"
07884a0d48bbdae5f9a1d8582b57e09b-p1,0cda5b1f319966523ff6f30f42fdab81,4509,2017-11-03T10:05:56+00:00,07884a0d48bbdae5f9a1d8582b57e09b,,,False,,"{""payment_type"": ""credit_card"", ""payment_sequential"": 1, ""payment_installments"": 4}"
d573cf2d2bd145e4bc855132a6c815af-p1,17fdbc7bf5923361a92c5630bdd80cd6,96231,2017-11-03T10:10:37+00:00,d573cf2d2bd145e4bc855132a6c815af,,,False,,"{""payment_type"": ""credit_card"", ""payment_sequential"": 1, ""payment_installments"": 4}"
c55c2cba4bd6069c80c2531fe9a9188a-p1,1d973c98166abefe7b2601c3d959c0c5,15969,2017-11-07T07:30:45+00:00,c55c2cba4bd6069c80c2531fe9a9188a,,,False,,"{""payment_type"": ""boleto"", ""payment_sequential"": 1, ""payment_installments"": 1}"
6e90d9d1208b1fd1a03e262aa7d54115-p1,7bfa212c3943753ed8307180edd5fe89,6702,2017-11-03T10:35:27+00:00,6e90d9d1208b1fd1a03e262aa7d54115,,,False,,"{""payment_type"": ""credit_card"", ""payment_sequential"": 1, ""payment_installments"": 3}"
67773c483666d5120da1ff6188d8a00a-p1,9bf81d9e8483c962fbf97dc079976645,4400,2017-11-03T10:35:25+00:00,67773c483666d5120da1ff6188d8a00a,,,False,,"{""payment_type"": ""credit_card"", ""payment_sequential"": 1, ""payment_installments"": 4}"
bce2a9ffe2e596e54d92ad2a47a10a36-p1,ec9d1e3858c98ea5532e280fd248dad6,10619,2017-11-06T23:32:02+00:00,bce2a9ffe2e596e54d92ad2a47a10a36,,,False,,"{""payment_type"": ""boleto"", ""payment_sequential"": 1, ""payment_installments"": 1}"
41baff5b293e1068640c4fd004b40972-p1,72e9f4ec806a2086770e42e156c0e5cc,19957,2017-11-04T06:25:49+00:00,41baff5b293e1068640c4fd004b40972,,,False,,"{""payment_type"": ""boleto"", ""payment_sequential"": 1, ""payment_installments"": 1}"
9115302ab0ba4c1f3499709b47bd00a1-p1,3b2ae38156cf022ebdaf8a4ead16d30a,7210,2017-11-03T11:10:56+00:00,9115302ab0ba4c1f3499709b47bd00a1,,,False,,"{""payment_type"": ""credit_card"", ""payment_sequential"": 1, ""payment_installments"": 2}"
6de64652050e3690c7bcc8ad746b90df-p1,9704398cbe84e5bff3a4f84534d401b5,6260,2017-11-07T06:32:07+00:00,6de64652050e3690c7bcc8ad746b90df,,,False,,"{""payment_type"": ""boleto"", ""payment_sequential"": 1, ""payment_installments"": 1}"
1de7a41d382a9ece0e658ffd116ac72e-p1,78b6b73e92dfd09cd7bc1d5a6d46f094,3277,2017-11-03T11:30:37+00:00,1de7a41d382a9ece0e658ffd116ac72e,,,False,,"{""payment_type"": ""boleto"", ""payment_sequential"": 1, ""payment_installments"": 1}"
5dbbced030c8556f919a3b392a589b7e-p1,faa9b3f294b9363727a76d0f75781b14,10238,2017-11-04T11:15:27+00:00,5dbbced030c8556f919a3b392a589b7e,,,False,,"{""payment_type"": ""voucher"", ""payment_sequential"": 1, ""payment_installments"": 1}"
6b8c07c310d8c6a39e79ed3d38e6578f-p1,c1cf3e4c1de440972c612714a45b3f26,64754,2017-11-04T11:25:22+00:00,6b8c07c310d8c6a39e79ed3d38e6578f,,,False,,"{""payment_type"": ""credit_card"", ""payment_sequential"": 1, ""payment_installments"": 8}"
f03bbe221b9e5bae09eccab6a0c4120e-p1,b96336694477939c9d102438f0c7c9d7,12633,2017-11-09T18:15:32+00:00,f03bbe221b9e5bae09eccab6a0c4120e,,,False,,"{""payment_type"": ""boleto"", ""payment_sequential"": 1, ""payment_installments"": 1}"
42b3efddacc3779b9fc72dcdb430e00a-p1,1f51547a6dd337a2f865dab288c851a2,63250,2017-11-03T11:35:27+00:00,42b3efddacc3779b9fc72dcdb430e00a,,,False,,"{""payment_type"": ""boleto"", ""payment_sequential"": 1, ""payment_installments"": 1}"
bb2e64c3040ceb9b7ca2bfc602adca08-p1,45677f94e9a07652cc2eb351dd542476,25734,2017-11-04T11:25:22+00:00,bb2e64c3040ceb9b7ca2bfc602adca08,,,False,,"{""payment_type"": ""credit_card"", ""payment_sequential"": 1, ""payment_installments"": 2}"
ec451fb3a1ee5782fef4937473a9ffac-p1,04c30572288c174afe55fdf8cebce643,27970,2017-11-03T11:50:59+00:00,ec451fb3a1ee5782fef4937473a9ffac,,,False,,"{""payment_type"": ""credit_card"", ""payment_sequential"": 1, ""payment_installments"": 1}"
c88fd0ebff880ffd57fe7f6528f8dc6d-p1,fcae8ac17ca0c72c867a7a4c0c818305,26689,2017-11-03T11:55:49+00:00,c88fd0ebff880ffd57fe7f6528f8dc6d,,,False,,"{""payment_type"": ""credit_card"", ""payment_sequential"": 1, ""payment_installments"": 5}"
870aa2bc7aa8da08f2c330db4a88c509-p1,4341721b8bea3da055c22347ebdea02b,2985,2017-11-03T12:10:39+00:00,870aa2bc7aa8da08f2c330db4a88c509,,,False,,"{""payment_type"": ""credit_card"", ""payment_sequential"": 1, ""payment_installments"": 2}"
6496c94097bf68ceb80535be2e73c766-p1,ec0aae9b8d824c714e5acda983a82b56,1538,2017-11-03T12:10:35+00:00,6496c94097bf68ceb80535be2e73c766,,,False,,"{""payment_type"": ""credit_card"", ""payment_sequential"": 1, ""payment_installments"": 1}"
6496c94097bf68ceb80535be2e73c766-p2,ec0aae9b8d824c714e5acda983a82b56,25000,2017-11-03T12:10:35+00:00,6496c94097bf68ceb80535be2e73c766,,,False,,"{""payment_type"": ""voucher"", ""payment_sequential"": 2, ""payment_installments"": 1}"
e31baadb00ecc47a1251bce82d64280b-p1,3c3e2383f230b811b2532df1bdffe08f,11315,2017-11-06T08:56:13+00:00,e31baadb00ecc47a1251bce82d64280b,,,False,,"{""payment_type"": ""credit_card"", ""payment_sequential"": 1, ""payment_installments"": 4}"
829f9def41c63a3e1d787ae15d45540c-p1,ace1a02191cad5678a1c6f53e16be84d,17966,2017-11-04T05:05:34+00:00,829f9def41c63a3e1d787ae15d45540c,,,False,,"{""payment_type"": ""boleto"", ""payment_sequential"": 1, ""payment_installments"": 1}"
2626e09d49a63af0b7c21ef2635a3e4e-p1,76cef8c0830232a6298b50d60153fb6c,148531,2017-11-03T12:35:59+00:00,2626e09d49a63af0b7c21ef2635a3e4e,,,False,,"{""payment_type"": ""credit_card"", ""payment_sequential"": 1, ""payment_installments"": 10}"
feedcd6c137912c39c2201db700def89-p1,2f2e2e176fe4bf67bc1b9a8e4d5ecb18,16434,2017-11-03T12:46:14+00:00,feedcd6c137912c39c2201db700def89,,,False,,"{""payment_type"": ""credit_card"", ""payment_sequential"": 1, ""payment_installments"": 1}"
bd575d6ab64e8452789c304408f514eb-p1,99290118341a7d7da8516a05c8d02ad8,11636,2017-11-04T06:55:33+00:00,bd575d6ab64e8452789c304408f514eb,,,False,,"{""payment_type"": ""boleto"", ""payment_sequential"": 1, ""payment_installments"": 1}"
dfe73bed44023a1e7f4958fba7d7d6a3-p1,6cddaef0ddfb5c32ab2553ccbf27e97c,16470,2017-11-03T12:50:37+00:00,dfe73bed44023a1e7f4958fba7d7d6a3,,,False,,"{""payment_type"": ""credit_card"", ""payment_sequential"": 1, ""payment_installments"": 5}"
16d3fb690fdff184f6741b04dbbd0741-p1,e23cd87e1e05723a24218898962b6ff4,3207,2017-11-04T12:46:02+00:00,16d3fb690fdff184f6741b04dbbd0741,,,False,,"{""payment_type"": ""voucher"", ""payment_sequential"": 1, ""payment_installments"": 1}"
90afb8151d6aca71ae7b52a029ebc165-p1,430f484aaec4eb059a1d074f4b0ef762,147151,2017-11-03T12:56:15+00:00,90afb8151d6aca71ae7b52a029ebc165,,,False,,"{""payment_type"": ""credit_card"", ""payment_sequential"": 1, ""payment_installments"": 8}"
fecb65750b4fe05b8257f650b2e114a2-p1,9d7a7819f035595c50c85e4ec22308d0,21675,2017-11-03T13:07:18+00:00,fecb65750b4fe05b8257f650b2e114a2,,,False,,"{""payment_type"": ""credit_card"", ""payment_sequential"": 1, ""payment_installments"": 1}"
fa014da3aa5b1fd99b79a24c7a17d778-p1,6b1b676621a55a12546f8eeeaa12d4a7,13618,2017-11-03T13:06:50+00:00,fa014da3aa5b1fd99b79a24c7a17d778,,,False,,"{""payment_type"": ""credit_card"", ""payment_sequential"": 1, ""payment_installments"": 1}"
221d6c2816440c5e3102f2a6e78a90b5-p1,92ac3d5a42b57c1441857a4b0bbfde64,5110,2017-11-03T13:46:30+00:00,221d6c2816440c5e3102f2a6e78a90b5,,,False,,"{""payment_type"": ""debit_card"", ""payment_sequential"": 1, ""payment_installments"": 1}"
4813d21f5c35dfe0956b75160f9d0e79-p1,6f61e3b11233a0589a1b7cc29b656ec2,9257,2017-11-03T13:07:01+00:00,4813d21f5c35dfe0956b75160f9d0e79,,,False,,"{""payment_type"": ""credit_card"", ""payment_sequential"": 1, ""payment_installments"": 1}"
c82430e4a84f03b67cc2a82fecd873f0-p1,3ae748b0c0cf7d473b7acac5e07a05ca,30076,2017-11-07T07:30:43+00:00,c82430e4a84f03b67cc2a82fecd873f0,,,False,,"{""payment_type"": ""boleto"", ""payment_sequential"": 1, ""payment_installments"": 1}"
6016370c0d4a0da9c57394f85d9d11d6-p1,d624a80aa123d00e1e78ae655743ac51,3809,2017-11-03T13:30:45+00:00,6016370c0d4a0da9c57394f85d9d11d6,,,False,,"{""payment_type"": ""credit_card"", ""payment_sequential"": 1, ""payment_installments"": 1}"
37297c70ff1867f5ad4b215cc27fbe81-p1,155622f6141435b9cbdb9cd89886200f,7303,2017-11-03T13:46:03+00:00,37297c70ff1867f5ad4b215cc27fbe81,,,False,,"{""payment_type"": ""credit_card"", ""payment_sequential"": 1, ""payment_installments"": 3}"
199c3b00cc75bd2e16c40ac6447c673f-p1,5146be751c87984f443dab196ba5bd70,6409,2017-11-03T13:46:04+00:00,199c3b00cc75bd2e16c40ac6447c673f,,,False,,"{""payment_type"": ""credit_card"", ""payment_sequential"": 1, ""payment_installments"": 1}"
a1259693d26fb84a646c5c4a913a7c40-p1,9a929d2c704fcfc61537b117d73343c9,12723,2017-11-03T13:46:12+00:00,a1259693d26fb84a646c5c4a913a7c40,,,False,,"{""payment_type"": ""credit_card"", ""payment_sequential"": 1, ""payment_installments"": 2}"
02e8498a91ec0e72dfaff47b27c805a3-p1,d2e88d9c50422550ee9b0fc82c8208c4,10274,2017-11-04T07:30:41+00:00,02e8498a91ec0e72dfaff47b27c805a3,,,False,,"{""payment_type"": ""boleto"", ""payment_sequential"": 1, ""payment_installments"": 1}"
7a415e8280c3ae4d608481124c4f5d62-p1,03ab83a91e0c343bb0d7aa605338a013,6870,2017-11-03T14:10:31+00:00,7a415e8280c3ae4d608481124c4f5d62,,,False,,"{""payment_type"": ""credit_card"", ""payment_sequential"": 1, ""payment_installments"": 1}"
9ddd723e703903eeb90abbd2af0ddc24-p1,cd76e52dafb3175406b252a1959aa83d,5405,2017-11-04T04:30:23+00:00,9ddd723e703903eeb90abbd2af0ddc24,,,False,,"{""payment_type"": ""boleto"", ""payment_sequential"": 1, ""payment_installments"": 1}"
b3459a0ddec3dda60a8ab19fb172dfef-p1,76655d8b3010c7235a58a9e0678a3857,13161,2017-11-03T14:10:41+00:00,b3459a0ddec3dda60a8ab19fb172dfef,,,False,,"{""payment_type"": ""credit_card"", ""payment_sequential"": 1, ""payment_installments"": 2}"
72467f16c5938bd5447af741ba86fdd2-p1,9c5bb4e3494d918764d1c7abe807c9d0,31242,2017-11-03T14:15:38+00:00,72467f16c5938bd5447af741ba86fdd2,,,False,,"{""payment_type"": ""credit_card"", ""payment_sequential"": 1, ""payment_installments"": 3}"
ecf04d68c5337972de2653e72f80790c-p1,0b63b24d8169708a441e38f95f44f3ff,8736,2017-11-03T14:26:36+00:00,ecf04d68c5337972de2653e72f80790c,,,False,,"{""payment_type"": ""credit_card"", ""payment_sequential"": 1, ""payment_installments"": 2}"
5312bad5331c273fdc6cb8069bedcd03-p1,13bc0286a7f3ab0b58291344147200af,6337,2017-11-04T07:30:41+00:00,5312bad5331c273fdc6cb8069bedcd03,,,False,,"{""payment_type"": ""boleto"", ""payment_sequential"": 1, ""payment_installments"": 1}"
8bc3152ee315178b8a67ad565033f9c4-p1,deb7c01a9d320206a6e1502e6e80d7e2,11220,2017-11-04T05:15:24+00:00,8bc3152ee315178b8a67ad565033f9c4,,,False,,"{""payment_type"": ""boleto"", ""payment_sequential"": 1, ""payment_installments"": 1}"
3b7a87febfa65d4cf29ad7ab9cab8c0d-p1,4c63891f8504cd2c882836b549ca9ed1,10528,2017-11-04T06:10:23+00:00,3b7a87febfa65d4cf29ad7ab9cab8c0d,,,False,,"{""payment_type"": ""boleto"", ""payment_sequential"": 1, ""payment_installments"": 1}"
0ebe7b603e2e4b83d9adf9f169585f0d-p1,34263d90024a9191f248ee8a2c751de1,1935,2017-11-03T14:55:28+00:00,0ebe7b603e2e4b83d9adf9f169585f0d,,,False,,"{""payment_type"": ""credit_card"", ""payment_sequential"": 1, ""payment_installments"": 1}"
610978786c543b1b75c537dcd82a8d10-p1,695a6fa8320a8e2a9e2117e3c10848e8,9030,2017-11-03T15:06:29+00:00,610978786c543b1b75c537dcd82a8d10,,,False,,"{""payment_type"": ""credit_card"", ""payment_sequential"": 1, ""payment_installments"": 3}"
65e27b07de33e18c80be0dd01195c731-p1,75f60ea9e06cc3308210f6fc5eab3c09,8683,2017-11-03T15:06:34+00:00,65e27b07de33e18c80be0dd01195c731,,,False,,"{""payment_type"": ""credit_card"", ""payment_sequential"": 1, ""payment_installments"": 1}"
939d9e122aaa16bc3792f827d94aa25f-p1,5e7643b562ec10d77a4de5dfc2a5d18c,4438,2017-11-04T04:45:55+00:00,939d9e122aaa16bc3792f827d94aa25f,,,False,,"{""payment_type"": ""boleto"", ""payment_sequential"": 1, ""payment_installments"": 1}"
9e26cbec7523f810798d1b3df04fa17a-p1,dab132ef31d0f8034b098624d1545e77,4106,2017-11-03T15:30:56+00:00,9e26cbec7523f810798d1b3df04fa17a,,,False,,"{""payment_type"": ""credit_card"", ""payment_sequential"": 1, ""payment_installments"": 1}"
30633a14243612a15ee813ff2d6814d2-p1,f1d39be267a33e57881986d6a2a42911,10173,2017-11-04T06:46:38+00:00,30633a14243612a15ee813ff2d6814d2,,,False,,"{""payment_type"": ""boleto"", ""payment_sequential"": 1, ""payment_installments"": 1}"
0ff4f3385afd05bfdf9a3c39fb32766b-p1,8588ffeed09487d07cfb0442a51d2b0b,3675,2017-11-04T15:10:29+00:00,0ff4f3385afd05bfdf9a3c39fb32766b,,,False,,"{""payment_type"": ""credit_card"", ""payment_sequential"": 1, ""payment_installments"": 3}"
1ae12b6aeac8467444bd1b07ab3c793a-p1,743b6b21edcc4f0a9be82e591187e0a8,7267,2017-11-03T15:30:56+00:00,1ae12b6aeac8467444bd1b07ab3c793a,,,False,,"{""payment_type"": ""credit_card"", ""payment_sequential"": 1, ""payment_installments"": 1}"
548c4aaaafce95ab8c06ac6a2f38d1cf-p1,7d10d8a69b9a324de73dbd47850b028e,7415,2017-11-03T15:46:31+00:00,548c4aaaafce95ab8c06ac6a2f38d1cf,,,False,,"{""payment_type"": ""credit_card"", ""payment_sequential"": 1, ""payment_installments"": 5}"
51bf8106a8d1c81d402b04fe983b9b0c-p1,5c60d93d30882cdd81708742077e214a,8766,2017-11-03T16:30:27+00:00,51bf8106a8d1c81d402b04fe983b9b0c,,,False,,"{""payment_type"": ""credit_card"", ""payment_sequential"": 1, ""payment_installments"": 1}"
9d37f81251d833e6328fe07745bfc2d0-p1,ddca77853118e7de2caec7e1896c5eb8,3909,2017-11-04T05:05:35+00:00,9d37f81251d833e6328fe07745bfc2d0,,,False,,"{""payment_type"": ""boleto"", ""payment_sequential"": 1, ""payment_installments"": 1}"
f3d5876234a5858786970f692f06c3ad-p1,0cf744fa8ef832c2bd5f9208629d3967,25184,2017-11-03T16:30:26+00:00,f3d5876234a5858786970f692f06c3ad,,,False,,"{""payment_type"": ""credit_card"", ""payment_sequential"": 1, ""payment_installments"": 3}"
c11faa9e69b3bc1dcafb2d5238ca7a89-p1,1f9729b02f212888228746412a90f421,5640,2017-11-04T05:45:54+00:00,c11faa9e69b3bc1dcafb2d5238ca7a89,,,False,,"{""payment_type"": ""boleto"", ""payment_sequential"": 1, ""payment_installments"": 1}"
78dd5af5b7e40608ff69ca03bb016ed7-p1,3e9c0b1e800b33f972c4ae67e035f3e2,33336,2017-11-07T07:30:39+00:00,78dd5af5b7e40608ff69ca03bb016ed7,,,False,,"{""payment_type"": ""boleto"", ""payment_sequential"": 1, ""payment_installments"": 1}"
8d23184181b28b55b4c150dec4f0f010-p1,9b6a169c5966850bb9c65b838d468f98,65438,2017-11-04T16:45:37+00:00,8d23184181b28b55b4c150dec4f0f010,,,False,,"{""payment_type"": ""credit_card"", ""payment_sequential"": 1, ""payment_installments"": 3}"
d33ed17c28104a5821b0aed3fd7323d0-p1,a0701efdde78341b097d00c789d35b97,123,2017-11-03T16:50:50+00:00,d33ed17c28104a5821b0aed3fd7323d0,,,False,,"{""payment_type"": ""credit_card"", ""payment_sequential"": 1, ""payment_installments"": 1}"
d33ed17c28104a5821b0aed3fd7323d0-p2,a0701efdde78341b097d00c789d35b97,3056,2017-11-03T16:50:50+00:00,d33ed17c28104a5821b0aed3fd7323d0,,,False,,"{""payment_type"": ""voucher"", ""payment_sequential"": 2, ""payment_installments"": 1}"
76d820534ecdb9ff90b20c635d1c593c-p1,49edba1328b35f23bd65375cf625b546,22887,2017-11-06T14:33:03+00:00,76d820534ecdb9ff90b20c635d1c593c,,,False,,"{""payment_type"": ""credit_card"", ""payment_sequential"": 1, ""payment_installments"": 2}"
3b5e83bf808e04da4aaa1241937881ee-p1,5f7ec44cc59400e228915ad065285fe8,26925,2017-11-03T17:30:51+00:00,3b5e83bf808e04da4aaa1241937881ee,,,False,,"{""payment_type"": ""credit_card"", ""payment_sequential"": 1, ""payment_installments"": 1}"
77e866a3acbb6e6eaf2ffe9089313076-p1,e9fcb1c22404eb2c263c61a842c23055,9440,2017-11-03T17:30:50+00:00,77e866a3acbb6e6eaf2ffe9089313076,,,False,,"{""payment_type"": ""credit_card"", ""payment_sequential"": 1, ""payment_installments"": 4}"
56d77478af78c445066db1c9876e9e84-p1,118a4d2ca6098b5df303beca4c208642,17076,2017-11-03T17:09:20+00:00,56d77478af78c445066db1c9876e9e84,,,False,,"{""payment_type"": ""credit_card"", ""payment_sequential"": 1, ""payment_installments"": 3}"
2f0406761edfc84594b3ff458e5ddc6a-p1,767e0ad33a0e895fff80604570c885e0,17564,2017-11-03T17:30:50+00:00,2f0406761edfc84594b3ff458e5ddc6a,,,False,,"{""payment_type"": ""credit_card"", ""payment_sequential"": 1, ""payment_installments"": 4}"
0c46fe7e5915cf8413d797e298c50dba-p1,c0f65d36aefea8816ca9498185fe6167,13259,2017-11-04T04:35:32+00:00,0c46fe7e5915cf8413d797e298c50dba,,,False,,"{""payment_type"": ""boleto"", ""payment_sequential"": 1, ""payment_installments"": 1}"
245547d35a6f1c94c1e2546ab3322e0f-p1,86abea0b1511d2e6b8a256580fb49c83,18806,2017-11-03T17:30:50+00:00,245547d35a6f1c94c1e2546ab3322e0f,,,False,,"{""payment_type"": ""credit_card"", ""payment_sequential"": 1, ""payment_installments"": 10}"
a3a45c1c1ea8a1242a535611257bb20e-p1,3c721f9508cd151923d3c7b2c5869743,16177,2017-11-03T17:11:27+00:00,a3a45c1c1ea8a1242a535611257bb20e,,,False,,"{""payment_type"": ""credit_card"", ""payment_sequential"": 1, ""payment_installments"": 1}"
de09e6c4676182436c36ae4f25bd78bc-p1,f17619a8db648adb2dd504e94873839a,5362,2017-11-03T17:30:54+00:00,de09e6c4676182436c36ae4f25bd78bc,,,False,,"{""payment_type"": ""credit_card"", ""payment_sequential"": 1, ""payment_installments"": 1}"
6baf65efe2c7c4b1641a061fa14fb621-p1,85fb37cacc45dfc2696bfb510fe411f4,6310,2017-11-03T18:30:26+00:00,6baf65efe2c7c4b1641a061fa14fb621,,,False,,"{""payment_type"": ""credit_card"", ""payment_sequential"": 1, ""payment_installments"": 1}"
f4b61d27084d490fb0046eeffa1af17f-p1,a1b1ba35bba0f6ad5ec156792d50bde7,10778,2017-11-03T18:30:37+00:00,f4b61d27084d490fb0046eeffa1af17f,,,False,,"{""payment_type"": ""credit_card"", ""payment_sequential"": 1, ""payment_installments"": 3}"
3f6dd48701c4fd8500f4c6d8862a806e-p1,a33b71268bed518bd63c349f006f2aa8,8305,2017-11-03T18:30:37+00:00,3f6dd48701c4fd8500f4c6d8862a806e,,,False,,"{""payment_type"": ""boleto"", ""payment_sequential"": 1, ""payment_installments"": 1}"
da6d090f46627439b85ff58686e17188-p1,80d1acba72cc1dd62e91c5858bed0ef2,13812,2017-11-03T18:30:37+00:00,da6d090f46627439b85ff58686e17188,,,False,,"{""payment_type"": ""credit_card"", ""payment_sequential"": 1, ""payment_installments"": 2}"
1a26633be71803d169cfddfaa40fed21-p1,f64ec6d8dd29940264cd0bbb5ecade8a,8975,2017-11-03T18:30:37+00:00,1a26633be71803d169cfddfaa40fed21,,,False,,"{""payment_type"": ""credit_card"", ""payment_sequential"": 1, ""payment_installments"": 4}"
3e8a5d740a1e7db9eb5bdc6262644e88-p2,a327e24eb412d88da38902427a3cf4bf,5904,2017-11-03T18:30:23+00:00,3e8a5d740a1e7db9eb5bdc6262644e88,,,False,,"{""payment_type"": ""voucher"", ""payment_sequential"": 2, ""payment_installments"": 1}"
3e8a5d740a1e7db9eb5bdc6262644e88-p1,a327e24eb412d88da38902427a3cf4bf,4614,2017-11-03T18:30:23+00:00,3e8a5d740a1e7db9eb5bdc6262644e88,,,False,,"{""payment_type"": ""voucher"", ""payment_sequential"": 1, ""payment_installments"": 1}"
5b52136f452a7ee355f34fd4b2eb99b2-p1,08c3ccdcc31144cf6e0159fe71807428,23531,2017-11-03T18:30:24+00:00,5b52136f452a7ee355f34fd4b2eb99b2,,,False,,"{""payment_type"": ""credit_card"", ""payment_sequential"": 1, ""payment_installments"": 4}"
b93e3a733006e1228ffb0f8a5550e9ab-p1,e3d7a0d45bdf701f056d1c423f8bf0f8,11718,2017-11-03T18:30:38+00:00,b93e3a733006e1228ffb0f8a5550e9ab,,,False,,"{""payment_type"": ""credit_card"", ""payment_sequential"": 1, ""payment_installments"": 1}"
a235dd3be106ba5b2ea4610274402898-p1,c7fb8ec1ea35af7e89f989b6e17e2bd8,29415,2017-11-03T19:30:40+00:00,a235dd3be106ba5b2ea4610274402898,,,False,,"{""payment_type"": ""credit_card"", ""payment_sequential"": 1, ""payment_installments"": 3}"
67396d4e8e815db60a202db276db16a5-p1,1e433d2aca7584032f8f56d51643e605,16100,2017-11-03T19:30:37+00:00,67396d4e8e815db60a202db276db16a5,,,False,,"{""payment_type"": ""credit_card"", ""payment_sequential"": 1, ""payment_installments"": 2}"
d29cafb654e73fca65371aec22d88ca8-p1,85c30f6989528b01b07b63e28299b9bd,6690,2017-11-03T19:30:37+00:00,d29cafb654e73fca65371aec22d88ca8,,,False,,"{""payment_type"": ""credit_card"", ""payment_sequential"": 1, ""payment_installments"": 1}"
d29cafb654e73fca65371aec22d88ca8-p2,85c30f6989528b01b07b63e28299b9bd,10000,2017-11-03T19:30:37+00:00,d29cafb654e73fca65371aec22d88ca8,,,False,,"{""payment_type"": ""voucher"", ""payment_sequential"": 2, ""payment_installments"": 1}"
b621235d09fbfbe88d897969dd240b59-p1,8c532c86e424b28e85997dd891e26d5d,6400,2017-11-04T11:10:49+00:00,b621235d09fbfbe88d897969dd240b59,,,False,,"{""payment_type"": ""voucher"", ""payment_sequential"": 1, ""payment_installments"": 1}"
a4f71a0d584883f990018a219bb7dfb4-p1,4f4cfd4238efefcaf3e6905ac8bb9e76,21148,2017-11-04T06:10:24+00:00,a4f71a0d584883f990018a219bb7dfb4,,,False,,"{""payment_type"": ""boleto"", ""payment_sequential"": 1, ""payment_installments"": 1}"
cfae1e992eeb0f51ba0de3ddb87b33da-p1,7a41dff0e8b1ea9c1f2a8b290ea80ba5,13438,2017-11-03T19:30:38+00:00,cfae1e992eeb0f51ba0de3ddb87b33da,,,False,,"{""payment_type"": ""credit_card"", ""payment_sequential"": 1, ""payment_installments"": 1}"
7d512c7210020b9a4d7a90bfece69a65-p1,68598b654c53799834f0abc847bd4a06,8580,2017-11-03T19:30:38+00:00,7d512c7210020b9a4d7a90bfece69a65,,,False,,"{""payment_type"": ""credit_card"", ""payment_sequential"": 1, ""payment_installments"": 2}"
0fa7d9bf5e4786e331c11c950cb4082d-p1,8e3d7e64a92ee5879a360326258c952e,6264,2017-11-03T19:30:40+00:00,0fa7d9bf5e4786e331c11c950cb4082d,,,False,,"{""payment_type"": ""credit_card"", ""payment_sequential"": 1, ""payment_installments"": 6}"
64999819cdd2759997379730b8aa6e22-p1,325bdb07397fb78bf188c812e3c16ef7,6889,2017-11-07T07:30:45+00:00,64999819cdd2759997379730b8aa6e22,,,False,,"{""payment_type"": ""boleto"", ""payment_sequential"": 1, ""payment_installments"": 1}"
0713892246596f649555ebebe57a9a7b-p1,99251d77284980383662133057fe855b,10355,2017-11-03T19:35:22+00:00,0713892246596f649555ebebe57a9a7b,,,False,,"{""payment_type"": ""credit_card"", ""payment_sequential"": 1, ""payment_installments"": 1}"
4f3428d2bdfb5f3910f874c72120c9f1-p1,15702b42095b880565ce41d4b1511814,19576,2017-11-03T20:30:54+00:00,4f3428d2bdfb5f3910f874c72120c9f1,,,False,,"{""payment_type"": ""credit_card"", ""payment_sequential"": 1, ""payment_installments"": 12}"
ff8d0c8b5c1e8bdd6f8e3170f6fd62fd-p1,6025e80315175e0241fc6e35c42916a9,12017,2017-11-03T20:30:54+00:00,ff8d0c8b5c1e8bdd6f8e3170f6fd62fd,,,False,,"{""payment_type"": ""credit_card"", ""payment_sequential"": 1, ""payment_installments"": 2}"
f76887473f528c398659936663331251-p1,a7657330b1c135f3acd420326e335b2c,7334,2017-11-03T20:30:52+00:00,f76887473f528c398659936663331251,,,False,,"{""payment_type"": ""credit_card"", ""payment_sequential"": 1, ""payment_installments"": 7}"
e40d0c72305e1f0be6925df1e4378221-p1,996eb644658f838b44eae50e22a48a70,66562,2017-11-03T20:35:23+00:00,e40d0c72305e1f0be6925df1e4378221,,,False,,"{""payment_type"": ""credit_card"", ""payment_sequential"": 1, ""payment_installments"": 1}"
5f3e315da0dbfdaabd6f8cff4fd2946a-p1,743b6b21edcc4f0a9be82e591187e0a8,5862,2017-11-03T20:35:24+00:00,5f3e315da0dbfdaabd6f8cff4fd2946a,,,False,,"{""payment_type"": ""credit_card"", ""payment_sequential"": 1, ""payment_installments"": 1}"
fb044859ae3cc0721c694443c343aed4-p1,83b82ec5bf93a47ccfbe05452ea32009,18892,2017-11-03T21:31:22+00:00,fb044859ae3cc0721c694443c343aed4,,,False,,"{""payment_type"": ""credit_card"", ""payment_sequential"": 1, ""payment_installments"": 3}"
2f8faef508a5a7ba5de0b455cd768da8-p1,bb0aea12660bf8bd536b39fddbc336ee,9567,2017-11-07T07:30:29+00:00,2f8faef508a5a7ba5de0b455cd768da8,,,False,,"{""payment_type"": ""boleto"", ""payment_sequential"": 1, ""payment_installments"": 1}"
0e6b2d0fe443a6d38c0f6447f4eb2262-p1,bb0aea12660bf8bd536b39fddbc336ee,10860,2017-11-07T08:30:54+00:00,0e6b2d0fe443a6d38c0f6447f4eb2262,,,False,,"{""payment_type"": ""boleto"", ""payment_sequential"": 1, ""payment_installments"": 1}"
47c29eebd9fb0e4d67c674f78e396be4-p1,d1690fc33a52a1ffdc2ecde9ee88d7c9,9105,2017-11-03T21:10:22+00:00,47c29eebd9fb0e4d67c674f78e396be4,,,False,,"{""payment_type"": ""credit_card"", ""payment_sequential"": 1, ""payment_installments"": 1}"
55b961963d4c9e193651ea6c3dc6c8df-p1,d2a784c948d14252def59dd0c2e49170,3277,2017-11-03T21:10:36+00:00,55b961963d4c9e193651ea6c3dc6c8df,,,False,,"{""payment_type"": ""credit_card"", ""payment_sequential"": 1, ""payment_installments"": 1}"
843c4657d0e36a64ee5819729168339d-p1,0dd8363b55b6c0635a09dd43297e2291,18047,2017-11-03T21:31:22+00:00,843c4657d0e36a64ee5819729168339d,,,False,,"{""payment_type"": ""credit_card"", ""payment_sequential"": 1, ""payment_installments"": 3}"
e31ec91cea1ecf97797787471f98a8c2-p1,73c2643a0a458b49f58cea58833b192e,71107,2017-11-03T21:31:20+00:00,e31ec91cea1ecf97797787471f98a8c2,,,False,,"{""payment_type"": ""credit_card"", ""payment_sequential"": 1, ""payment_installments"": 2}"
f5f29bce586850f2fb4f268aba6ed81d-p1,d5419994a02a55d4b7cd00e77fabdbae,20367,2017-11-03T21:31:22+00:00,f5f29bce586850f2fb4f268aba6ed81d,,,False,,"{""payment_type"": ""credit_card"", ""payment_sequential"": 1, ""payment_installments"": 4}"
43caa2bfbf19b07993e7794248faec20-p1,88a5947eba137391941e7c0d9a4532d8,4269,2017-11-03T21:31:19+00:00,43caa2bfbf19b07993e7794248faec20,,,False,,"{""payment_type"": ""credit_card"", ""payment_sequential"": 1, ""payment_installments"": 4}"
4480ac0eaab783664bd03d73f20e2896-p1,ea2823cb06ffee228889fd07321fef42,20710,2017-11-03T21:31:20+00:00,4480ac0eaab783664bd03d73f20e2896,,,False,,"{""payment_type"": ""credit_card"", ""payment_sequential"": 1, ""payment_installments"": 2}"
182c7c260aa89ec58595803372f60d1a-p1,5e3e9e897d07a80fc2af58088a84812a,3635,2017-11-03T21:35:23+00:00,182c7c260aa89ec58595803372f60d1a,,,False,,"{""payment_type"": ""credit_card"", ""payment_sequential"": 1, ""payment_installments"": 3}"
502b66ddeae1875100eae9074f5d189a-p1,a984da262e44d5df9e224ee3072c3717,19067,2017-11-03T21:35:23+00:00,502b66ddeae1875100eae9074f5d189a,,,False,,"{""payment_type"": ""credit_card"", ""payment_sequential"": 1, ""payment_installments"": 1}"
a2d899ba8a26c87fd1ae28e82fc25c85-p1,386e31ecc3dc1faaa5255e184fea1e5d,17149,2017-11-03T22:31:29+00:00,a2d899ba8a26c87fd1ae28e82fc25c85,,,False,,"{""payment_type"": ""credit_card"", ""payment_sequential"": 1, ""payment_installments"": 7}"
1e1fb779dc3ea5b2ece7892f4b1824cc-p1,611009570f605781020550bff8c0d7a5,10292,2017-11-07T07:30:50+00:00,1e1fb779dc3ea5b2ece7892f4b1824cc,,,False,,"{""payment_type"": ""boleto"", ""payment_sequential"": 1, ""payment_installments"": 1}"
8c732378425fb2cff245875c583e5940-p1,2ee77d43be5a64c61343323bd5b1ce16,9338,2017-11-03T22:31:29+00:00,8c732378425fb2cff245875c583e5940,,,False,,"{""payment_type"": ""credit_card"", ""payment_sequential"": 1, ""payment_installments"": 1}"
811ecf2dd75f2d765763c2c20c539cdf-p1,e035ab2e06d5643295a12b3a0eaf892b,21356,2017-11-03T22:31:28+00:00,811ecf2dd75f2d765763c2c20c539cdf,,,False,,"{""payment_type"": ""credit_card"", ""payment_sequential"": 1, ""payment_installments"": 1}"
980496fd521b7f8fe2d75593d11ee1fb-p1,0a834292f8691cb3cdc64caf600c61c9,90000,2017-11-03T22:31:29+00:00,980496fd521b7f8fe2d75593d11ee1fb,,,False,,"{""payment_type"": ""credit_card"", ""payment_sequential"": 1, ""payment_installments"": 8}"
980496fd521b7f8fe2d75593d11ee1fb-p2,0a834292f8691cb3cdc64caf600c61c9,32798,2017-11-03T22:31:29+00:00,980496fd521b7f8fe2d75593d11ee1fb,,,False,,"{""payment_type"": ""credit_card"", ""payment_sequential"": 2, ""payment_installments"": 8}"
9e844ac3fb9440b1393bf80ab5b59860-p1,a4fd91dd92817169a032d202f2c1aa06,7757,2017-11-03T22:31:32+00:00,9e844ac3fb9440b1393bf80ab5b59860,,,False,,"{""payment_type"": ""credit_card"", ""payment_sequential"": 1, ""payment_installments"": 1}"
491b6882815a6368f57277d9bfaebb12-p1,647de02f33fb0058d4acb20ef1ce482f,7508,2017-11-03T22:31:30+00:00,491b6882815a6368f57277d9bfaebb12,,,False,,"{""payment_type"": ""credit_card"", ""payment_sequential"": 1, ""payment_installments"": 4}"
19bbda1f882b3aeddba973e935519905-p1,1a674d0bad43d5b5c387fce838e4c428,1837,2017-11-03T22:45:46+00:00,19bbda1f882b3aeddba973e935519905,,,False,,"{""payment_type"": ""credit_card"", ""payment_sequential"": 1, ""payment_installments"": 1}"
a3ef7e4271c9088cf2d3de8305ef2355-p1,1a674d0bad43d5b5c387fce838e4c428,1837,2017-11-03T22:45:51+00:00,a3ef7e4271c9088cf2d3de8305ef2355,,,False,,"{""payment_type"": ""credit_card"", ""payment_sequential"": 1, ""payment_installments"": 1}"
1d0179e06d705c4c8b0cccd7c58c30cb-p1,2c14869f96fcf1d76d95e4b8e2841fdd,9890,2017-11-03T22:50:19+00:00,1d0179e06d705c4c8b0cccd7c58c30cb,,,False,,"{""payment_type"": ""credit_card"", ""payment_sequential"": 1, ""payment_installments"": 1}"
12eb23de9270a05fa07be92704d1a6ee-p1,6dbf40025c492536db00c2ffff44ffff,11271,2017-11-03T23:10:23+00:00,12eb23de9270a05fa07be92704d1a6ee,,,False,,"{""payment_type"": ""credit_card"", ""payment_sequential"": 1, ""payment_installments"": 10}"
b392178525db3323c13bd67d9dee38ff-p1,05e8b4d95b191ed344b0c2bc3b1dd984,7657,2017-11-04T23:05:46+00:00,b392178525db3323c13bd67d9dee38ff,,,False,,"{""payment_type"": ""credit_card"", ""payment_sequential"": 1, ""payment_installments"": 5}"
92a6e33b636545263917ab59e3169882-p1,0e71681ebdc97df774d7451ce1b4bef9,9870,2017-11-03T23:30:39+00:00,92a6e33b636545263917ab59e3169882,,,False,,"{""payment_type"": ""credit_card"", ""payment_sequential"": 1, ""payment_installments"": 5}"
f75d10ef288341085a1387de1052dfb7-p1,44692492d6bb5c44dc9f7bce39fd7b6e,40480,2017-11-03T23:55:49+00:00,f75d10ef288341085a1387de1052dfb7,,,False,,"{""payment_type"": ""credit_card"", ""payment_sequential"": 1, ""payment_installments"": 8}"
5e9d5a2d9fdab80cd5bbe9706abf0087-p1,fe80881541b7cb0a0732cf82eed3c82b,15514,2017-11-07T07:30:33+00:00,5e9d5a2d9fdab80cd5bbe9706abf0087,,,False,,"{""payment_type"": ""boleto"", ""payment_sequential"": 1, ""payment_installments"": 1}"
1525f8f0c2985955d93907fa19a9cc3a-p1,4caa1eddb0d07179c6062964918c87fa,1071,2017-11-04T00:25:57+00:00,1525f8f0c2985955d93907fa19a9cc3a,,,False,,"{""payment_type"": ""credit_card"", ""payment_sequential"": 1, ""payment_installments"": 1}"
1525f8f0c2985955d93907fa19a9cc3a-p2,4caa1eddb0d07179c6062964918c87fa,7801,2017-11-04T00:25:57+00:00,1525f8f0c2985955d93907fa19a9cc3a,,,False,,"{""payment_type"": ""voucher"", ""payment_sequential"": 2, ""payment_installments"": 1}"
3241efb4bf616d6fc2d9ff3803b06a46-p1,659bdc990055d4604a50cd848a43b9a3,24692,2017-11-04T00:35:28+00:00,3241efb4bf616d6fc2d9ff3803b06a46,,,False,,"{""payment_type"": ""credit_card"", ""payment_sequential"": 1, ""payment_installments"": 1}"
d7b4654d3ca41a3b97437da02dff3df0-p1,b21dfdc5d4ff4d72390b2732975a504d,10808,2017-11-04T00:46:33+00:00,d7b4654d3ca41a3b97437da02dff3df0,,,False,,"{""payment_type"": ""credit_card"", ""payment_sequential"": 1, ""payment_installments"": 1}"
0640b06b89343b8b664b6ddef40ba020-p1,2547d56bb668d0543d4902cf3f2e7515,6601,2017-11-04T00:50:21+00:00,0640b06b89343b8b664b6ddef40ba020,,,False,,"{""payment_type"": ""credit_card"", ""payment_sequential"": 1, ""payment_installments"": 1}"
012eab2625c5f8aaac6f37f2c19ef62f-p1,74d3316a8a3535f05feed75b4df15e7a,9722,2017-11-04T00:50:19+00:00,012eab2625c5f8aaac6f37f2c9ef62f,012eab2625c5f8aaac6f37f2c19ef62f,,True,,"{""payment_type"": ""credit_card"", ""payment_sequential"": 1, ""payment_installments"": 6, ""fault_id"": ""B""}"
aae6432b1c1a2deae58567621da9d957-p1,c6c590ae0a0b256c4184b2a7352a6736,17486,2017-11-04T00:55:32+00:00,aae6432b1c1a2deae58567621da9d957,,,False,,"{""payment_type"": ""credit_card"", ""payment_sequential"": 1, ""payment_installments"": 3}"
8b353b3ac8bd5c8a07201989bdcb8f93-p3,74d4c0cfaf825cd15b80dd167bdfa9b4,1391,2017-11-04T11:50:20+00:00,8b353b3ac8bd5c8a07201989bdcb8f93,,,False,,"{""payment_type"": ""voucher"", ""payment_sequential"": 3, ""payment_installments"": 1}"
8b353b3ac8bd5c8a07201989bdcb8f93-p2,74d4c0cfaf825cd15b80dd167bdfa9b4,3399,2017-11-04T11:50:20+00:00,8b353b3ac8bd5c8a07201989bdcb8f93,,,False,,"{""payment_type"": ""voucher"", ""payment_sequential"": 2, ""payment_installments"": 1}"
8b353b3ac8bd5c8a07201989bdcb8f93-p1,74d4c0cfaf825cd15b80dd167bdfa9b4,18957,2017-11-04T11:50:20+00:00,8b353b3ac8bd5c8a07201989bdcb8f93,,,False,,"{""payment_type"": ""credit_card"", ""payment_sequential"": 1, ""payment_installments"": 2}"
4653095ef7d71a9c9514e55131538126-p1,d15605acc62833da0624a0bd2b50eeb1,6501,2017-11-07T07:30:43+00:00,4653095ef7d71a9c9514e55131538126,,,False,,"{""payment_type"": ""boleto"", ""payment_sequential"": 1, ""payment_installments"": 1}"
2bcc2646dcca22a1e6da38a7133cc8ed-p1,86888bde47671fa164c9b4ddfa53b9f7,14744,2017-11-07T06:31:35+00:00,2bcc2646dcca22a1e6da38a7133cc8ed,,,False,,"{""payment_type"": ""boleto"", ""payment_sequential"": 1, ""payment_installments"": 1}"
c5af01c76029f8063c756b08fcaf17ae-p1,fd7c41c28fabc3ff2c039b465bb25a35,7602,2017-11-04T08:55:57+00:00,c5af01c76029f8063c756b08fcaf17ae,,,False,,"{""payment_type"": ""credit_card"", ""payment_sequential"": 1, ""payment_installments"": 1}"
59823eb85efc0c6ee2cbc0567486757f-p1,e423384cbe26938695befbaaaf242864,83634,2017-11-05T09:26:15+00:00,59823eb85efc0c6ee2cbc0567486757f,,,False,,"{""payment_type"": ""credit_card"", ""payment_sequential"": 1, ""payment_installments"": 7}"
7e666050aebcbd6feba9622558222157-p1,9241793ecddc22fd6563685386c85eb5,5812,2017-11-04T09:35:30+00:00,7e666050aebcbd6feba9622558222157,,,False,,"{""payment_type"": ""credit_card"", ""payment_sequential"": 1, ""payment_installments"": 2}"
5f21071bb4421ccceaf3ae565558f63f-p1,185246288eb4cea28a37bb3269141e03,14973,2017-11-04T09:46:24+00:00,5f21071bb4421ccceaf3ae565558f63f,,,True,,"{""payment_type"": ""credit_card"", ""payment_sequential"": 1, ""payment_installments"": 10, ""fault_id"": ""D"", ""shortfall_centavos"": 541}"
af3327b567206d03f49d5cc63c712a22-p1,1f5eec9b918893bafd7b2e88c9abae7e,3601,2017-11-04T09:50:22+00:00,af3327b567206d03f49d5cc63c712a22,,,False,,"{""payment_type"": ""boleto"", ""payment_sequential"": 1, ""payment_installments"": 1}"
820349ed7a25bbfa196bb4f9a28442f2-p2,7efc49d7862ee114c0ca869b439bf381,10000,2017-11-04T09:50:25+00:00,820349ed7a25bbfa196bb4f9a28442f2,,,False,,"{""payment_type"": ""voucher"", ""payment_sequential"": 2, ""payment_installments"": 1}"
820349ed7a25bbfa196bb4f9a28442f2-p1,7efc49d7862ee114c0ca869b439bf381,137951,2017-11-04T09:50:25+00:00,820349ed7a25bbfa196bb4f9a28442f2,,,False,,"{""payment_type"": ""credit_card"", ""payment_sequential"": 1, ""payment_installments"": 15}"
1bc2604f66282211f5aba0bf67ca3dff-p1,3aace94f875e8ed34028832ce922ac5d,17144,2017-11-04T09:55:20+00:00,1bc2604f66282211f5aba0bf67ca3dff,,,False,,"{""payment_type"": ""credit_card"", ""payment_sequential"": 1, ""payment_installments"": 2}"
b002261c1b562472adb57d81cc90995d-p1,08abf792f548422ecfebe3b2217fa9a3,15852,2017-11-07T07:30:38+00:00,b002261c1b562472adb57d81cc90995d,,,False,,"{""payment_type"": ""boleto"", ""payment_sequential"": 1, ""payment_installments"": 1}"
cea54c1853c864ab36cea3ef732d7191-p1,882023c0b40dc2130beea608b1196262,7494,2017-11-05T11:50:17+00:00,cea54c1853c864ab36cea3ef732d7191,,,False,,"{""payment_type"": ""credit_card"", ""payment_sequential"": 1, ""payment_installments"": 7}"
024d4903890a56c2e98df63a32206bd9-p1,d1977d0dffcab41b61db477ceecc3746,7617,2017-11-05T09:50:38+00:00,024d4903890a56c2e98df63a32206bd9,,,False,,"{""payment_type"": ""credit_card"", ""payment_sequential"": 1, ""payment_installments"": 1}"
782fab126cb645c5b3a1d88c15760b03-p1,b826f5a1be01413121dd40956bfb9bda,7334,2017-11-04T10:10:34+00:00,782fab126cb645c5b3a1d88c15760b03,,,False,,"{""payment_type"": ""credit_card"", ""payment_sequential"": 1, ""payment_installments"": 1}"
e2456fa3a339b1e8aa3ea8045a1ead4e-p1,e279ede4d0a73bc22e97ce519415dcd4,62334,2017-11-04T10:25:45+00:00,e2456fa3a339b1e8aa3ea8045a1ead4e,,,False,,"{""payment_type"": ""credit_card"", ""payment_sequential"": 1, ""payment_installments"": 10}"
453c6f368bd52d7a2c03f6cc81ccf9d8-p1,ef9b8ed47a7fa26d0bfab94575ab7964,4784,2017-11-04T10:36:10+00:00,453c6f368bd52d7a2c03f6cc81ccf9d8,,,False,,"{""payment_type"": ""credit_card"", ""payment_sequential"": 1, ""payment_installments"": 1}"
0a5862d87bffd3cfdc0615c7aafcf408-p1,d6e3f8ffe22be51ff7df0880477577a9,4398,2017-11-04T10:45:22+00:00,0a5862d87bffd3cfdc0615c7aafcf408,,,False,,"{""payment_type"": ""credit_card"", ""payment_sequential"": 1, ""payment_installments"": 4}"
5b649740381032adc79831802d8d221a-p1,f38e382731af9143e1321a49534c395d,25124,2017-11-07T07:30:51+00:00,5b649740381032adc79831802d8d221a,,,False,,"{""payment_type"": ""boleto"", ""payment_sequential"": 1, ""payment_installments"": 1}"
1de86d094f7dd41cca13d246d3b7fd07-p1,986c25a5e2ca08ed0a961e8475bfa26d,6197,2017-11-04T11:35:32+00:00,1de86d094f7dd41cca13d246d3b7fd07,,,False,,"{""payment_type"": ""credit_card"", ""payment_sequential"": 1, ""payment_installments"": 6}"
d83ba33f7128e7d87dd7709a58cd0a2e-p1,fe5eca6512b89e5786961fa1e8b8fcac,13853,2017-11-04T11:45:51+00:00,d83ba33f7128e7d87dd7709a58cd0a2e,,,False,,"{""payment_type"": ""credit_card"", ""payment_sequential"": 1, ""payment_installments"": 2}"
ea63d003e45a23a57429b135d4595111-p1,8f20174c2cc13c9646f0ddd675a6d36a,11633,2017-11-07T07:30:47+00:00,ea63d003e45a23a57429b135d4595111,,,False,,"{""payment_type"": ""boleto"", ""payment_sequential"": 1, ""payment_installments"": 1}"
66030147ffa4f133089e5b7578977ac7-p1,aa01e4499023e8a410adc9476261ce02,10896,2017-11-04T12:10:29+00:00,66030147ffa4f133089e5b7578977ac7,,,False,,"{""payment_type"": ""credit_card"", ""payment_sequential"": 1, ""payment_installments"": 2}"
8bd3b0d275f7d6d8686ddb86f88a71f6-p1,d55b1d8c88528efb311e84d850c4914e,10494,2017-11-04T12:10:49+00:00,8bd3b0d275f7d6d8686ddb86f88a71f6,,,False,,"{""payment_type"": ""credit_card"", ""payment_sequential"": 1, ""payment_installments"": 5}"
9ee05256cfc9c15eb6b752dadd498501-p1,f0d8077a3a9e24262cba3f1d2ea07368,4834,2017-11-07T07:30:29+00:00,9ee05256cfc9c15eb6b752dadd498501,,,False,,"{""payment_type"": ""boleto"", ""payment_sequential"": 1, ""payment_installments"": 1}"
8188245de83e27d91f5454e5ce159b89-p1,cb7eecf6b3b822c5e3d650d79aff5156,11785,2017-11-05T12:10:34+00:00,8188245de83e27d91f5454e5ce159b89,,,False,,"{""payment_type"": ""credit_card"", ""payment_sequential"": 1, ""payment_installments"": 7}"
266f8c8ad2326ea2f2272adcb43b7ed9-p1,c80acdd5a52315eead0f8eecd4317362,6201,2017-11-04T12:15:40+00:00,266f8c8ad2326ea2f2272adcb43b7ed9,,,False,,"{""payment_type"": ""credit_card"", ""payment_sequential"": 1, ""payment_installments"": 6}"
35e29aad915d0ccfeeb308572ff8fe79-p1,36a9da4891b799387b6e7d59173ab8b6,2101,2017-11-07T07:30:38+00:00,35e29aad915d0ccfeeb308572ff8fe79,,,False,,"{""payment_type"": ""boleto"", ""payment_sequential"": 1, ""payment_installments"": 1}"
0886b681f437971243d241ece6cf21d9-p1,d0609a36bb71a14bffd247f7201fffb2,14465,2017-11-07T07:30:49+00:00,0886b681f437971243d241ece6cf21d9,,,False,,"{""payment_type"": ""boleto"", ""payment_sequential"": 1, ""payment_installments"": 1}"
0ccc28cc32fa5c8ca6a3b2d594700714-p1,cfbf4886ae3c9a97d20957d147e50fbb,21672,2017-11-07T07:30:44+00:00,0ccc28cc32fa5c8ca6a3b2d594700714,,,False,,"{""payment_type"": ""boleto"", ""payment_sequential"": 1, ""payment_installments"": 1}"
43a95930524a9c5388fa5e417dc23241-p1,db4a068b5f8bcb3e5e45be643f3961b0,71107,2017-11-07T09:30:58+00:00,43a95930524a9c5388fa5e417dc23241,,,False,,"{""payment_type"": ""credit_card"", ""payment_sequential"": 1, ""payment_installments"": 5}"
adfee4f7392b7c41fb280b51a787ab3e-p1,3f51fe7189074be3c8355f1ac51679c7,9544,2017-11-04T12:35:22+00:00,adfee4f7392b7c41fb280b51a787ab3e,,,False,,"{""payment_type"": ""credit_card"", ""payment_sequential"": 1, ""payment_installments"": 8}"
0198e0de42189b3941d46857a87fac91-p1,095822a49be101736ea0508b80fb827d,6571,2017-11-06T11:31:01+00:00,0198e0de42189b3914d46857a87fac91,0198e0de42189b3941d46857a87fac91,,True,,"{""payment_type"": ""debit_card"", ""payment_sequential"": 1, ""payment_installments"": 1, ""fault_id"": ""B""}"
77a5bfa62225470464b913edec2910a3-p1,4e87a86e491f833e7a0347295a2e025e,5300,2017-11-07T07:30:44+00:00,77a5bfa62225470464b913edec2910a3,,,False,,"{""payment_type"": ""boleto"", ""payment_sequential"": 1, ""payment_installments"": 1}"
d214b4670d22fbbbce0677ce7e2645ed-p1,0e4c314bf70adc07db976ac1131a8d0e,11545,2017-11-04T12:56:21+00:00,d214b4670d22fbbbce0677ce7e2645ed,,,False,,"{""payment_type"": ""credit_card"", ""payment_sequential"": 1, ""payment_installments"": 2}"
194d5589bc5b36954c06e5d34e41f03d-p1,ec2c939a56b9d792f75a3132ee47c2ec,17579,2017-11-04T13:15:33+00:00,194d5589bc5b36954c06e5d34e41f03d,,,False,,"{""payment_type"": ""credit_card"", ""payment_sequential"": 1, ""payment_installments"": 3}"
cf785a05b67a9d6bc87e8cb56ec94e77-p1,5b83a6e579043f9d293af671b3fde86a,60828,2017-11-04T14:15:43+00:00,cf785a05b67a9d6bc87e8cb56ec94e77,,,False,,"{""payment_type"": ""boleto"", ""payment_sequential"": 1, ""payment_installments"": 1}"
fc850201b579f014488f1cca40aaa06d-p1,05128663fa180b637c99c17d8ce05949,4900,2017-11-04T13:55:24+00:00,fc850201b579f014488f1cca40aaa06d,,,False,,"{""payment_type"": ""credit_card"", ""payment_sequential"": 1, ""payment_installments"": 1}"
ff903285ed6a7f76ecda147fc463ef57-p1,77a5529971c407965806a921949a2d62,16057,2017-11-04T14:10:31+00:00,ff903285ed6a7f76ecda147fc463ef57,,,False,,"{""payment_type"": ""credit_card"", ""payment_sequential"": 1, ""payment_installments"": 2}"
7ea5afa01a6aed827dec68beed373ea9-p1,3f5c45742c7aa9f895b8b0902587c137,16077,2017-11-04T14:10:33+00:00,7ea5afa01a6aed827dec68beed373ea9,,,False,,"{""payment_type"": ""credit_card"", ""payment_sequential"": 1, ""payment_installments"": 6}"
e852ff3390a09b155f3e73343bcfcbe2-p1,61b390579bdb1d9ab9562b7b231955dc,5310,2017-11-04T14:15:50+00:00,e852ff3390a09b155f3e73343bcfcbe2,,,False,,"{""payment_type"": ""credit_card"", ""payment_sequential"": 1, ""payment_installments"": 1}"
e6712050b6cb63061665c44062c15b78-p1,105b90bd13985a707ab2cc4567cb7c58,14485,2017-11-04T14:15:49+00:00,e6712050b6cb63061665c44062c15b78,,,False,,"{""payment_type"": ""credit_card"", ""payment_sequential"": 1, ""payment_installments"": 3}"
58c6e33bc7b4ebacdc2171cd9e2c6f96-p1,029939dc94df37cac6ac39bb3e55562f,16751,2017-11-04T14:25:36+00:00,58c6e33bc7b4ebacdc2171cd9e2c6f96,,,False,,"{""payment_type"": ""voucher"", ""payment_sequential"": 1, ""payment_installments"": 1}"
3bbf8f927f288e4a1854c7c12d0dc1b7-p1,3cd86c600cc096464ad1f49a47dcf59c,8620,2017-11-04T14:25:38+00:00,3bbf8f927f288e4a1854c7c12d0dc1b7,,,False,,"{""payment_type"": ""credit_card"", ""payment_sequential"": 1, ""payment_installments"": 1}"
536b55df90b1eadec8cd2151d8d54536-p1,efc96f2b0d64a87eab5fda58be1f6c57,51428,2017-11-04T14:30:29+00:00,536b55df90b1eadec8cd2151d8d54536,,,False,,"{""payment_type"": ""credit_card"", ""payment_sequential"": 1, ""payment_installments"": 8}"
7ef3a4439f550deadd7bc3891b2f6242-p1,7c5cd64106c9160122fd28b026cec28b,7276,2017-11-04T14:46:33+00:00,7ef3a4439f550deadd7bc3891b2f6242,,,False,,"{""payment_type"": ""credit_card"", ""payment_sequential"": 1, ""payment_installments"": 6}"
d0dbda050bd2eab75385fd7d22fc3a80-p1,1e24bcbf79c2fe9dfbfc065e1a6c4780,16830,2017-11-04T14:46:33+00:00,d0dbda050bd2eab75385fd7d22fc3a80,,,False,,"{""payment_type"": ""credit_card"", ""payment_sequential"": 1, ""payment_installments"": 6}"
5754e773f5f53dbb1fd793be8d1250eb-p1,7b8613dd80f23830102271dcf047f27e,4009,2017-11-04T15:35:32+00:00,5754e773f5f53dbb1fd793be8d1250eb,,,False,,"{""payment_type"": ""voucher"", ""payment_sequential"": 1, ""payment_installments"": 1}"
55d4ac8ab9f932ba5badbf6088b9a1c3-p1,c1247f49e4171bb71b390a4eea026a56,15500,2017-11-04T14:50:24+00:00,55d4ac8ab9f932ba5badbf6088b9a1c3,,,False,,"{""payment_type"": ""credit_card"", ""payment_sequential"": 1, ""payment_installments"": 6}"
04b21593198275390ded3d92c6d9fd6a-p1,423f9e0c39ec9e6ca5b4aea2791393e1,54121,2017-11-04T14:55:25+00:00,04b21593198275390ded3d92c6d9fd6a,,,True,,"{""payment_type"": ""credit_card"", ""payment_sequential"": 1, ""payment_installments"": 5, ""fault_id"": ""E"", ""fee_pct"": 2.5, ""shortfall_centavos"": 1388}"
2904c252504167d25044631cfa95a558-p1,95295e9cda1d086d82030c9485f14c74,123462,2017-11-07T07:30:38+00:00,2904c252504167d25044631cfa95a558,,,False,,"{""payment_type"": ""boleto"", ""payment_sequential"": 1, ""payment_installments"": 1}"
91d38275ca75e585338637cc73deeec1-p1,464522fecc7b52a42faf755f562c1048,30477,2017-11-04T15:15:34+00:00,91d38275ca75e585338637cc73deeec1,,,False,,"{""payment_type"": ""credit_card"", ""payment_sequential"": 1, ""payment_installments"": 10}"
5845efeb1a7164fc3885f465a37ebd46-p1,d16c23f187530d1aba8bd8cd58b8cec9,5169,2017-11-04T15:46:14+00:00,5845efeb1a7164fc3885f465a37ebd46,,,False,,"{""payment_type"": ""credit_card"", ""payment_sequential"": 1, ""payment_installments"": 1}"
797758082c81c67fa72cb48448b5225c-p1,6948c3ead81cb5ad121a53836d6bd858,21605,2017-11-04T16:06:26+00:00,797758082c81c67fa72cb48448b5225c,,,False,,"{""payment_type"": ""credit_card"", ""payment_sequential"": 1, ""payment_installments"": 10}"
363424d26d96395e168488b25d4b9efc-p1,578d11a64d1b03dc76793ce64f4d65a9,3675,2017-11-04T16:45:31+00:00,363424d26d96395e168488b25d4b9efc,,,False,,"{""payment_type"": ""credit_card"", ""payment_sequential"": 1, ""payment_installments"": 1}"
804a79d234b0f9470b218e9abef45e7e-p1,c7fb8ec1ea35af7e89f989b6e17e2bd8,67882,2017-11-04T16:45:39+00:00,804a79d234b0f9470b218e9abef45e7e,,,False,,"{""payment_type"": ""credit_card"", ""payment_sequential"": 1, ""payment_installments"": 2}"
b041fef38844f3b487478d3c16c3ff90-p1,d37b5d5b492f667ea230e377a97fe859,7757,2017-11-07T07:30:32+00:00,b041fef38844f3b487478d3c16c3ff90,,,False,,"{""payment_type"": ""boleto"", ""payment_sequential"": 1, ""payment_installments"": 1}"
b0d704a2823bd5fc86a8b47a4671d219-p1,3d079dcf2a5e4a0517f8ed0af8fe0b6a,6569,2017-11-07T07:30:50+00:00,b0d704a2823bd5fc86a8b47a4671d219,,,False,,"{""payment_type"": ""boleto"", ""payment_sequential"": 1, ""payment_installments"": 1}"
d347f2967d904f9f8657e9919366545c-p1,5278be4edc434fcbd9c86f8574bae5d7,3400,2017-11-07T07:30:50+00:00,d347f2967d904f9f8657e9919366545c,,,False,,"{""payment_type"": ""boleto"", ""payment_sequential"": 1, ""payment_installments"": 1}"
c3ea3d111a47aec730f0a2aa73a6588b-p1,818424e02ee185318b30b99bf7f9cd29,13194,2017-11-04T17:06:11+00:00,c3ea3d111a47aec730f0a2aa73a6588b,,,False,,"{""payment_type"": ""credit_card"", ""payment_sequential"": 1, ""payment_installments"": 1}"
fbee1784fcce86e1c120a0b525750e57-p1,6f2013debda201c8ffa9b4a783ef1622,4079,2017-11-04T17:10:32+00:00,fbee1784fcce86e1c120a0b525750e57,,,False,,"{""payment_type"": ""credit_card"", ""payment_sequential"": 1, ""payment_installments"": 4}"
db3b94ddef8837c5c780836f80da86c7-p1,9a81c7dc0ab471b009bc6c0b3fd8ec1d,101752,2017-11-05T17:10:43+00:00,db3b94ddef8837c5c780836f80da86c7,,,False,,"{""payment_type"": ""credit_card"", ""payment_sequential"": 1, ""payment_installments"": 10}"
fb34891f680ec3b5b3b0dd8d9f863d2a-p1,7faa5e8b6dfa50377c3c5f482cf83d8d,9786,2017-11-07T07:30:50+00:00,fb34891f680ec3b5b3b0dd8d9f863d2a,,,False,,"{""payment_type"": ""boleto"", ""payment_sequential"": 1, ""payment_installments"": 1}"
be382a9e1ed25128148b97d6bfdb21af-p1,6d394722d5fc5e721aee6875a218d8db,203920,2017-11-07T16:31:17+00:00,be382a9e1ed25128148b97d6bfdb21af,,,False,,"{""payment_type"": ""credit_card"", ""payment_sequential"": 1, ""payment_installments"": 1}"
d0b89f48792a49d4ed750adcc08236c5-p1,ec926d74ab971660d5584693e3c317dc,4781,2017-11-07T06:31:22+00:00,d0b89f48792a49d4ed750adcc08236c5,,,False,,"{""payment_type"": ""boleto"", ""payment_sequential"": 1, ""payment_installments"": 1}"
d82197665b49263e8815437c1e860b1c-p1,e620be18eb7152ef8303a266641a5cf5,7507,2017-11-04T17:55:20+00:00,d82197665b49263e8815437c1e860b1c,,,False,,"{""payment_type"": ""credit_card"", ""payment_sequential"": 1, ""payment_installments"": 2}"
36c03fb1172cec1edee00c380e3ae9ec-p1,82ff394fc2b8861825166bfc7ec12644,9287,2017-11-04T18:06:00+00:00,36c03fb1172cec1edee00c380e3ae9ec,,,False,,"{""payment_type"": ""credit_card"", ""payment_sequential"": 1, ""payment_installments"": 1}"
e01023596310bc78e2726329569e3d21-p1,c54b688917ba01fd1529c189c1f593d3,3675,2017-11-04T18:10:24+00:00,e01023596310bc78e2726329569e3d21,,,False,,"{""payment_type"": ""credit_card"", ""payment_sequential"": 1, ""payment_installments"": 1}"
bcf65f82b751df0d1a320ae5078b92ab-p1,ddc7e78822511e9ba4ef62aee5f0ec6b,8800,2017-11-04T18:30:30+00:00,bcf65f82b751df0d1a320ae5078b92ab,,,False,,"{""payment_type"": ""credit_card"", ""payment_sequential"": 1, ""payment_installments"": 1}"
f3aa2dd753099c0b69934615c49540c2-p1,548c8c880671355a078b42dd9198405b,2177,2017-11-04T18:35:25+00:00,f3aa2dd753099c0b69934615c49540c2,,,False,,"{""payment_type"": ""credit_card"", ""payment_sequential"": 1, ""payment_installments"": 1}"
08a72c88fa7ee3652a339070245b9f1e-p1,8e7798dd3d11650d0702e888c0ea37ff,1373,2017-11-04T19:05:46+00:00,08a72c88fa7ee3652a339070245b9f1e,,,False,,"{""payment_type"": ""credit_card"", ""payment_sequential"": 1, ""payment_installments"": 1}"
08a72c88fa7ee3652a339070245b9f1e-p2,8e7798dd3d11650d0702e888c0ea37ff,30539,2017-11-04T19:05:46+00:00,08a72c88fa7ee3652a339070245b9f1e,,,False,,"{""payment_type"": ""voucher"", ""payment_sequential"": 2, ""payment_installments"": 1}"
504b7cb87442ebd376fbcab13b114a3f-p1,8cfe342553b4a1db7bc8ba9e2f98b596,16751,2017-11-04T19:10:32+00:00,504b7cb87442ebd376fbcab13b114a3f,,,False,,"{""payment_type"": ""credit_card"", ""payment_sequential"": 1, ""payment_installments"": 2}"
201fa78c1fb6877f57ca0689e8538bc1-p1,37f8fa0b4ce75bc83caf2a6a3052dce8,7716,2017-11-04T19:30:21+00:00,201fa78c1fb6877f57ca0689e8538bc1,,,False,,"{""payment_type"": ""credit_card"", ""payment_sequential"": 1, ""payment_installments"": 3}"
9f68f87aaf72589c361305b9d4900b78-p1,c242a0771386d44b6875be1fbb88a538,31753,2017-11-04T19:35:30+00:00,9f68f87aaf72589c361305b9d4900b78,,,False,,"{""payment_type"": ""credit_card"", ""payment_sequential"": 1, ""payment_installments"": 2}"
e5a82ab3e8fd5f8a2ff5c12f15736659-p1,2d462921bfc3604f732bb3109d5e7259,4600,2017-11-04T19:35:30+00:00,e5a82ab3e8fd5f8a2ff5c12f15736659,,,False,,"{""payment_type"": ""credit_card"", ""payment_sequential"": 1, ""payment_installments"": 3}"
b3ada39a1e9a71ee3b5dc5d61b32f0ca-p1,f153272ca75661659630de82f3f2084d,19592,2017-11-04T20:10:34+00:00,b3ada39a1e9a71ee3b5dc5d61b32f0ca,,,False,,"{""payment_type"": ""credit_card"", ""payment_sequential"": 1, ""payment_installments"": 2}"
beb1c748e3742c97274d107f109c6298-p1,715506d20bbcdf6e2665aef32c378cc8,11212,2017-11-04T20:25:56+00:00,beb1c748e3742c97274d107f109c6298,,,False,,"{""payment_type"": ""credit_card"", ""payment_sequential"": 1, ""payment_installments"": 4}"
8a98ad89f447011bd6ed7b90a5cc2b4a-p1,30638e9176bb2e8c6edf015710f8c8fa,23692,2017-11-07T07:30:31+00:00,8a98ad89f447011bd6ed7b90a5cc2b4a,,,False,,"{""payment_type"": ""boleto"", ""payment_sequential"": 1, ""payment_installments"": 1}"
d3c5d59ee5c6bd9cbb3230d8bfebfffb-p1,00575b2023dedcc0f3e81a938834689b,3238,2017-11-07T07:30:41+00:00,d3c5d59ee5c6bd9cbb3230d8bfebfffb,,,False,,"{""payment_type"": ""boleto"", ""payment_sequential"": 1, ""payment_installments"": 1}"
321d9d09f4d1ffa67dd4ca76b9914da0-p1,1d514d88794bb46123db575f387bf739,10778,2017-11-04T20:36:35+00:00,321d9d09f4d1ffa67dd4ca76b9914da0,,,False,,"{""payment_type"": ""credit_card"", ""payment_sequential"": 1, ""payment_installments"": 3}"
ad8f6641cb556bea52f1b3f0d08f1fca-p1,081da3a79ed883f702a083f1e963900c,13386,2017-11-04T20:45:54+00:00,ad8f6641cb556bea52f1b3f0d08f1fca,,,False,,"{""payment_type"": ""credit_card"", ""payment_sequential"": 1, ""payment_installments"": 2}"
260b8c09973c3e4067907121aac17c14-p1,c32eefe4715ca1180e41d4e67c6978ba,11718,2017-11-04T20:50:33+00:00,260b8c09973c3e4067907121aac17c14,,,False,,"{""payment_type"": ""credit_card"", ""payment_sequential"": 1, ""payment_installments"": 2}"
3101c208f7e41c66b3929266928afa56-p1,37e06dc2d138214d1562fa194a2f4fae,6992,2017-11-04T20:55:47+00:00,3101c208f7e41c66b3929266928afa56,,,False,,"{""payment_type"": ""credit_card"", ""payment_sequential"": 1, ""payment_installments"": 3}"
d5b4f23f53baadbbaaf0c6a983494333-p1,e2af42f42a86805055a8e71af58ee71e,4409,2017-11-04T21:05:47+00:00,d5b4f23f53baadbbaaf0c6a983494333,,,False,,"{""payment_type"": ""credit_card"", ""payment_sequential"": 1, ""payment_installments"": 1}"
58563954fff8aefe4f7ca6827885a5f6-p1,02b9defff3fd946df37af806a194a49b,4278,2017-11-05T21:06:53+00:00,58563954fff8aefe4f7ca6827885a5f6,,,False,,"{""payment_type"": ""credit_card"", ""payment_sequential"": 1, ""payment_installments"": 1}"
59fcd6efd47e8f61ca7c5d872abe3ccf-p1,e7421fd9e84363b840f3ef9d6e879b4e,6611,2017-11-04T21:25:28+00:00,59fcd6efd47e8f61ca7c5d872abe3ccf,,,False,,"{""payment_type"": ""credit_card"", ""payment_sequential"": 1, ""payment_installments"": 3}"
1c3a07f6d5470538c2bbed1275e785b3-p1,cdba7ccee20eda71daddbfceb0e1cea1,17209,2017-11-04T21:25:34+00:00,1c3a07f6d5470538c2bbed1275e785b3,,,False,,"{""payment_type"": ""credit_card"", ""payment_sequential"": 1, ""payment_installments"": 12}"
a02db77e1f2b1eb32c2cf8793740843d-p1,44a22a3351d7f1bb3d337d1be11b41fb,5621,2017-11-04T21:25:34+00:00,a02db77e1f2b1eb32c2cf8793740843d,,,False,,"{""payment_type"": ""credit_card"", ""payment_sequential"": 1, ""payment_installments"": 2}"
281adb47b408b1e1866642b03432f095-p1,74e79d184c9d0034b5ee498813abbc7b,8767,2017-11-04T21:30:37+00:00,281adb47b408b1e1866642b03432f095,,,False,,"{""payment_type"": ""credit_card"", ""payment_sequential"": 1, ""payment_installments"": 5}"
31842de63b28390ef7b35e9b7c4a94a3-p1,dec0b0af1827fb725bf3a9d98063d2b4,9737,2017-11-07T07:30:28+00:00,31842de63b28390ef7b35e9b7c4a94a3,,,False,,"{""payment_type"": ""boleto"", ""payment_sequential"": 1, ""payment_installments"": 1}"
c3cc6a266e4c55bcf3f8d72556617cf8-p1,340eb5fa89140c45f5be0a7a4cbb571b,16668,2017-11-05T21:26:32+00:00,c3cc6a266e4c55bcf3f8d72556617cf8,,,False,,"{""payment_type"": ""credit_card"", ""payment_sequential"": 1, ""payment_installments"": 1}"
9a3f1cdf5909e7ed3b0566e9ee3f1618-p1,0f5a5218812ded0d641b87f580c47ca9,21286,2017-11-04T21:46:00+00:00,9a3f1cdf5909e7ed3b0566e9ee3f1618,,,False,,"{""payment_type"": ""credit_card"", ""payment_sequential"": 1, ""payment_installments"": 1}"
6b1b8ac3b7a9f8088825fa1152811b1f-p1,ecf034665697bb068f20143aa3fd4e8e,7757,2017-11-04T22:05:55+00:00,6b1b8ac3b7a9f8088825fa1152811b1f,,,False,,"{""payment_type"": ""credit_card"", ""payment_sequential"": 1, ""payment_installments"": 1}"
980b9aef670d4659912793b2fffdea29-p1,fbbc90758764567a8630c142c3b84402,4738,2017-11-04T22:25:27+00:00,980b9aef670d4659912793b2fffdea29,,,False,,"{""payment_type"": ""credit_card"", ""payment_sequential"": 1, ""payment_installments"": 1}"
db8d02df9b1149df5c94b9619ae11e4b-p1,3eac075c434a1fece6c3a94430746cc7,10678,2017-11-04T22:30:30+00:00,db8d02df9b1149df5c94b9619ae11e4b,,,False,,"{""payment_type"": ""credit_card"", ""payment_sequential"": 1, ""payment_installments"": 8}"
d1ecf8ea463b1f0cee4ecb78c2c5e3f1-p1,a85021416086b65d3e8dd1b205988fe0,6200,2017-11-07T07:30:49+00:00,d1ecf8ea463b1f0cee4ecb78c2c5e3f1,,,False,,"{""payment_type"": ""boleto"", ""payment_sequential"": 1, ""payment_installments"": 1}"
fdfb66d87e905833548d15ef7f08ee60-p1,93c698e1c95478c1e46c375c8d588ae1,30386,2017-11-04T22:35:47+00:00,fdfb66d87e905833548d15ef7f08ee60,,,False,,"{""payment_type"": ""credit_card"", ""payment_sequential"": 1, ""payment_installments"": 6}"
b3a5244e63837c138b11bad69f104bd2-p1,3649e61287fc6b7d763d7555342b1def,17743,2017-11-07T06:31:31+00:00,b3a5244e63837c138b11bad69f104bd2,,,False,,"{""payment_type"": ""boleto"", ""payment_sequential"": 1, ""payment_installments"": 1}"
297cce15c34916477e3daa6b59db8a67-p1,8fa772a05f9db0319b6537f94d1eec58,42318,2017-11-04T23:30:20+00:00,297cce15c34916477e3daa6b59db8a67,,,False,,"{""payment_type"": ""credit_card"", ""payment_sequential"": 1, ""payment_installments"": 4}"
ff2635a956565ccce72d295a39423aea-p1,8148a04267b770094c93db158285ffd3,9879,2017-11-04T23:30:25+00:00,ff2635a956565ccce72d295a39423aea,,,False,,"{""payment_type"": ""credit_card"", ""payment_sequential"": 1, ""payment_installments"": 3}"
cd69fdf2e46758d65a29de7bb4766e5b-p1,b993981240043cefcacd680e731fffe9,10570,2017-11-04T23:30:30+00:00,cd69fdf2e46758d65a29de7bb4766e5b,,,False,,"{""payment_type"": ""credit_card"", ""payment_sequential"": 1, ""payment_installments"": 10}"
a9b40303a2123e60ba30e5c02613e6dc-p1,5692f45005b99d929b723b96408957ec,14973,2017-11-04T23:46:01+00:00,a9b40303a2123e60ba30e5c02613e6dc,,,True,,"{""payment_type"": ""credit_card"", ""payment_sequential"": 1, ""payment_installments"": 12, ""fault_id"": ""D"", ""shortfall_centavos"": 541}"
5f96a11ca1438f152748a22210b680c8-p1,ae927677d2eeaba059c05cc2154902ce,18838,2017-11-07T06:31:29+00:00,5f96a11ca1438f152748a22210b680c8,,,False,,"{""payment_type"": ""credit_card"", ""payment_sequential"": 1, ""payment_installments"": 10}"
3c8c15b1af4ebac663b1e5645cd05506-p1,b0c5e02d315f15318e37d7aab7ebb289,9171,2017-11-05T00:46:27+00:00,3c8c15b1af4ebac663b1e5645cd05506,,,False,,"{""payment_type"": ""credit_card"", ""payment_sequential"": 1, ""payment_installments"": 1}"
775a7a08701f1131029bf828eb85b602-p1,b0c5e02d315f15318e37d7aab7ebb289,3309,2017-11-05T00:46:27+00:00,775a7a08701f1131029bf828eb85b602,,,False,,"{""payment_type"": ""credit_card"", ""payment_sequential"": 1, ""payment_installments"": 1}"
6c0c8452f4e021b56ee9a49c4ceb075a-p1,14576e3c4cbda70c7fc84decdd33214f,11694,2017-11-05T01:20:27+00:00,6c0c8452f4e021b56ee9a49c4ceb075a,,,False,,"{""payment_type"": ""credit_card"", ""payment_sequential"": 1, ""payment_installments"": 2}"
72fac1240f2dbf9cb8947475f525d588-p1,531707a5ce57f7d05a0697fe81587687,6228,2017-11-05T01:10:57+00:00,72fac1240f2dbf9cb8947475f525d588,,,False,,"{""payment_type"": ""credit_card"", ""payment_sequential"": 1, ""payment_installments"": 6}"
e9f5a7b6ba6d2c2d62ba0ad5109453f8-p1,0d4f16ef5e1cafae6327a3440c180629,16751,2017-11-05T01:40:20+00:00,e9f5a7b6ba6d2c2d62ba0ad5109453f8,,,False,,"{""payment_type"": ""credit_card"", ""payment_sequential"": 1, ""payment_installments"": 2}"
7892114ce9e8834d860b44a782ef9af6-p1,b7f8a7b85fdd98bc5fd951c67b6e1684,4178,2017-11-05T01:11:00+00:00,7892114ce9e8834d860b44a782ef9af6,,,False,,"{""payment_type"": ""credit_card"", ""payment_sequential"": 1, ""payment_installments"": 4}"
833e4c18609b9ca1d6c79b3b108fc19a-p1,8d683e4913e8e224595a5c273dac554a,20674,2017-11-05T01:11:00+00:00,833e4c18609b9ca1d6c79b3b108fc19a,,,False,,"{""payment_type"": ""credit_card"", ""payment_sequential"": 1, ""payment_installments"": 1}"
08ec1f862c4cca80515d39b2787601f4-p1,de6d0cc54acbe9c1a7d7967e29fbb899,5463,2017-11-06T22:35:59+00:00,08ec1f862c4cca80515d39b2787601f4,,,False,,"{""payment_type"": ""voucher"", ""payment_sequential"": 1, ""payment_installments"": 1}"
b4eed0937529c145938bdfcb03ed14d2-p1,bc5d06f01d205ccbe00aa95fc6672f0b,18689,2017-11-05T01:35:27+00:00,b4eed0937529c145938bdfcb03ed14d2,,,False,,"{""payment_type"": ""credit_card"", ""payment_sequential"": 1, ""payment_installments"": 5}"
8eb1d3ed40538d746e6147a86703ca50-p1,66c4cb83cabf31a7dd19db539d2a9b68,11846,2017-11-05T01:45:57+00:00,8eb1d3ed40538d746e6147a86703ca50,,,False,,"{""payment_type"": ""credit_card"", ""payment_sequential"": 1, ""payment_installments"": 2}"
d4cbc225f34eaa10be0e578f70bb915a-p1,fcc16c0b2588529f1f5b7a871b1ec018,5510,2017-11-06T23:32:25+00:00,d4cbc225f34eaa10be0e578f70bb915a,,,False,,"{""payment_type"": ""voucher"", ""payment_sequential"": 1, ""payment_installments"": 1}"
3643f070f0ecf3a35acc73cc863b296f-p1,1f773c8d8bfac690beddb97b2864f74f,7786,2017-11-05T07:35:26+00:00,3643f070f0ecf3a35acc73cc863b296f,,,False,,"{""payment_type"": ""credit_card"", ""payment_sequential"": 1, ""payment_installments"": 1}"
cf32e5a0f188cc90992084bec043a9c2-p1,252e03cd7121b3b9d61d9398a6db7647,7757,2017-11-05T07:55:26+00:00,cf32e5a0f188cc90992084bec043a9c2,,,False,,"{""payment_type"": ""credit_card"", ""payment_sequential"": 1, ""payment_installments"": 1}"
9cd56a4791f9a693673888aec901d978-p1,fe87efb2a10c5be210f09f813108a433,8658,2017-11-05T08:30:23+00:00,9cd56a4791f9a693673888aec901d978,,,False,,"{""payment_type"": ""credit_card"", ""payment_sequential"": 1, ""payment_installments"": 3}"
62492d216bd7ca39cab1f24109b6bfd7-p1,a48b10541da559f610aa549f4eb59538,21594,2017-11-09T16:07:14+00:00,62492d216bd7ca39cab1f24109b6bfd7,,,False,,"{""payment_type"": ""boleto"", ""payment_sequential"": 1, ""payment_installments"": 1}"
f55dda7072d923a3191dbca61f40d8e3-p1,641584b3ec3027aaf8fa9c088f1a1a00,3246,2017-11-05T10:10:21+00:00,f55dda7072d923a3191dbca61f40d8e3,,,False,,"{""payment_type"": ""credit_card"", ""payment_sequential"": 1, ""payment_installments"": 1}"
e1090e366ab626c68ca02d56a6dd1821-p1,3dee4ec14c3ac9f45636ac5862ac0e94,21072,2017-11-07T07:30:38+00:00,e1090e366ab626c68ca02d56a6dd1821,,,False,,"{""payment_type"": ""boleto"", ""payment_sequential"": 1, ""payment_installments"": 1}"
a512132380fbd3ae24feca8ee9512efa-p1,c85df1c6ef6f7bb605e1c49d34f172ee,15912,2017-11-05T10:30:32+00:00,a512132380fbd3ae24feca8ee9512efa,,,False,,"{""payment_type"": ""credit_card"", ""payment_sequential"": 1, ""payment_installments"": 1}"
fb502b9421eb6ab817d72fc973b7b708-p1,47a71b49f98984efd3c62cb213f977e8,7334,2017-11-07T06:31:41+00:00,fb502b9421eb6ab817d72fc973b7b708,,,False,,"{""payment_type"": ""boleto"", ""payment_sequential"": 1, ""payment_installments"": 1}"
82a9e8fe2ac3a3bba14bf07d4c56813a-p1,4b7f5e85252a59d2b30d15b9e8d5c0cb,32860,2017-11-07T07:30:38+00:00,82a9e8fe2ac3a3bba14bf07d4c56813a,,,False,,"{""payment_type"": ""boleto"", ""payment_sequential"": 1, ""payment_installments"": 1}"
72a052a9ab8a74244365ab1abf627bf3-p1,79c38419d77b549344a137b38f0ee31a,2371,2017-11-05T11:10:26+00:00,72a052a9ab8a74244365ab1abf627bf3,,,False,,"{""payment_type"": ""voucher"", ""payment_sequential"": 1, ""payment_installments"": 1}"
465bf2bd806ec5b47ff89a62e4c44071-p1,e20081fc203c5b78fad87517631f5e99,12983,2017-11-07T07:30:50+00:00,465bf2bd806ec5b47ff89a62e4c44071,,,False,,"{""payment_type"": ""boleto"", ""payment_sequential"": 1, ""payment_installments"": 1}"
47f1d4cd72cfee577340ecb01a3e8028-p1,ac96769b758dad3bd572bc5e3fcb8511,31350,2017-11-05T11:30:24+00:00,47f1d4cd72cfee577340ecb01a3e8028,,,False,,"{""payment_type"": ""credit_card"", ""payment_sequential"": 1, ""payment_installments"": 3}"
fb7ead2842ee0acaace53d1476d0b7ca-p1,65c6b170ceaa4ae3ee5bd6c46c0df5fa,7334,2017-11-05T11:30:24+00:00,fb7ead2842ee0acaace53d1476d0b7ca,,,False,,"{""payment_type"": ""credit_card"", ""payment_sequential"": 1, ""payment_installments"": 1}"
99137bc9ba1f9cc74ae549cefc759b7d-p1,7c438259d88d8eefb977be5432d761c1,17382,2017-11-05T11:35:29+00:00,99137bc9ba1f9cc74ae549cefc759b7d,,,False,,"{""payment_type"": ""credit_card"", ""payment_sequential"": 1, ""payment_installments"": 3}"
956057c9959fe111349c59bf929f5c7b-p1,128cf57442889ee76a3d51908f735c79,2884,2017-11-05T11:46:07+00:00,956057c9959fe111349c59bf929f5c7b,,,False,,"{""payment_type"": ""credit_card"", ""payment_sequential"": 1, ""payment_installments"": 1}"
956057c9959fe111349c59bf929f5c7b-p2,128cf57442889ee76a3d51908f735c79,4500,2017-11-05T11:46:07+00:00,956057c9959fe111349c59bf929f5c7b,,,False,,"{""payment_type"": ""voucher"", ""payment_sequential"": 2, ""payment_installments"": 1}"
5d3e9872c4d4dcdafa21c09eb064171b-p1,38963cccac7ddbf4819da22bdd569be7,16830,2017-11-05T11:50:18+00:00,5d3e9872c4d4dcdafa21c09eb064171b,,,False,,"{""payment_type"": ""credit_card"", ""payment_sequential"": 1, ""payment_installments"": 3}"
08f982d8b8d8de12b00d35edefe5d26a-p1,8af6dc185ec6635edfa865375cfcffec,20810,2017-11-07T07:30:35+00:00,08f982d8b8d8de12b00d35edefe5d26a,,,False,,"{""payment_type"": ""boleto"", ""payment_sequential"": 1, ""payment_installments"": 1}"
c06ce911e890b4e3ca9b08b5d33334ce-p1,7c7a4d0678fb2f5a4b3e2875a30ebe5f,17671,2017-11-05T12:26:19+00:00,c06ce911e890b4e3ca9b08b5d33334ce,,,False,,"{""payment_type"": ""credit_card"", ""payment_sequential"": 1, ""payment_installments"": 1}"
787948cceabfd5a5dfde3e8d693e0303-p1,473ccd2f03685490c92e20a120aa7dba,4605,2017-11-05T12:26:22+00:00,787948cceabfd5a5dfde3e8d693e0303,,,False,,"{""payment_type"": ""credit_card"", ""payment_sequential"": 1, ""payment_installments"": 1}"
3de0dbeea06cef3f62afd5bb4f225384-p1,2536a4c43bcd30e6e1f5188b2c781437,4962,2017-11-05T12:26:19+00:00,3de0dbeea06cef3f62afd5bb4f225384,,,False,,"{""payment_type"": ""credit_card"", ""payment_sequential"": 1, ""payment_installments"": 2}"
56b8dfac98a87021344bae2675b86709-p1,5d754f8207d351d98f314c7c7c1a971d,53839,2017-11-06T13:31:25+00:00,56b8dfac98a87021344bae2675b86709,,,False,,"{""payment_type"": ""credit_card"", ""payment_sequential"": 1, ""payment_installments"": 10}"
3cee2cdd98c20d7092569ca549afa958-p1,d159a5181c39c1f2902c86d2e6bb37e8,6678,2017-11-05T12:46:06+00:00,3cee2cdd98c20d7092569ca549afa958,,,False,,"{""payment_type"": ""debit_card"", ""payment_sequential"": 1, ""payment_installments"": 1}"
97df9530497023b31dd0654f5908e41b-p1,f1aff05a3d7dd7a5b84d3e68504bb669,9862,2017-11-05T12:35:26+00:00,97df9530497023b31dd0654f5908e41b,,,False,,"{""payment_type"": ""credit_card"", ""payment_sequential"": 1, ""payment_installments"": 1}"
fa8cbd21c8617a2e568d5e448d8216bb-p1,a2ec34c17bddf46369fb937db73f57c2,6010,2017-11-07T07:30:40+00:00,fa8cbd21c8617a2e568d5e448d8216bb,,,False,,"{""payment_type"": ""boleto"", ""payment_sequential"": 1, ""payment_installments"": 1}"
ba2317ad828792aaba0e51a272a3b9a0-p1,46f999c7216a7dabe82b5ce58a1792ce,13322,2017-11-07T07:30:36+00:00,ba2317ad828792aaba0e51a272a3b9a0,,,False,,"{""payment_type"": ""boleto"", ""payment_sequential"": 1, ""payment_installments"": 1}"
a9f7beeff5d3fdb2859b22c0dfde51ce-p1,0f521a5df860500124a598e7a0db89b8,25422,2017-11-05T12:46:11+00:00,a9f7beeff5d3fdb2859b22c0dfde51ce,,,False,,"{""payment_type"": ""credit_card"", ""payment_sequential"": 1, ""payment_installments"": 4}"
8994132130033d9e2bdc70f74f3d4819-p1,6c03b71412e22bfc2300d5a03dc4f20d,24888,2017-11-07T07:30:36+00:00,8994132130033d9e2bdc70f74f3d4819,,,False,,"{""payment_type"": ""boleto"", ""payment_sequential"": 1, ""payment_installments"": 1}"
0cf7571add1c69ad1e6c35589c2a8876-p1,111004975efcc926fc61c8a640709a32,4409,2017-11-07T08:30:55+00:00,0cf7571add1c69ad1e6c35589c2a8876,,,False,,"{""payment_type"": ""boleto"", ""payment_sequential"": 1, ""payment_installments"": 1}"
077abb7d4f87719b0a5cce22295eb775-p1,8faf7d578c01ac864da5b942a4a0a3c7,6101,2017-11-05T13:26:28+00:00,077abb7d4f87719b0a5cce22295eb775,,,False,,"{""payment_type"": ""credit_card"", ""payment_sequential"": 1, ""payment_installments"": 2}"
d59dcaef70d9e2c4082bc5d33dd190e4-p1,05041293eb4002c27c3bebf636dbd308,51628,2017-11-05T13:50:33+00:00,d59dcaef70d9e2c4082bc5d33dd190e4,,,False,,"{""payment_type"": ""credit_card"", ""payment_sequential"": 1, ""payment_installments"": 7}"
14cb3b3caf8abdd2361971932a664cf5-p1,fc86194d31d21e9c13ac0055f0c9e27d,22596,2017-11-05T13:55:53+00:00,14cb3b3caf8abdd2361971932a664cf5,,,False,,"{""payment_type"": ""credit_card"", ""payment_sequential"": 1, ""payment_installments"": 1}"
034e643b615bc5da33b1ede13e2ae803-p1,e696aa94a87c8e7c24562a26491c2e69,18505,2017-11-05T13:55:26+00:00,034e643b615bc5da33b1ede13e2ae803,,,False,,"{""payment_type"": ""credit_card"", ""payment_sequential"": 1, ""payment_installments"": 8}"
4cd51eda54a11e3c63f60e6ce9626c35-p1,620b2eae304c046f8945c3a326807307,9110,2017-11-05T14:07:13+00:00,4cd51eda54a11e3c63f60e6ce9626c35,,,False,,"{""payment_type"": ""credit_card"", ""payment_sequential"": 1, ""payment_installments"": 4}"
e82821e8f1ffd4b14d53774b740db796-p1,0ad7cb4f48f2a2cf5080e3c19c7cf98c,5985,2017-11-05T14:06:45+00:00,e82821e8f1ffd4b14d53774b740db796,,,False,,"{""payment_type"": ""credit_card"", ""payment_sequential"": 1, ""payment_installments"": 5}"
b69246cbe19ece82f41f3343cb25999c-p1,d888af68574687ee61490379f13f687f,3177,2017-11-05T14:06:42+00:00,b69246cbe19ece82f41f3343cb25999c,,,False,,"{""payment_type"": ""credit_card"", ""payment_sequential"": 1, ""payment_installments"": 3}"
5d9e1e0e7084f2f9e90a7069e64cba61-p1,cda31ad527f32bfe5d75029c8aa9c0bd,3668,2017-11-05T13:58:19+00:00,5d9e1e0e7084f2f9e90a7069e64cba61,,,False,,"{""payment_type"": ""boleto"", ""payment_sequential"": 1, ""payment_installments"": 1, ""simulated_date"": true}"
c6f52d94c1f44ee12e0fecf4b347bdc6-p1,d78c12d22bb74c07f4a55c5c3a76b39d,16751,2017-11-06T15:31:06+00:00,c6f52d94c1f44ee12e0fecf4b347bdc6,,,False,,"{""payment_type"": ""credit_card"", ""payment_sequential"": 1, ""payment_installments"": 3}"
0bbaf543aa84dd90baa21ed685d72605-p1,62e1ae4534034e997766c534abf8f22d,3000,2017-11-05T14:30:31+00:00,0bbaf543aa84dd90baa21ed685d72605,,,False,,"{""payment_type"": ""credit_card"", ""payment_sequential"": 1, ""payment_installments"": 1}"
456bc7cd27fcbdf7dc39b27f9dc0d32f-p1,6dcd617b8df9d73079529b8719ec904a,73144,2017-11-05T14:31:01+00:00,456bc7cd27fcbdf7dc39b27f9dc0d32f,,,False,,"{""payment_type"": ""credit_card"", ""payment_sequential"": 1, ""payment_installments"": 10}"
d3fd3af08566edbfdd903c8f2a2d8bef-p1,d36992438cf455a0810b43f8c63215a4,11043,2017-11-05T14:35:22+00:00,d3fd3af08566edbfdd903c8f2a2d8bef,,,False,,"{""payment_type"": ""credit_card"", ""payment_sequential"": 1, ""payment_installments"": 3}"
d2caf57c35ba2c5bea24ab9b08aba4f7-p1,44f4e30c7aa3df7983d97f2b96c3a0ea,64920,2017-11-07T07:30:50+00:00,d2caf57c35ba2c5bea24ab9b08aba4f7,,,False,,"{""payment_type"": ""boleto"", ""payment_sequential"": 1, ""payment_installments"": 1}"
01ae5e4c5d2549f7c05000a2f5856c28-p1,c459f4dd69a0d9468e3e170cf0c26d8f,5560,2017-11-05T15:15:23+00:00,01ae5e4c5d2549f7c05000a2f5856c8,01ae5e4c5d2549f7c05000a2f5856c28,,True,,"{""payment_type"": ""credit_card"", ""payment_sequential"": 1, ""payment_installments"": 1, ""fault_id"": ""B""}"
45f42317b5fa7a5f4822b837d7e8304b-p1,f3b2eb3359ceec0c944d6eaaff458072,88475,2017-11-07T07:30:36+00:00,45f42317b5fa7a5f4822b837d7e8304b,,,False,,"{""payment_type"": ""boleto"", ""payment_sequential"": 1, ""payment_installments"": 1}"
c3d312efaba704532c277f632796b258-p1,8627dec75c84b5477661ad7af63c95e8,7977,2017-11-05T15:26:12+00:00,c3d312efaba704532c277f632796b258,,,False,,"{""payment_type"": ""credit_card"", ""payment_sequential"": 1, ""payment_installments"": 1}"
c716cf7b3e3bdc07c0e72acc2b182b99-p1,9f2edafc17f2d2141c6a7f63d0119cd3,62216,2017-11-05T15:30:27+00:00,c716cf7b3e3bdc07c0e72acc2b182b99,,,False,,"{""payment_type"": ""credit_card"", ""payment_sequential"": 1, ""payment_installments"": 10}"
08504a0dce0a3cd13b3f7971d29fb991-p1,de34b16117594161a6a89c50b289d35a,3678,2017-11-05T15:35:35+00:00,08504a0dce0a3cd13b3f7971d29fb991,,,False,,"{""payment_type"": ""credit_card"", ""payment_sequential"": 1, ""payment_installments"": 1}"
83f8459006c34fe926f44256bb057bee-p1,3d312265fc9d391f8dcda6be3c0605c5,7516,2017-11-05T15:50:35+00:00,83f8459006c34fe926f44256bb057bee,,,False,,"{""payment_type"": ""credit_card"", ""payment_sequential"": 1, ""payment_installments"": 6}"
d432a2eab9f386c43387aa3105877c50-p1,5d3002cbe1d063e8510d5a7ad59ba35e,25169,2017-11-05T15:50:34+00:00,d432a2eab9f386c43387aa3105877c50,,,False,,"{""payment_type"": ""credit_card"", ""payment_sequential"": 1, ""payment_installments"": 10}"
9bbcf2413e13209e34df2de7b7ce161c-p1,328027d573d3b5c58a2f13f21bf8bc92,5524,2017-11-05T15:55:21+00:00,9bbcf2413e13209e34df2de7b7ce161c,,,False,,"{""payment_type"": ""credit_card"", ""payment_sequential"": 1, ""payment_installments"": 1}"
2373908388bcaa9a225c34e33d9e9f0d-p1,3906f8113531d94413a0b6b7cbe11bef,13056,2017-11-06T21:36:24+00:00,2373908388bcaa9a225c34e33d9e9f0d,,,False,,"{""payment_type"": ""credit_card"", ""payment_sequential"": 1, ""payment_installments"": 2}"
666cef1ea6542e749eed5394238041a2-p1,f64051691a2eaa6c39c8a546ff92220e,31249,2017-11-07T07:30:51+00:00,666cef1ea6542e749eed5394238041a2,,,False,,"{""payment_type"": ""boleto"", ""payment_sequential"": 1, ""payment_installments"": 1}"
f8b3a190c48ca5261da8494b51c540bd-p1,b2ed6ed08d758a308f53dad5d0340548,6650,2017-11-05T16:10:28+00:00,f8b3a190c48ca5261da8494b51c540bd,,,False,,"{""payment_type"": ""credit_card"", ""payment_sequential"": 1, ""payment_installments"": 6}"
5f4415c3829ad05566ee455a5344d07d-p1,72e79d08a90aa4e10f7e5aa76e65b258,8615,2017-11-05T16:10:30+00:00,5f4415c3829ad05566ee455a5344d07d,,,False,,"{""payment_type"": ""credit_card"", ""payment_sequential"": 1, ""payment_installments"": 2}"
1f4409e522bbd17f0fcc7b9d1409fe8c-p1,72e79d08a90aa4e10f7e5aa76e65b258,8615,2017-11-05T16:10:29+00:00,1f4409e522bbd17f0fcc7b9d1409fe8c,,,False,,"{""payment_type"": ""credit_card"", ""payment_sequential"": 1, ""payment_installments"": 2}"
c7aa0d557dc01880717bbcce8c72640e-p1,073667f98c8956621ffdacb34d7ab922,17775,2017-11-05T16:26:44+00:00,c7aa0d557dc01880717bbcce8c72640e,,,False,,"{""payment_type"": ""credit_card"", ""payment_sequential"": 1, ""payment_installments"": 10}"
0e4b26f1fb99fc0f0472dd5f403d36d4-p1,22757c044f096bef19c36c5d6ffc51d5,3794,2017-11-05T16:30:29+00:00,0e4b26f1fb99fc0f0472dd5f403d36d4,,,False,,"{""payment_type"": ""credit_card"", ""payment_sequential"": 1, ""payment_installments"": 1}"
cf04407ac40c37f0ec0e0873da74117f-p1,b6b5af827ac97711a48b71a26e986cc2,2875,2017-11-05T16:35:53+00:00,cf04407ac40c37f0ec0e0873da74117f,,,False,,"{""payment_type"": ""credit_card"", ""payment_sequential"": 1, ""payment_installments"": 2}"
8c3078b30ae073033c2ea0964a5ada96-p1,4da5e4516dfe9be3e6c06902659e0c9c,9219,2017-11-05T16:35:23+00:00,8c3078b30ae073033c2ea0964a5ada96,,,False,,"{""payment_type"": ""credit_card"", ""payment_sequential"": 1, ""payment_installments"": 6}"
a5dfd2f42a4f9d9def13d24ef5f115f9-p1,3fc3fe30f14b0eed5a5b99a1832656d1,7516,2017-11-05T16:46:25+00:00,a5dfd2f42a4f9d9def13d24ef5f115f9,,,False,,"{""payment_type"": ""credit_card"", ""payment_sequential"": 1, ""payment_installments"": 7}"
8cbffbe81b61eeb7a472f618013b69f6-p1,29b3f53b1aa56b499f8433ff696cb94c,4409,2017-11-07T07:30:29+00:00,8cbffbe81b61eeb7a472f618013b69f6,,,False,,"{""payment_type"": ""boleto"", ""payment_sequential"": 1, ""payment_installments"": 1}"
c9b8db1f0bbeafcbea122f1fb447a1c3-p1,cd99a9eef357a06bf370cb0584c412c0,6973,2017-11-05T16:55:50+00:00,c9b8db1f0bbeafcbea122f1fb447a1c3,,,False,,"{""payment_type"": ""credit_card"", ""payment_sequential"": 1, ""payment_installments"": 1}"
67baff8b7c789c3e93b6787e4c18a14c-p1,1976cf27dc816eae1657095cc52d4ff4,16579,2017-11-05T17:06:37+00:00,67baff8b7c789c3e93b6787e4c18a14c,,,False,,"{""payment_type"": ""credit_card"", ""payment_sequential"": 1, ""payment_installments"": 4}"
ace32c3a7cdce2ac7c62d0ca6c39b0bb-p1,f079f24421070c48eda95468f1842707,15270,2017-11-05T17:07:09+00:00,ace32c3a7cdce2ac7c62d0ca6c39b0bb,,,False,,"{""payment_type"": ""credit_card"", ""payment_sequential"": 1, ""payment_installments"": 3}"
9815e3ce8d1f9d25cf9f0c6103a10aca-p1,5b75fed624dfb67890f5d9345f4dc062,8393,2017-11-05T17:11:21+00:00,9815e3ce8d1f9d25cf9f0c6103a10aca,,,False,,"{""payment_type"": ""credit_card"", ""payment_sequential"": 1, ""payment_installments"": 1}"
15c820a6083da915f1212f0945b3d90b-p1,ad2ba9ffc25294bd578b5662b79adc2a,15320,2017-11-05T17:35:34+00:00,15c820a6083da915f1212f0945b3d90b,,,False,,"{""payment_type"": ""credit_card"", ""payment_sequential"": 1, ""payment_installments"": 8}"
f436f6d14054239efee21f9df0605039-p1,91dda3852e8a4757ed73fc91360cfa5f,20780,2017-11-05T17:46:34+00:00,f436f6d14054239efee21f9df0605039,,,False,,"{""payment_type"": ""credit_card"", ""payment_sequential"": 1, ""payment_installments"": 3}"
5f416901ed4850dea2341b0c8cf6fde7-p1,3d20f9eb3b573ac7c42e3888c339467f,89851,2017-11-05T17:50:55+00:00,5f416901ed4850dea2341b0c8cf6fde7,,,False,,"{""payment_type"": ""credit_card"", ""payment_sequential"": 1, ""payment_installments"": 4}"
09d8753e77ffa5e71ba4137166a3b6ad-p1,9c77ef5c10eb297b09aa326cadd6b4e8,45350,2017-11-05T17:55:22+00:00,09d8753e77ffa5e71ba4137166a3b6ad,,,False,,"{""payment_type"": ""credit_card"", ""payment_sequential"": 1, ""payment_installments"": 2}"
3745ac683b5ef89d47799dcd2a703d99-p2,acbdb96ba80617e88d7aee420c0a11e7,1741,2017-11-05T18:11:17+00:00,3745ac683b5ef89d47799dcd2a703d99,,,False,,"{""payment_type"": ""voucher"", ""payment_sequential"": 2, ""payment_installments"": 1}"
3745ac683b5ef89d47799dcd2a703d99-p1,acbdb96ba80617e88d7aee420c0a11e7,2500,2017-11-05T18:11:17+00:00,3745ac683b5ef89d47799dcd2a703d99,,,False,,"{""payment_type"": ""voucher"", ""payment_sequential"": 1, ""payment_installments"": 1}"
5ac2c9301491372ab320f5aa4e451ff1-p1,f3614734af84686da8c277c2e041761b,6239,2017-11-07T07:30:28+00:00,5ac2c9301491372ab320f5aa4e451ff1,,,False,,"{""payment_type"": ""boleto"", ""payment_sequential"": 1, ""payment_installments"": 1}"
d1e95c31279e7136834ea9d9e84e2fc0-p1,82c0bc25523807a4246382561020ca5b,8222,2017-11-07T07:30:48+00:00,d1e95c31279e7136834ea9d9e84e2fc0,,,False,,"{""payment_type"": ""boleto"", ""payment_sequential"": 1, ""payment_installments"": 1}"
701297a4e969ea9de58134eef0561b8f-p1,c1a4b53b842e8d216fb21eead6bd42b3,15090,2017-11-07T02:31:12+00:00,701297a4e969ea9de58134eef0561b8f,,,True,,"{""payment_type"": ""credit_card"", ""payment_sequential"": 1, ""payment_installments"": 2, ""fault_id"": ""D"", ""shortfall_centavos"": 504}"
72c53c1fb781f7736972c1a877a90b46-p1,20ab68e0683c4154beea6981ddfd9955,7507,2017-11-05T18:51:12+00:00,72c53c1fb781f7736972c1a877a90b46,,,False,,"{""payment_type"": ""credit_card"", ""payment_sequential"": 1, ""payment_installments"": 1}"
0c6715b2f888887f2ab9c7d6e099d38b-p1,688f5342ea5ff47d612126908c38f7f0,7245,2017-11-07T07:30:33+00:00,0c6715b2f888887f2ab9c7d6e099d38b,,,False,,"{""payment_type"": ""boleto"", ""payment_sequential"": 1, ""payment_installments"": 1}"
e94d7f11e3a990b65f46d2b02b1c23a2-p1,d0a89a3601ed45679e53689fe39763de,15911,2017-11-05T18:50:54+00:00,e94d7f11e3a990b65f46d2b02b1c23a2,,,False,,"{""payment_type"": ""credit_card"", ""payment_sequential"": 1, ""payment_installments"": 3}"
177f9e393eed9cbf21f8dee4e2d5903f-p1,eab55d94c67aaf17eb72cc436a269711,39801,2017-11-05T18:51:15+00:00,177f9e393eed9cbf21f8dee4e2d5903f,,,False,,"{""payment_type"": ""credit_card"", ""payment_sequential"": 1, ""payment_installments"": 10}"
6b17276ebb8c2bcae9b571b0f68d787c-p1,e68adbdac93c15c8035827ac6634ad0e,4601,2017-11-05T19:50:32+00:00,6b17276ebb8c2bcae9b571b0f68d787c,,,False,,"{""payment_type"": ""debit_card"", ""payment_sequential"": 1, ""payment_installments"": 1}"
1b5fc0bc24e5112c2cc802209fd54fcb-p1,8d26367d9632f8b98d75c91aca86147e,5179,2017-11-05T19:06:28+00:00,1b5fc0bc24e5112c2cc802209fd54fcb,,,False,,"{""payment_type"": ""credit_card"", ""payment_sequential"": 1, ""payment_installments"": 1}"
fe2c0c8f40ab6263806c513fe424fa44-p1,1e7494c847d6a45f6503c7ac3eb4222c,12738,2017-11-07T14:15:20+00:00,fe2c0c8f40ab6263806c513fe424fa44,,,False,,"{""payment_type"": ""credit_card"", ""payment_sequential"": 1, ""payment_installments"": 4}"
24b53730781f4921d543c4683b26c072-p1,c7cbfde15c23e2adb6234e650d2ab92e,3669,2017-11-05T19:26:10+00:00,24b53730781f4921d543c4683b26c072,,,False,,"{""payment_type"": ""credit_card"", ""payment_sequential"": 1, ""payment_installments"": 1}"
05ea901eba2a26661f43478b5c6b02d0-p1,a493e7ed9815ba5cb18de1cbcd24c68b,16404,2017-11-07T07:30:35+00:00,05ea901eba2a26661f43478b5c6b02d0,,,False,,"{""payment_type"": ""boleto"", ""payment_sequential"": 1, ""payment_installments"": 1}"
242bbb3b84eef5d7f4aa6ca1921e04d6-p1,d27a98f493218188dbeafb7a4afff8fa,7405,2017-11-05T19:26:46+00:00,242bbb3b84eef5d7f4aa6ca1921e04d6,,,False,,"{""payment_type"": ""credit_card"", ""payment_sequential"": 1, ""payment_installments"": 1}"
2ed2cecbd0a129265173791a944b3a43-p1,dc7db033534dd88c993be14c98ac7de6,4358,2017-11-07T07:30:34+00:00,2ed2cecbd0a129265173791a944b3a43,,,False,,"{""payment_type"": ""boleto"", ""payment_sequential"": 1, ""payment_installments"": 1}"
e3598a5fc9a765a5269c084646faf00f-p1,8c9ca7a5718a991b4f765b8c3d569b85,12301,2017-11-05T19:31:04+00:00,e3598a5fc9a765a5269c084646faf00f,,,False,,"{""payment_type"": ""credit_card"", ""payment_sequential"": 1, ""payment_installments"": 5}"
917b267dc796aa050652ac9f24b245b2-p1,a6946426d0c88e33bbe84a9a3196b0b9,12738,2017-11-05T19:55:25+00:00,917b267dc796aa050652ac9f24b245b2,,,False,,"{""payment_type"": ""credit_card"", ""payment_sequential"": 1, ""payment_installments"": 8}"
e077d52f6cbef7bb5e3e3e147e44a189-p1,73782acd986b766778b686b42441bf0e,6400,2017-11-07T07:30:48+00:00,e077d52f6cbef7bb5e3e3e147e44a189,,,False,,"{""payment_type"": ""boleto"", ""payment_sequential"": 1, ""payment_installments"": 1}"
4a520a26516a2fba9ae35945ac6a2229-p1,12728eaaef44ecf87a76083fd1e442c3,9518,2017-11-07T04:31:16+00:00,4a520a26516a2fba9ae35945ac6a2229,,,False,,"{""payment_type"": ""credit_card"", ""payment_sequential"": 1, ""payment_installments"": 8}"
6d7d0d56c64bb5a9c735dbf24d838bf8-p1,db1cce77026a6c7b2fe3553ce05d71ed,11132,2017-11-05T20:10:26+00:00,6d7d0d56c64bb5a9c735dbf24d838bf8,,,False,,"{""payment_type"": ""credit_card"", ""payment_sequential"": 1, ""payment_installments"": 1}"
acdbc7396e191931c263db11af241d62-p1,9e68775971541ca8a79b6fce848e7aee,15115,2017-11-07T07:30:48+00:00,acdbc7396e191931c263db11af241d62,,,False,,"{""payment_type"": ""boleto"", ""payment_sequential"": 1, ""payment_installments"": 1}"
a716cb9d34cccf1db631fdbdf2f398de-p1,55fb9192213bf782857b13d56eb0ec80,7508,2017-11-05T20:15:55+00:00,a716cb9d34cccf1db631fdbdf2f398de,,,False,,"{""payment_type"": ""credit_card"", ""payment_sequential"": 1, ""payment_installments"": 1}"
e5e40991ee40d56c69312d1736f84cdd-p1,bd9e8963c5cc40946d3e404fec35ab9c,11444,2017-11-05T20:10:39+00:00,e5e40991ee40d56c69312d1736f84cdd,,,False,,"{""payment_type"": ""credit_card"", ""payment_sequential"": 1, ""payment_installments"": 6}"
b79ad0abdee66423cbdc69a208d69a68-p1,0a04ef49753f87dcfed8d37f19f8dea4,4075,2017-11-05T20:27:06+00:00,b79ad0abdee66423cbdc69a208d69a68,,,False,,"{""payment_type"": ""credit_card"", ""payment_sequential"": 1, ""payment_installments"": 2}"
5319d79dbab671824060b110de9d8346-p1,4dd90242272ee2cabb138d66d95012dc,17827,2017-11-05T20:26:43+00:00,5319d79dbab671824060b110de9d8346,,,False,,"{""payment_type"": ""credit_card"", ""payment_sequential"": 1, ""payment_installments"": 1}"
58a9eee77c75781ec6c4f725891c7747-p1,1c31e9e0651dcb9bb941ff68c87365ee,21295,2017-11-05T20:26:45+00:00,58a9eee77c75781ec6c4f725891c7747,,,True,,"{""payment_type"": ""credit_card"", ""payment_sequential"": 1, ""payment_installments"": 3, ""fault_id"": ""D"", ""shortfall_centavos"": 707}"
b7fc96d05af08ecd1ecc914608254771-p1,52685285a351700c230d7360fe1a5617,15541,2017-11-05T20:26:45+00:00,b7fc96d05af08ecd1ecc914608254771,,,False,,"{""payment_type"": ""credit_card"", ""payment_sequential"": 1, ""payment_installments"": 3}"
3335145dde4116490421d86d3248aaf5-p1,2d4ae260c92aac1d323cb1a872eb9c20,18760,2017-11-05T20:30:55+00:00,3335145dde4116490421d86d3248aaf5,,,False,,"{""payment_type"": ""credit_card"", ""payment_sequential"": 1, ""payment_installments"": 3}"
6d4c45be223296bf5be3d2612fffcf3b-p1,be2020ecbdb297610a13fd963cf78f31,11362,2017-11-05T21:07:08+00:00,6d4c45be223296bf5be3d2612fffcf3b,,,False,,"{""payment_type"": ""credit_card"", ""payment_sequential"": 1, ""payment_installments"": 4}"
e417e04e3bc1fdac9c19f9fc5e137527-p1,1aefdb169d82d349ff074518bab4876a,3678,2017-11-05T21:06:31+00:00,e417e04e3bc1fdac9c19f9fc5e137527,,,False,,"{""payment_type"": ""credit_card"", ""payment_sequential"": 1, ""payment_installments"": 3}"
a0e71b06151dd529dd0d71f578cd3457-p1,3b89c5ae5ede6cc774386d606ded6e77,59801,2017-11-05T21:15:24+00:00,a0e71b06151dd529dd0d71f578cd3457,,,False,,"{""payment_type"": ""credit_card"", ""payment_sequential"": 1, ""payment_installments"": 1}"
fd1bc6424a4e2f0f5d8acd868aef11e9-p1,6a7ee8caad3b24acd1400d10ec62bf64,72222,2017-11-05T21:15:37+00:00,fd1bc6424a4e2f0f5d8acd868aef11e9,,,False,,"{""payment_type"": ""boleto"", ""payment_sequential"": 1, ""payment_installments"": 1}"
fc3de87b923f14c3605e6a0fb08882b1-p1,9a0ebd74a3b2f4f460405fa665807864,9376,2017-11-05T21:10:33+00:00,fc3de87b923f14c3605e6a0fb08882b1,,,False,,"{""payment_type"": ""credit_card"", ""payment_sequential"": 1, ""payment_installments"": 3}"
8a4f049e93b07babc87ccf981d7cdd94-p1,42b25604b2a8dd76ed934e07a0aa1ca0,6101,2017-11-05T21:26:34+00:00,8a4f049e93b07babc87ccf981d7cdd94,,,False,,"{""payment_type"": ""credit_card"", ""payment_sequential"": 1, ""payment_installments"": 3}"
122a6d89b8a3ee8fe039b6990c1dc226-p1,9199d4b03f114560011e2e878eb9d9fd,9422,2017-11-07T07:30:33+00:00,122a6d89b8a3ee8fe039b6990c1dc226,,,False,,"{""payment_type"": ""boleto"", ""payment_sequential"": 1, ""payment_installments"": 1}"
954945beeb5990c532ac06d464edf931-p1,d56879f3551bb3b35caa7950ef7e7dd1,2510,2017-11-05T21:50:56+00:00,954945beeb5990c532ac06d464edf931,,,False,,"{""payment_type"": ""credit_card"", ""payment_sequential"": 1, ""payment_installments"": 2}"
fd6eda1ff5aedbd14847c99543d9162f-p1,a89c1b6ce77fa159fa11e282c1f48299,17285,2017-11-05T22:06:49+00:00,fd6eda1ff5aedbd14847c99543d9162f,,,False,,"{""payment_type"": ""credit_card"", ""payment_sequential"": 1, ""payment_installments"": 2}"
61dc7d82d2eb6ecf4f0ac2a3cd693cfb-p1,cb85e26bc7feed69b59cdd1bc1aecb86,6063,2017-11-05T22:06:49+00:00,61dc7d82d2eb6ecf4f0ac2a3cd693cfb,,,False,,"{""payment_type"": ""credit_card"", ""payment_sequential"": 1, ""payment_installments"": 1}"
37c5e874cd21d8a572111e7fe0bab749-p1,93cb1651a79ef0fa3c8af11866054d9b,5500,2017-11-05T22:06:44+00:00,37c5e874cd21d8a572111e7fe0bab749,,,False,,"{""payment_type"": ""credit_card"", ""payment_sequential"": 1, ""payment_installments"": 1}"
183f2bb10e984acdee08ad34070ebf69-p1,dc8a6cdc8426f5ceede410e0dd67aa22,3960,2017-11-05T22:10:49+00:00,183f2bb10e984acdee08ad34070ebf69,,,False,,"{""payment_type"": ""credit_card"", ""payment_sequential"": 1, ""payment_installments"": 2}"
2eb455a9ac809470168098ddf4e2a25b-p1,3201915c3f25b7f281e5a5e0a89fab6d,4959,2017-11-05T22:10:55+00:00,2eb455a9ac809470168098ddf4e2a25b,,,False,,"{""payment_type"": ""credit_card"", ""payment_sequential"": 1, ""payment_installments"": 1}"
131497483f8457541cf92c467b847c39-p1,6001c49233ae204da889cac6fbb71ee4,10337,2017-11-05T22:10:50+00:00,131497483f8457541cf92c467b847c39,,,False,,"{""payment_type"": ""credit_card"", ""payment_sequential"": 1, ""payment_installments"": 3}"
04711aafa1156335ba1ea7f6f7b7daef-p1,5c555b5e0d044f377f7da3011ba0655a,9922,2017-11-07T07:30:33+00:00,04711aafa1156335ba1ea7f6f7b7daef,,,False,,"{""payment_type"": ""boleto"", ""payment_sequential"": 1, ""payment_installments"": 1}"
c95fb74948e8db073f6114d3fa726fe1-p1,4aceb8c7e323505487fb7ad6775f177b,62334,2017-11-05T22:26:38+00:00,c95fb74948e8db073f6114d3fa726fe1,,,False,,"{""payment_type"": ""credit_card"", ""payment_sequential"": 1, ""payment_installments"": 10}"
a5dcc015b748b353c2ddfb0939d36c58-p1,d31877e6feecf887ec4e9b95c30e6422,13208,2017-11-07T05:32:00+00:00,a5dcc015b748b353c2ddfb0939d36c58,,,False,,"{""payment_type"": ""credit_card"", ""payment_sequential"": 1, ""payment_installments"": 10}"
ff3137ffb0ead0baad8da8a2a7b063b9-p1,43f797685f3789d5d81995ec61777b95,7057,2017-11-05T22:26:52+00:00,ff3137ffb0ead0baad8da8a2a7b063b9,,,False,,"{""payment_type"": ""credit_card"", ""payment_sequential"": 1, ""payment_installments"": 1}"
222e2e919b398d9f76f574166e305c62-p1,b413c4606ef07dbf8eec895fdff606d9,6157,2017-11-07T01:36:15+00:00,222e2e919b398d9f76f574166e305c62,,,False,,"{""payment_type"": ""debit_card"", ""payment_sequential"": 1, ""payment_installments"": 1}"
f6b73cb42a81880d54cdbf2059599d93-p1,3d7680ce87086effbf73c8ca1e2f48bb,9781,2017-11-05T22:26:45+00:00,f6b73cb42a81880d54cdbf2059599d93,,,False,,"{""payment_type"": ""credit_card"", ""payment_sequential"": 1, ""payment_installments"": 4}"
c000c9de28e2436553f200d0faf8eb97-p1,e5eed5d0afc1ee8620468918995df9f6,12553,2017-11-05T22:30:51+00:00,c000c9de28e2436553f200d0faf8eb97,,,False,,"{""payment_type"": ""credit_card"", ""payment_sequential"": 1, ""payment_installments"": 7}"
b77200a7cbfba12d399cea6ab05f0056-p1,e5eed5d0afc1ee8620468918995df9f6,5650,2017-11-05T22:30:51+00:00,b77200a7cbfba12d399cea6ab05f0056,,,False,,"{""payment_type"": ""credit_card"", ""payment_sequential"": 1, ""payment_installments"": 5}"
a5bee526a0ca9f2a66f3704b82ad7833-p1,18887503eefa84ee51a6fcdca1e71240,2624,2017-11-05T22:46:15+00:00,a5bee526a0ca9f2a66f3704b82ad7833,,,False,,"{""payment_type"": ""debit_card"", ""payment_sequential"": 1, ""payment_installments"": 1}"
8e560aad7a656560a2c1333ce6734541-p1,6b0746a7e01fcf5053470173fbe80240,4141,2017-11-05T22:55:29+00:00,8e560aad7a656560a2c1333ce6734541,,,False,,"{""payment_type"": ""credit_card"", ""payment_sequential"": 1, ""payment_installments"": 1}"
b9019981769010866e2b59c6a1fc9c9f-p1,67cce2f1e7855cac590025a05419dc6b,14489,2017-11-05T22:55:46+00:00,b9019981769010866e2b59c6a1fc9c9f,,,False,,"{""payment_type"": ""credit_card"", ""payment_sequential"": 1, ""payment_installments"": 2}"
4172384c4b3c2ef103c55f5dc3086b9e-p1,6db51553e2c20e18d99b2cad5d06be76,18094,2017-11-07T06:31:22+00:00,4172384c4b3c2ef103c55f5dc3086b9e,,,False,,"{""payment_type"": ""credit_card"", ""payment_sequential"": 1, ""payment_installments"": 2}"
53bf51495103abe64e330f5360456ca0-p1,85730e226e2f3a1608433546133793e1,5109,2017-11-07T05:31:26+00:00,53bf51495103abe64e330f5360456ca0,,,False,,"{""payment_type"": ""credit_card"", ""payment_sequential"": 1, ""payment_installments"": 1}"
f6352809547e1221141a36c6cbaaba58-p1,85730e226e2f3a1608433546133793e1,3400,2017-11-07T06:31:17+00:00,f6352809547e1221141a36c6cbaaba58,,,False,,"{""payment_type"": ""credit_card"", ""payment_sequential"": 1, ""payment_installments"": 1}"
c5ef8c0266eff0d27d9d8f279a2e85cc-p1,8505734f21396405b5477c75a45734fe,4175,2017-11-05T23:15:35+00:00,c5ef8c0266eff0d27d9d8f279a2e85cc,,,False,,"{""payment_type"": ""credit_card"", ""payment_sequential"": 1, ""payment_installments"": 1}"
4321bf26c064204859cdc39a9fd479ee-p1,df18b55cc16528b438bed221135c2dd5,8872,2017-11-05T23:26:55+00:00,4321bf26c064204859cdc39a9fd479ee,,,False,,"{""payment_type"": ""credit_card"", ""payment_sequential"": 1, ""payment_installments"": 3}"
decd71d55b8127d489aa78bbe87efe5e-p1,51e5603fc75c806835b85d5dfee5ed78,16751,2017-11-05T23:27:00+00:00,decd71d55b8127d489aa78bbe87efe5e,,,False,,"{""payment_type"": ""credit_card"", ""payment_sequential"": 1, ""payment_installments"": 2}"
8567d0e0c41a3f32730d8d68b7a73d33-p1,fd6692516c7c9fbc14eba639f54339f6,13126,2017-11-05T23:27:01+00:00,8567d0e0c41a3f32730d8d68b7a73d33,,,False,,"{""payment_type"": ""credit_card"", ""payment_sequential"": 1, ""payment_installments"": 2}"
f6f1f2a565bc0c1d761799e42d923401-p1,c9b3b24308b1a4587ffa3e60fafc2b1f,22690,2017-11-05T23:27:09+00:00,f6f1f2a565bc0c1d761799e42d923401,,,False,,"{""payment_type"": ""credit_card"", ""payment_sequential"": 1, ""payment_installments"": 3}"
ffc22f2404e3490516c9a03e88da4507-p1,f7a9e1dae3c51a82111886d637af688d,6499,2017-11-05T23:47:11+00:00,ffc22f2404e3490516c9a03e88da4507,,,False,,"{""payment_type"": ""credit_card"", ""payment_sequential"": 1, ""payment_installments"": 1}"
065d4f458013cd9c9e716f8be1ca00d1-p1,5e15e6aa831179d018ee6caafe4ac330,6817,2017-11-07T06:31:21+00:00,065d4f458013cd9c9e716f8be1ca00d1,,,False,,"{""payment_type"": ""boleto"", ""payment_sequential"": 1, ""payment_installments"": 1}"
fabf6de4b124e6dda46615c09ecd7476-p1,6b3fb73cdfc7d680d94676a78c105f19,17313,2017-11-06T00:26:22+00:00,fabf6de4b124e6dda46615c09ecd7476,,,False,,"{""payment_type"": ""credit_card"", ""payment_sequential"": 1, ""payment_installments"": 3}"
7c42aafccecb4aefc0c0b345114cb321-p1,6c9871f7c55b411fabb59d9130b51e6d,21547,2017-11-08T03:35:40+00:00,7c42aafccecb4aefc0c0b345114cb321,,,False,,"{""payment_type"": ""boleto"", ""payment_sequential"": 1, ""payment_installments"": 1}"
049999b745ab7d4bc3ddf00181c39d56-p1,39c27daff7dd7ad6f534c53970fe8e3b,3195,2017-11-06T01:26:19+00:00,049999b745ab7d4bc3ddf00181c39d56,,,True,,"{""payment_type"": ""credit_card"", ""payment_sequential"": 1, ""payment_installments"": 1, ""fault_id"": ""E"", ""fee_pct"": 2.5, ""shortfall_centavos"": 82}"
de4661d6593c1c713abab1b11549f6c7-p1,2d62c1ea4c3b6b96960799107a1bf5e3,8928,2017-11-06T02:25:59+00:00,de4661d6593c1c713abab1b11549f6c7,,,False,,"{""payment_type"": ""credit_card"", ""payment_sequential"": 1, ""payment_installments"": 8}"
93cd78e1b92970d2a7e7251057f85153-p1,0333b2fc6ba7014702e08ef613850270,6200,2017-11-06T04:55:32+00:00,93cd78e1b92970d2a7e7251057f85153,,,False,,"{""payment_type"": ""credit_card"", ""payment_sequential"": 1, ""payment_installments"": 1}"
adc8df919d6fe4d55a9e8fd9e14e013c-p1,afc789e24a84241112316aaaba8664f8,7472,2017-11-07T07:30:34+00:00,adc8df919d6fe4d55a9e8fd9e14e013c,,,False,,"{""payment_type"": ""boleto"", ""payment_sequential"": 1, ""payment_installments"": 1}"
a5cb9da004bf54e017f20e3c1f8629f7-p1,d9eb68c5371db8543ced02a5937b9805,7517,2017-11-06T07:30:52+00:00,a5cb9da004bf54e017f20e3c1f8629f7,,,False,,"{""payment_type"": ""credit_card"", ""payment_sequential"": 1, ""payment_installments"": 1}"
9eb14d81ec261aeae5d99c5460425b59-p1,d54b9a83d89e3d7dbfb98101f3790bd9,8569,2017-11-07T07:30:34+00:00,9eb14d81ec261aeae5d99c5460425b59,,,False,,"{""payment_type"": ""boleto"", ""payment_sequential"": 1, ""payment_installments"": 1}"
e95da0c5222e85d118b3d1d3c7dba675-p1,048dbdf8f9bbd1be87b25868d1408311,6201,2017-11-08T03:55:31+00:00,e95da0c5222e85d118b3d1d3c7dba675,,,False,,"{""payment_type"": ""boleto"", ""payment_sequential"": 1, ""payment_installments"": 1}"
b9ce6b3fb6996bc5690ee196a0c80888-p1,147fae04ca79eb0e3a3617428b43eed6,17944,2017-11-06T08:26:03+00:00,b9ce6b3fb6996bc5690ee196a0c80888,,,False,,"{""payment_type"": ""voucher"", ""payment_sequential"": 1, ""payment_installments"": 1}"
403ed75cff50b04645c2414360fff7b6-p1,24af9d33418188ade58994554fe2fa30,5510,2017-11-08T03:31:02+00:00,403ed75cff50b04645c2414360fff7b6,,,False,,"{""payment_type"": ""boleto"", ""payment_sequential"": 1, ""payment_installments"": 1}"
4296801e936343a5f6a38e29143c0f88-p1,34559b7e3e0742c1952c9d905e0604cc,9118,2017-11-06T08:50:26+00:00,4296801e936343a5f6a38e29143c0f88,,,False,,"{""payment_type"": ""credit_card"", ""payment_sequential"": 1, ""payment_installments"": 9}"
49e9e78cdbec6c106e1958234d752ce4-p1,3a2dd9ed30322ef11af9f31f8bbd498c,6201,2017-11-07T07:30:29+00:00,49e9e78cdbec6c106e1958234d752ce4,,,False,,"{""payment_type"": ""boleto"", ""payment_sequential"": 1, ""payment_installments"": 1}"
561dd928c7f7e63277e02e6662bcce48-p1,74ac946f1e9d688ca07e592a8dc816ef,86824,2017-11-08T03:46:17+00:00,561dd928c7f7e63277e02e6662bcce48,,,False,,"{""payment_type"": ""boleto"", ""payment_sequential"": 1, ""payment_installments"": 1}"
5d1c0dcecd1bdd50fb9edd53d2680184-p1,f11a80ef32241a111971c84a01760dac,88874,2017-11-07T07:30:29+00:00,5d1c0dcecd1bdd50fb9edd53d2680184,,,False,,"{""payment_type"": ""boleto"", ""payment_sequential"": 1, ""payment_installments"": 1}"
0e79e80abdb81ad5003ede1e8d4ef4e1-p1,c5752c026096348f9d760b778b250e75,13577,2017-11-06T09:15:32+00:00,0e79e80abdb81ad5003ede1e8d4ef4e1,,,False,,"{""payment_type"": ""credit_card"", ""payment_sequential"": 1, ""payment_installments"": 5}"
e697685891b55205f61d598d64db1c1f-p1,42f791f74ef1f0e1befd3eb3f117c8c2,24406,2017-11-06T09:26:38+00:00,e697685891b55205f61d598d64db1c1f,,,False,,"{""payment_type"": ""credit_card"", ""payment_sequential"": 1, ""payment_installments"": 3}"
b540d328af5b078f6c8aebac46ae606b-p1,dc066efc5d97d0ddf6d4cc1794cf1fd8,4310,2017-11-07T07:30:48+00:00,b540d328af5b078f6c8aebac46ae606b,,,False,,"{""payment_type"": ""boleto"", ""payment_sequential"": 1, ""payment_installments"": 1}"
2c4c9c00a376feb3bbd0bf49823eca56-p1,d9f9ec2e8b0b960bb670070fca4d6274,68790,2017-11-07T09:26:20+00:00,2c4c9c00a376feb3bbd0bf49823eca56,,,False,,"{""payment_type"": ""credit_card"", ""payment_sequential"": 1, ""payment_installments"": 10}"
fb362fb533a2d245c5822558de85ce16-p1,5e14026973c4b71ae2e86aa64cde17bf,13961,2017-11-06T09:47:02+00:00,fb362fb533a2d245c5822558de85ce16,,,False,,"{""payment_type"": ""boleto"", ""payment_sequential"": 1, ""payment_installments"": 1}"
7f81a8a172eddc4f7afaf02eb94ab824-p1,5266b70050919a41e3e263746facd2a2,3507,2017-11-07T09:46:24+00:00,7f81a8a172eddc4f7afaf02eb94ab824,,,False,,"{""payment_type"": ""credit_card"", ""payment_sequential"": 1, ""payment_installments"": 3}"
1d91296bc62c8df68ebaddb299a5a5da-p1,e1cc10593186c139b7467649bf686743,23869,2017-11-06T10:10:30+00:00,1d91296bc62c8df68ebaddb299a5a5da,,,False,,"{""payment_type"": ""credit_card"", ""payment_sequential"": 1, ""payment_installments"": 1}"
5db6441405aea9ad24023a8c10fb6736-p1,e3c774521d475de71b7deb0610632b27,8625,2017-11-06T10:26:49+00:00,5db6441405aea9ad24023a8c10fb6736,,,False,,"{""payment_type"": ""credit_card"", ""payment_sequential"": 1, ""payment_installments"": 1}"
0482c10b78fefa5a30abb519aa9dee93-p1,0da12f504835aca6dd7ca0701c736219,6799,2017-11-06T11:31:01+00:00,0482c10b78fefa5a30abb519aa9dee93,,,True,,"{""payment_type"": ""credit_card"", ""payment_sequential"": 1, ""payment_installments"": 1, ""fault_id"": ""E"", ""fee_pct"": 2.5, ""shortfall_centavos"": 174}"
eeba1dfa84dff855a9bcedcb487549dd-p1,ba7fa0a94a106bbf587f5813d19b63b6,20871,2017-11-07T07:30:33+00:00,eeba1dfa84dff855a9bcedcb487549dd,,,False,,"{""payment_type"": ""boleto"", ""payment_sequential"": 1, ""payment_installments"": 1}"
c6d2aab4e1535440ff3edc93bd70cff7-p1,17f019dd38d171db5acf7c7f038b5e06,5267,2017-11-06T10:50:28+00:00,c6d2aab4e1535440ff3edc93bd70cff7,,,False,,"{""payment_type"": ""credit_card"", ""payment_sequential"": 1, ""payment_installments"": 5}"
f8aa9d218fccb3e05cac6d9744a19883-p1,64b208f893dcb7b86cf71fc8a1149788,10325,2017-11-08T03:46:26+00:00,f8aa9d218fccb3e05cac6d9744a19883,,,False,,"{""payment_type"": ""boleto"", ""payment_sequential"": 1, ""payment_installments"": 1}"
d250f8e317f2d2e56ae505561a800dce-p1,712c4abfd9b054e7872aad2021a4aee3,21273,2017-11-07T07:30:28+00:00,d250f8e317f2d2e56ae505561a800dce,,,False,,"{""payment_type"": ""boleto"", ""payment_sequential"": 1, ""payment_installments"": 1}"
94a817174af541deb9c64333c5190b51-p1,e557f27be2ff15a34d71e2932d83bea0,122406,2017-11-06T12:31:55+00:00,94a817174af541deb9c64333c5190b51,,,False,,"{""payment_type"": ""credit_card"", ""payment_sequential"": 1, ""payment_installments"": 1}"
363a9cad1728c3e133254825f3e853cf-p1,c9f633ba06746056943f5e6d4bf1f1cd,15514,2017-11-08T03:26:48+00:00,363a9cad1728c3e133254825f3e853cf,,,False,,"{""payment_type"": ""boleto"", ""payment_sequential"": 1, ""payment_installments"": 1}"
8d4bf0250a288cb514e50be83d8d6cd1-p1,842c82a05fe60d689e341d5c9f33f73a,13376,2017-11-07T07:30:38+00:00,8d4bf0250a288cb514e50be83d8d6cd1,,,False,,"{""payment_type"": ""boleto"", ""payment_sequential"": 1, ""payment_installments"": 1}"
a2fb9f237dfb7fb67d835e6507514943-p1,86cb5b442aff3b8e9b29b18d5947c245,23060,2017-11-08T03:26:25+00:00,a2fb9f237dfb7fb67d835e6507514943,,,False,,"{""payment_type"": ""boleto"", ""payment_sequential"": 1, ""payment_installments"": 1}"
53d1f26612893ef17dbc27d69a8382e4-p1,2583866968d72b2503e08837f6698689,14617,2017-11-06T12:31:54+00:00,53d1f26612893ef17dbc27d69a8382e4,,,False,,"{""payment_type"": ""credit_card"", ""payment_sequential"": 1, ""payment_installments"": 2}"
e494c29003c61332fdf1340bba650cd3-p1,b2cdf76962cdd5c1c1534af71e82ebeb,8738,2017-11-06T13:31:20+00:00,e494c29003c61332fdf1340bba650cd3,,,False,,"{""payment_type"": ""credit_card"", ""payment_sequential"": 1, ""payment_installments"": 8}"
fc5d7fc2903cfc7a873e4669688028aa-p1,0b704ed6ca67840f360498ffe905d8da,7283,2017-11-08T03:26:52+00:00,fc5d7fc2903cfc7a873e4669688028aa,,,False,,"{""payment_type"": ""boleto"", ""payment_sequential"": 1, ""payment_installments"": 1}"
af2822be6a722a21405c9aba959a9968-p1,21325012e96d5549c44148c2d65ca3ee,18483,2017-11-07T07:30:28+00:00,af2822be6a722a21405c9aba959a9968,,,False,,"{""payment_type"": ""boleto"", ""payment_sequential"": 1, ""payment_installments"": 1}"
ced9efa04f0d7b0543fa0d8ab9472a6c-p1,b8a11136550032517dcc9183f87c057c,15054,2017-11-07T07:30:31+00:00,ced9efa04f0d7b0543fa0d8ab9472a6c,,,False,,"{""payment_type"": ""boleto"", ""payment_sequential"": 1, ""payment_installments"": 1}"
5c226b11bc0f3438cfdacd76b39e4fee-p1,96a297162b4d82e37dea33271fe02b11,92034,2017-11-08T03:26:41+00:00,5c226b11bc0f3438cfdacd76b39e4fee,,,False,,"{""payment_type"": ""boleto"", ""payment_sequential"": 1, ""payment_installments"": 1}"
bb00e44342a8d895d7d96bfb88b1dc8a-p1,7fadcf53222cf52db5c311cc711b6d2e,17170,2017-11-06T12:31:57+00:00,bb00e44342a8d895d7d96bfb88b1dc8a,,,False,,"{""payment_type"": ""credit_card"", ""payment_sequential"": 1, ""payment_installments"": 5}"
b2d7cdefb5c17f098e82a26005b7ff89-p1,82f341134c3e8d0a25958d4bb4f05e4b,3010,2017-11-06T14:33:04+00:00,b2d7cdefb5c17f098e82a26005b7ff89,,,False,,"{""payment_type"": ""credit_card"", ""payment_sequential"": 1, ""payment_installments"": 3}"
a77e640490c0930838454624780038b5-p1,d1744e4b88a060e0c2f919c5eccc33ff,74327,2017-11-07T07:30:34+00:00,a77e640490c0930838454624780038b5,,,False,,"{""payment_type"": ""boleto"", ""payment_sequential"": 1, ""payment_installments"": 1}"
47bc8fdc26cacf1dc85dd74df210ff30-p1,a31dc47d85fb26c44fa0e00db1972190,10702,2017-11-06T13:30:53+00:00,47bc8fdc26cacf1dc85dd74df210ff30,,,False,,"{""payment_type"": ""credit_card"", ""payment_sequential"": 1, ""payment_installments"": 5}"
2d6ce36962726757ee9b668df71866e6-p1,3fabb2d53935aee311d331d0f0480da2,4409,2017-11-06T13:31:57+00:00,2d6ce36962726757ee9b668df71866e6,,,False,,"{""payment_type"": ""credit_card"", ""payment_sequential"": 1, ""payment_installments"": 4}"
2eeb8e6a0c5f3787936ab06ff6dfc54f-p1,90e57819e51c6f3f589ee122451616fe,3507,2017-11-06T14:33:30+00:00,2eeb8e6a0c5f3787936ab06ff6dfc54f,,,False,,"{""payment_type"": ""voucher"", ""payment_sequential"": 1, ""payment_installments"": 1}"
efcdad37e7529147a3c3ece422943baf-p1,a4d6f5e61e07e006e41e7ec382f3db1b,3577,2017-11-06T13:31:20+00:00,efcdad37e7529147a3c3ece422943baf,,,False,,"{""payment_type"": ""credit_card"", ""payment_sequential"": 1, ""payment_installments"": 3}"
567ca196ed2fefd9a66f852f8fd67058-p1,f4cb29a2884554c257a90856b70d2f54,19266,2017-11-06T13:31:25+00:00,567ca196ed2fefd9a66f852f8fd67058,,,False,,"{""payment_type"": ""credit_card"", ""payment_sequential"": 1, ""payment_installments"": 10}"
6c07e27e694dcf18f9171b1fc5c85fca-p1,cf1f3832efb4b882a8ce2c7ccbe4db1b,11444,2017-11-06T14:33:03+00:00,6c07e27e694dcf18f9171b1fc5c85fca,,,False,,"{""payment_type"": ""debit_card"", ""payment_sequential"": 1, ""payment_installments"": 1}"
0794929f95ad2d3371bf525e22a2603f-p1,1650819cd492bbf4b9d189c7d4126475,18147,2017-11-08T03:30:56+00:00,0794929f95ad2d3371bf525e22a2603f,,,False,,"{""payment_type"": ""boleto"", ""payment_sequential"": 1, ""payment_installments"": 1}"
422beef43d75298fcfe50fea1a6556d8-p1,f4c41fdf263354b73b5b86b02c8f8492,33531,2017-11-07T06:31:27+00:00,422beef43d75298fcfe50fea1a6556d8,,,False,,"{""payment_type"": ""boleto"", ""payment_sequential"": 1, ""payment_installments"": 1}"
67b963609580980a2d4dd86c6509b849-p1,2f118e666b41b76a61d8cdbbc19f7735,18891,2017-11-06T14:32:57+00:00,67b963609580980a2d4dd86c6509b849,,,False,,"{""payment_type"": ""credit_card"", ""payment_sequential"": 1, ""payment_installments"": 2}"
0361f3d4648b016237d77833005e4cfc-p1,bc7b9e0d078c0c01f622b38cfcd7ee9c,17905,2017-11-06T13:30:56+00:00,0361f3d4648b016237d77833005e4cfc,,,True,,"{""payment_type"": ""credit_card"", ""payment_sequential"": 1, ""payment_installments"": 10, ""fault_id"": ""D2"", ""shortfall_centavos"": 568}"
c5f72d97d28261afcce1192481123758-p1,5f2360a071c8251e652488064a26200c,4184,2017-11-06T13:32:04+00:00,c5f72d97d28261afcce1192481123758,,,False,,"{""payment_type"": ""credit_card"", ""payment_sequential"": 1, ""payment_installments"": 1}"
f9e65963f3f83f99489c898626cadd7e-p2,1e962724461d2c0db4644277169082e3,5000,2017-11-06T13:31:22+00:00,f9e65963f3f83f99489c898626cadd7e,,,False,,"{""payment_type"": ""voucher"", ""payment_sequential"": 2, ""payment_installments"": 1}"
f9e65963f3f83f99489c898626cadd7e-p1,1e962724461d2c0db4644277169082e3,268,2017-11-06T13:31:22+00:00,f9e65963f3f83f99489c898626cadd7e,,,False,,"{""payment_type"": ""credit_card"", ""payment_sequential"": 1, ""payment_installments"": 1}"
840112365be338b61d43f776e94b7068-p1,58835ea10a8191c85f9c0da34a51b0e9,3201,2017-11-08T03:50:25+00:00,840112365be338b61d43f776e94b7068,,,False,,"{""payment_type"": ""boleto"", ""payment_sequential"": 1, ""payment_installments"": 1}"
3e555ab59108cb3d4ec66fc204bcb22c-p1,8a97a930c86c83b79d033300afc68fac,2668,2017-11-07T07:31:15+00:00,3e555ab59108cb3d4ec66fc204bcb22c,,,False,,"{""payment_type"": ""boleto"", ""payment_sequential"": 1, ""payment_installments"": 1}"
02332b54c758506809fd87d9c2748086-p1,9ef4905006f939a993f4794df18564c7,5414,2017-11-06T16:58:07+00:00,02332b54c758056809fd87d9c2748086,02332b54c758506809fd87d9c2748086,,True,,"{""payment_type"": ""credit_card"", ""payment_sequential"": 1, ""payment_installments"": 2, ""fault_id"": ""B""}"
037a9cf279c376ab222c9d27be892513-p1,48a5a17d697d2da4735f51e37dfbdc50,48122,2017-11-08T08:15:33+00:00,037a9cf279c376ab222c9d27be892513,,,False,,"{""payment_type"": ""credit_card"", ""payment_sequential"": 1, ""payment_installments"": 10}"
90ab3e7d52544ec7bc3363c82689965f-p1,161e5b2b4513edb336986a8909218365,24585,2017-11-06T13:12:34+00:00,90ab3e7d52544ec7bc3363c82689965f,,,False,,"{""payment_type"": ""credit_card"", ""payment_sequential"": 1, ""payment_installments"": 6, ""simulated_date"": true}"
0d665d0a88c9d2ae8edfcc1053ba13f9-p1,6bbdb2486a1b142e632b8128dc22cc3e,5351,2017-11-06T16:33:22+00:00,0d665d0a88c9d2ae8edfcc1053ba13f9,,,False,,"{""payment_type"": ""debit_card"", ""payment_sequential"": 1, ""payment_installments"": 1}"
8242b086009bdffe2eb081b77d4ca7de-p1,4ecdcc06343fcc71cbd3d0905e74a45b,11785,2017-11-06T14:33:36+00:00,8242b086009bdffe2eb081b77d4ca7de,,,False,,"{""payment_type"": ""credit_card"", ""payment_sequential"": 1, ""payment_installments"": 2}"
e9fb88ba8cd6b5d1e4812dbe24d2e893-p1,b790018858eedb8acf351b01ec841ee1,5924,2017-11-06T16:33:30+00:00,e9fb88ba8cd6b5d1e4812dbe24d2e893,,,False,,"{""payment_type"": ""credit_card"", ""payment_sequential"": 1, ""payment_installments"": 2}"
3e3c4a4dde46d9946ddc842ec389afdb-p1,102ede583b4c21f958423ea7f91d3b87,21398,2017-11-06T16:33:29+00:00,3e3c4a4dde46d9946ddc842ec389afdb,,,False,,"{""payment_type"": ""credit_card"", ""payment_sequential"": 1, ""payment_installments"": 1}"
94d184110abf5d80e6d1a37951556c61-p1,590820515e9a622e73ddbe545fc1eb86,7200,2017-11-07T07:30:37+00:00,94d184110abf5d80e6d1a37951556c61,,,False,,"{""payment_type"": ""boleto"", ""payment_sequential"": 1, ""payment_installments"": 1}"
9fbdb5da34e42e5603cd57ad18c79729-p1,f01cce5639ad2767abee41dd4621d804,11695,2017-11-07T06:32:03+00:00,9fbdb5da34e42e5603cd57ad18c79729,,,False,,"{""payment_type"": ""boleto"", ""payment_sequential"": 1, ""payment_installments"": 1}"
60d13096e69ace88a0c5b8c3805010ca-p1,581c85ba0bfacbdb3f21e5ac6fd2187a,4101,2017-11-07T07:30:35+00:00,60d13096e69ace88a0c5b8c3805010ca,,,False,,"{""payment_type"": ""boleto"", ""payment_sequential"": 1, ""payment_installments"": 1}"
bdf7a997a9edbbfbb3b06b5f13f1b23e-p1,17323e6778c10b4a781bb9564ce5f498,4684,2017-11-06T15:31:40+00:00,bdf7a997a9edbbfbb3b06b5f13f1b23e,,,False,,"{""payment_type"": ""credit_card"", ""payment_sequential"": 1, ""payment_installments"": 1}"
5f5fda6bb6bf0aa8f49f50506b1584ca-p1,9c101a1e40d02a431e8f6e0008529772,31945,2017-11-06T15:31:41+00:00,5f5fda6bb6bf0aa8f49f50506b1584ca,,,False,,"{""payment_type"": ""credit_card"", ""payment_sequential"": 1, ""payment_installments"": 10}"
c33548afe8a1590b82f9f0c6141ef508-p1,fdde232a70739feb7bff709ca09a6b1d,6861,2017-11-06T16:34:32+00:00,c33548afe8a1590b82f9f0c6141ef508,,,False,,"{""payment_type"": ""credit_card"", ""payment_sequential"": 1, ""payment_installments"": 6}"
5a23dfaecf3aac7ca8bbcb6259eb4ce2-p1,0da5247e3af1907adfb86f93c6f769f9,3500,2017-11-07T07:30:48+00:00,5a23dfaecf3aac7ca8bbcb6259eb4ce2,,,False,,"{""payment_type"": ""boleto"", ""payment_sequential"": 1, ""payment_installments"": 1}"
c11457253eefe1635e2c7acbf249aa1a-p1,cea24d7104b107365c53eb0cc5c4eb66,18124,2017-11-06T15:31:26+00:00,c11457253eefe1635e2c7acbf249aa1a,,,False,,"{""payment_type"": ""credit_card"", ""payment_sequential"": 1, ""payment_installments"": 4}"
b077f14ebe1b28627ac1c9551b1ac974-p1,f08bcc2665bfd28bcdbc5530efa21cd5,4717,2017-11-06T16:57:44+00:00,b077f14ebe1b28627ac1c9551b1ac974,,,False,,"{""payment_type"": ""credit_card"", ""payment_sequential"": 1, ""payment_installments"": 1}"
1b60d2efd91abb75b6a78ba9041a3f15-p1,6f4102ac174b0bf17f1495f81a6f27a3,3601,2017-11-06T15:31:06+00:00,1b60d2efd91abb75b6a78ba9041a3f15,,,False,,"{""payment_type"": ""credit_card"", ""payment_sequential"": 1, ""payment_installments"": 3}"
f104033beebfd7e8f12217531c2275f9-p1,d022f60348d070258d57c290636badea,15720,2017-11-06T19:36:58+00:00,f104033beebfd7e8f12217531c2275f9,,,False,,"{""payment_type"": ""credit_card"", ""payment_sequential"": 1, ""payment_installments"": 3}"
92fc1ca41d579ec86467b590c6acc489-p1,e9b846d808ccf1823115501829ee7e18,5638,2017-11-07T07:30:48+00:00,92fc1ca41d579ec86467b590c6acc489,,,False,,"{""payment_type"": ""boleto"", ""payment_sequential"": 1, ""payment_installments"": 1}"
52fb2336bbf199586136afbe9822086c-p1,3abcdd9f2adabfc152ffc2c348ab5644,15721,2017-11-06T20:41:44+00:00,52fb2336bbf199586136afbe9822086c,,,False,,"{""payment_type"": ""credit_card"", ""payment_sequential"": 1, ""payment_installments"": 10}"
c0585e6e7446a97905280a732d27ac4a-p1,7ee80de1a077e0aeae1783715ec36476,3678,2017-11-06T22:36:34+00:00,c0585e6e7446a97905280a732d27ac4a,,,False,,"{""payment_type"": ""credit_card"", ""payment_sequential"": 1, ""payment_installments"": 3}"
b75a194685421be6ebb7b18c2ec9faa3-p1,7d6aacf8eb406bd16f8cca2be7163c75,26568,2017-11-06T22:36:24+00:00,b75a194685421be6ebb7b18c2ec9faa3,,,False,,"{""payment_type"": ""credit_card"", ""payment_sequential"": 1, ""payment_installments"": 3}"
0e0b2c3867ebecdb54f64e443e7f1921-p1,7e6494e69991e3b31bcbe9cf32533b29,4240,2017-11-08T03:50:21+00:00,0e0b2c3867ebecdb54f64e443e7f1921,,,False,,"{""payment_type"": ""boleto"", ""payment_sequential"": 1, ""payment_installments"": 1}"
a57b39b38d69680f2b3708ec611e8bff-p1,abb988a3a19147f2a4dbaf0e71bd9e37,16430,2017-11-06T18:33:57+00:00,a57b39b38d69680f2b3708ec611e8bff,,,False,,"{""payment_type"": ""credit_card"", ""payment_sequential"": 1, ""payment_installments"": 5}"
328f5ed22995509b59ff08c98fa22c72-p1,d8498f6b01c50238faa7fbc56682c34f,79254,2017-11-06T20:41:40+00:00,328f5ed22995509b59ff08c98fa22c72,,,False,,"{""payment_type"": ""credit_card"", ""payment_sequential"": 1, ""payment_installments"": 5}"
d30a31ae450b7eccbb5fc54276bdccf7-p1,b35dd02a8fb5287993b96bee8a8e4238,94112,2017-11-06T19:36:57+00:00,d30a31ae450b7eccbb5fc54276bdccf7,,,False,,"{""payment_type"": ""credit_card"", ""payment_sequential"": 1, ""payment_installments"": 5}"
10d94479d66117fb7748e5117855db0c-p1,e0dd737c37017dd45daddee7b4976993,14696,2017-11-06T22:35:47+00:00,10d94479d66117fb7748e5117855db0c,,,False,,"{""payment_type"": ""credit_card"", ""payment_sequential"": 1, ""payment_installments"": 10}"
6cf750e29805ce3d37382d97dc7eda36-p1,ce5007556ca6f785f4d43f910c733700,15171,2017-11-06T19:36:24+00:00,6cf750e29805ce3d37382d97dc7eda36,,,False,,"{""payment_type"": ""credit_card"", ""payment_sequential"": 1, ""payment_installments"": 4}"
1ff3fa09d18389ae97c96c0dd2edd0d7-p1,fc72a2e33eb83c94038e5e973d632fe7,5610,2017-11-08T08:06:49+00:00,1ff3fa09d18389ae97c96c0dd2edd0d7,,,False,,"{""payment_type"": ""credit_card"", ""payment_sequential"": 1, ""payment_installments"": 5}"
b93dfded1655914b88fb6ae621fb62f1-p1,3af45fe3c1c22f5b1a03de0637741bc6,10218,2017-11-06T23:32:00+00:00,b93dfded1655914b88fb6ae621fb62f1,,,False,,"{""payment_type"": ""credit_card"", ""payment_sequential"": 1, ""payment_installments"": 2}"
086d49a75db554056a171c0c706a7e18-p1,1d9f8ceef15c2c222c7452f380371627,17550,2017-11-08T03:46:07+00:00,086d49a75db554056a171c0c706a7e18,,,False,,"{""payment_type"": ""boleto"", ""payment_sequential"": 1, ""payment_installments"": 1}"
be32306676f1b65193ce87367ecf3e34-p1,028f21bc914b92ebd3d90710df2363b0,3010,2017-11-07T07:30:34+00:00,be32306676f1b65193ce87367ecf3e34,,,False,,"{""payment_type"": ""boleto"", ""payment_sequential"": 1, ""payment_installments"": 1}"
9f412f386995efffd83915f323716b64-p1,530536811a54b54504e35183447a8ecf,10328,2017-11-06T22:36:42+00:00,9f412f386995efffd83915f323716b64,,,False,,"{""payment_type"": ""credit_card"", ""payment_sequential"": 1, ""payment_installments"": 8}"
e2cb8763d4216d9a23fd322ac9fec713-p1,0b8f48c242246419f92b6c43b0165010,165711,2017-11-08T08:06:48+00:00,e2cb8763d4216d9a23fd322ac9fec713,,,False,,"{""payment_type"": ""credit_card"", ""payment_sequential"": 1, ""payment_installments"": 6}"
381c217ee7fe965c547e4af4c8a70b75-p1,a28f687bf746de141e0827d034d6132c,3138,2017-11-06T20:41:29+00:00,381c217ee7fe965c547e4af4c8a70b75,,,False,,"{""payment_type"": ""credit_card"", ""payment_sequential"": 1, ""payment_installments"": 1}"
e2c37260c7a927c7d9808341dbe2924c-p1,76469f1d0d75d1b8c83fd75610f84c23,3910,2017-11-06T23:31:59+00:00,e2c37260c7a927c7d9808341dbe2924c,,,False,,"{""payment_type"": ""boleto"", ""payment_sequential"": 1, ""payment_installments"": 1}"
c61f662d769eea17b4b8e49620226232-p1,8d39f6fecda2476bd70895d99291e3bf,21974,2017-11-07T07:30:28+00:00,c61f662d769eea17b4b8e49620226232,,,False,,"{""payment_type"": ""boleto"", ""payment_sequential"": 1, ""payment_installments"": 1}"
97cd2653d53d5404413e2241289d5418-p1,8610d4722d4bcdaf55f53cbeb8cf3c14,3009,2017-11-06T21:36:02+00:00,97cd2653d53d5404413e2241289d5418,,,False,,"{""payment_type"": ""credit_card"", ""payment_sequential"": 1, ""payment_installments"": 3}"
f8b8098e21e86c13492c01a688632b75-p1,ab017161bffa67a5a68d762fc993a35d,19692,2017-11-06T23:31:59+00:00,f8b8098e21e86c13492c01a688632b75,,,False,,"{""payment_type"": ""credit_card"", ""payment_sequential"": 1, ""payment_installments"": 2}"
b6d7bc72070db9ad2c50a38490b993ca-p1,291fbe0bef77808ae14b772b922cab74,3826,2017-11-06T22:36:34+00:00,b6d7bc72070db9ad2c50a38490b993ca,,,False,,"{""payment_type"": ""credit_card"", ""payment_sequential"": 1, ""payment_installments"": 3}"
0fba53cb4e9429e38cd2750c32fa24a5-p1,37d35206031031985cbe5577eacbd0f1,5221,2017-11-08T03:46:03+00:00,0fba53cb4e9429e38cd2750c32fa24a5,,,False,,"{""payment_type"": ""boleto"", ""payment_sequential"": 1, ""payment_installments"": 1}"
b9dcd29b81f45fd68a5489a381a5a3fc-p1,c97d551073edc0d8962ce1a32e0c4d7f,45664,2017-11-06T21:36:03+00:00,b9dcd29b81f45fd68a5489a381a5a3fc,,,False,,"{""payment_type"": ""credit_card"", ""payment_sequential"": 1, ""payment_installments"": 10}"
0078a358a14592b887eb140ef515f5ab-p1,a6f9ff98ef3cedac9d8a2b88afc89972,33638,2017-11-06T22:36:39+00:00,0078a358a4592b887eb140ef515f5ab,0078a358a14592b887eb140ef515f5ab,,True,,"{""payment_type"": ""credit_card"", ""payment_sequential"": 1, ""payment_installments"": 3, ""fault_id"": ""B""}"
3e170726582244699b156f1c7044223a-p1,718028dee40c5253ab23fad0a46a9eb0,41581,2017-11-07T07:30:29+00:00,3e170726582244699b156f1c7044223a,,,False,,"{""payment_type"": ""boleto"", ""payment_sequential"": 1, ""payment_installments"": 1}"
810866331b08e6226337a3b29fd8c980-p1,89698c8bbd68babe5edec47450537a05,7886,2017-11-07T15:46:36+00:00,810866331b08e6226337a3b29fd8c980,,,False,,"{""payment_type"": ""credit_card"", ""payment_sequential"": 1, ""payment_installments"": 6}"
ab06984b04c0624abda79b20ba1f985f-p1,77426f7a06e493a618f5eec875ee7450,10877,2017-11-08T03:31:06+00:00,ab06984b04c0624abda79b20ba1f985f,,,False,,"{""payment_type"": ""boleto"", ""payment_sequential"": 1, ""payment_installments"": 1}"
4a59b00152497e88a6a4ab7bfe77e04b-p1,7bd3bf5cf286d73c6876f46cf03b7595,16365,2017-11-06T23:32:27+00:00,4a59b00152497e88a6a4ab7bfe77e04b,,,False,,"{""payment_type"": ""credit_card"", ""payment_sequential"": 1, ""payment_installments"": 3}"
70f427024dbea24f9d879d8fd7d19df3-p1,7a717553d8ea2eaf29cace2e5876f634,2862,2017-11-06T23:32:05+00:00,70f427024dbea24f9d879d8fd7d19df3,,,False,,"{""payment_type"": ""credit_card"", ""payment_sequential"": 1, ""payment_installments"": 2}"
05387d537bd2e5027aadbfb6a5123e4b-p1,766c363986fc269b65ca0bd173b39691,4378,2017-11-06T23:31:52+00:00,05387d537bd2e5027aadbfb6a5123e4b,,,False,,"{""payment_type"": ""credit_card"", ""payment_sequential"": 1, ""payment_installments"": 1}"
860987b7f135e286997817fdee3c2f7e-p1,aa9140fe3ea21e933f6da620bb720ebc,8341,2017-11-06T23:31:35+00:00,860987b7f135e286997817fdee3c2f7e,,,False,,"{""payment_type"": ""credit_card"", ""payment_sequential"": 1, ""payment_installments"": 1}"
1315a48b9968c471921edaaf59d901d7-p1,0470135d506f45f407a71c9094f62d6d,13699,2017-11-08T03:36:15+00:00,1315a48b9968c471921edaaf59d901d7,,,False,,"{""payment_type"": ""boleto"", ""payment_sequential"": 1, ""payment_installments"": 1}"
f5ab5341b520987fc899c69ec795dc1d-p1,9594f9dfee250981a281169d2c721e78,11829,2017-11-06T23:32:44+00:00,f5ab5341b520987fc899c69ec795dc1d,,,False,,"{""payment_type"": ""credit_card"", ""payment_sequential"": 1, ""payment_installments"": 1}"
b80fc8c055d4c16d2b52eccba884d820-p1,050edcc983b8b15a8c076355d0a784bd,36164,2017-11-07T01:36:15+00:00,b80fc8c055d4c16d2b52eccba884d820,,,False,,"{""payment_type"": ""boleto"", ""payment_sequential"": 1, ""payment_installments"": 1}"
5dbc96f238368d57f89d21fe807f6597-p1,bdbf120a9e9c361afc155b0c6c0164bd,15473,2017-11-06T23:31:54+00:00,5dbc96f238368d57f89d21fe807f6597,,,False,,"{""payment_type"": ""credit_card"", ""payment_sequential"": 1, ""payment_installments"": 3}"
def30b257b8f2ee7c3a6c8ca06695ddf-p1,4df5d0ec15a5deb0a865846805fa3eab,44275,2017-11-07T16:51:06+00:00,def30b257b8f2ee7c3a6c8ca06695ddf,,,False,,"{""payment_type"": ""credit_card"", ""payment_sequential"": 1, ""payment_installments"": 9}"
5cdad9598ab8686c137c2ad8c24d4803-p1,6a6f22ad7d0ef9a767fce278780c91cd,5463,2017-11-06T19:36:09+00:00,5cdad9598ab8686c137c2ad8c24d4803,,,False,,"{""payment_type"": ""credit_card"", ""payment_sequential"": 1, ""payment_installments"": 2}"
9f2d2d818cb0f29ab0912722b52dcb38-p1,f7eaae0982d5d8ff27c56373895d97de,70089,2017-11-07T17:27:03+00:00,9f2d2d818cb0f29ab0912722b52dcb38,,,False,,"{""payment_type"": ""credit_card"", ""payment_sequential"": 1, ""payment_installments"": 8}"
5854e79825b6bb53dcf1afdf5568a404-p1,8f2c2bb85004d6fb8eaae044d3c4096d,41411,2017-11-06T23:31:29+00:00,5854e79825b6bb53dcf1afdf5568a404,,,False,,"{""payment_type"": ""credit_card"", ""payment_sequential"": 1, ""payment_installments"": 8}"
d3a0d186a5e203acfa13cd9a541073d5-p1,506d6cf0a8806f688cd5b05626819e2c,11445,2017-11-07T07:30:32+00:00,d3a0d186a5e203acfa13cd9a541073d5,,,False,,"{""payment_type"": ""boleto"", ""payment_sequential"": 1, ""payment_installments"": 1}"
5e889b27fcf62bb902c417303e5f688f-p1,28ce0e637b032b627bbcd5bf6bfcb973,11613,2017-11-07T02:31:47+00:00,5e889b27fcf62bb902c417303e5f688f,,,False,,"{""payment_type"": ""credit_card"", ""payment_sequential"": 1, ""payment_installments"": 2}"
0dc561ba424a8d639e1d4d7840c530c0-p1,3ed6263b3fdb5ddbb4bd8c42fd817a4d,16325,2017-11-07T07:30:33+00:00,0dc561ba424a8d639e1d4d7840c530c0,,,False,,"{""payment_type"": ""boleto"", ""payment_sequential"": 1, ""payment_installments"": 1}"
d3d8ef2ce0a669dfc3302b606f979f6c-p1,92492db1c6d3523933a19481c6d5eb8d,7748,2017-11-08T03:26:34+00:00,d3d8ef2ce0a669dfc3302b606f979f6c,,,False,,"{""payment_type"": ""boleto"", ""payment_sequential"": 1, ""payment_installments"": 1}"
a0d9d006e35f0bcdcd62b6a56157ae3d-p1,f3e45727fafa5c1b70c7d2dd052c11aa,4774,2017-11-07T03:31:09+00:00,a0d9d006e35f0bcdcd62b6a56157ae3d,,,False,,"{""payment_type"": ""credit_card"", ""payment_sequential"": 1, ""payment_installments"": 4}"
88c236f7e3dd040afb885a0a214f9b0a-p1,cb824a5ce7a9fd74bca8f9b0e1943415,12109,2017-11-07T07:30:38+00:00,88c236f7e3dd040afb885a0a214f9b0a,,,False,,"{""payment_type"": ""boleto"", ""payment_sequential"": 1, ""payment_installments"": 1}"
0b4e6da2eae282f0a0072085c7adacfe-p1,e3d5e814512a05f84dbb36d52eac433c,3891,2017-11-07T03:31:22+00:00,0b4e6da2eae282f0a0072085c7adacfe,,,False,,"{""payment_type"": ""credit_card"", ""payment_sequential"": 1, ""payment_installments"": 1}"
e5f642cd02cde85e17b08c8c1534801e-p1,60b8395018e55124548d780d23b9c02d,19037,2017-11-07T17:48:07+00:00,e5f642cd02cde85e17b08c8c1534801e,,,False,,"{""payment_type"": ""credit_card"", ""payment_sequential"": 1, ""payment_installments"": 1}"
a59ef0abffbef8ddaae23600b6ee6604-p1,001ae44fa04911a9e9577356dce6c63c,11623,2017-11-07T06:31:44+00:00,a59ef0abffbef8ddaae23600b6ee6604,,,False,,"{""payment_type"": ""boleto"", ""payment_sequential"": 1, ""payment_installments"": 1}"
a144aa25d9d14f25ee9f3ec4118e5517-p1,e9d6ce102dcb8ab8a3387021b5040f70,6846,2017-11-07T03:31:02+00:00,a144aa25d9d14f25ee9f3ec4118e5517,,,False,,"{""payment_type"": ""voucher"", ""payment_sequential"": 1, ""payment_installments"": 1}"
581e3fa3023c8c6a8a485e6f8e52ce2d-p1,29c50454ab44ffc215c1689ffc1fe783,3138,2017-11-08T03:50:21+00:00,581e3fa3023c8c6a8a485e6f8e52ce2d,,,False,,"{""payment_type"": ""boleto"", ""payment_sequential"": 1, ""payment_installments"": 1}"
f481c4a578efee5b662a2df18c3df59e-p1,3b8e35acc6e08d9146f097dc1efbf471,10977,2017-11-08T03:31:02+00:00,f481c4a578efee5b662a2df18c3df59e,,,False,,"{""payment_type"": ""boleto"", ""payment_sequential"": 1, ""payment_installments"": 1}"
491a23e567ce4c273419a63a41ff5876-p1,8ec49be0447d11c4deb5fcdcf43407cc,16369,2017-11-07T03:31:24+00:00,491a23e567ce4c273419a63a41ff5876,,,False,,"{""payment_type"": ""credit_card"", ""payment_sequential"": 1, ""payment_installments"": 3}"
56c9b97f31031c70ffb000219dc6f403-p1,7f0d5c5f31339b90635c9bf99651dfa0,16381,2017-11-07T03:31:04+00:00,56c9b97f31031c70ffb000219dc6f403,,,False,,"{""payment_type"": ""credit_card"", ""payment_sequential"": 1, ""payment_installments"": 8}"
036467185263519cd4f15dde1f8664e6-p1,06a46121174f129a77f8e50824a5710d,17502,2017-11-08T03:26:44+00:00,036467185263519cd4f15dde1f8664e6,,,True,,"{""payment_type"": ""boleto"", ""payment_sequential"": 1, ""payment_installments"": 1, ""fault_id"": ""D2"", ""shortfall_centavos"": 653}"
06c07d5b2696b9631375e2877c955b3b-p1,4d1816adb92709672c1c049f8756f542,13208,2017-11-07T18:15:59+00:00,06c07d5b2696b9631375e2877c955b3b,,,False,,"{""payment_type"": ""credit_card"", ""payment_sequential"": 1, ""payment_installments"": 2}"
5c5bada3b8df98250966f5a7a584657d-p1,cc744cdbcc1c3e74f8995202a910cbd9,5767,2017-11-07T03:31:09+00:00,5c5bada3b8df98250966f5a7a584657d,,,False,,"{""payment_type"": ""credit_card"", ""payment_sequential"": 1, ""payment_installments"": 1}"
d967b02c8e9ac87edb380250c652a6b2-p1,f31ac54af6af7097bddd1053011e7a3a,9670,2017-11-07T03:31:18+00:00,d967b02c8e9ac87edb380250c652a6b2,,,False,,"{""payment_type"": ""credit_card"", ""payment_sequential"": 1, ""payment_installments"": 1}"
ed01ce003df13cab401ba2ff57ea2542-p1,a6e10bbbfb7af7122f5feb0f19268baa,13848,2017-11-07T03:31:21+00:00,ed01ce003df13cab401ba2ff57ea2542,,,False,,"{""payment_type"": ""credit_card"", ""payment_sequential"": 1, ""payment_installments"": 8}"
d7123732c68ff880f12d65c308f133a9-p1,286d8f01f94a8061cef05c7c49efd8a9,5678,2017-11-07T02:30:58+00:00,d7123732c68ff880f12d65c308f133a9,,,False,,"{""payment_type"": ""credit_card"", ""payment_sequential"": 1, ""payment_installments"": 5}"
e75bd2f9adb46257d65d9e916355326a-p1,cdb1c37a2495de449b7967018ccec0bd,9219,2017-11-07T03:31:08+00:00,e75bd2f9adb46257d65d9e916355326a,,,False,,"{""payment_type"": ""credit_card"", ""payment_sequential"": 1, ""payment_installments"": 3}"
a9750e3434088f124fafaf2cb0109fc9-p1,9716aa0359703cd7753c5696c45823e0,5298,2017-11-07T03:31:22+00:00,a9750e3434088f124fafaf2cb0109fc9,,,False,,"{""payment_type"": ""credit_card"", ""payment_sequential"": 1, ""payment_installments"": 1}"
cf34fe44babb9fd001a001acfa43cabf-p1,fa776b9116f0db0aa31fce6fb9f453db,11016,2017-11-07T04:32:03+00:00,cf34fe44babb9fd001a001acfa43cabf,,,False,,"{""payment_type"": ""credit_card"", ""payment_sequential"": 1, ""payment_installments"": 1}"
f390346ecbf61a6b81b92017a7410df1-p1,a577a200a23467257794210152357aab,6973,2017-11-07T03:31:22+00:00,f390346ecbf61a6b81b92017a7410df1,,,False,,"{""payment_type"": ""credit_card"", ""payment_sequential"": 1, ""payment_installments"": 1}"
03604d9c184f9290e997c49fb585b2b5-p1,555ff7c7aa057a4f340c8ec9e26986f2,1381,2017-11-08T17:30:52+00:00,03604d9c184f9290e997c49fb585b2b5,,,False,,"{""payment_type"": ""voucher"", ""payment_sequential"": 1, ""payment_installments"": 1}"
03604d9c184f9290e997c49fb585b2b5-p2,555ff7c7aa057a4f340c8ec9e26986f2,33929,2017-11-08T17:30:52+00:00,03604d9c184f9290e997c49fb585b2b5,,,False,,"{""payment_type"": ""voucher"", ""payment_sequential"": 2, ""payment_installments"": 1}"
aafa42c99c04de8208303c4dcf9a4e4b-p1,3602e0472e2ec22ab176b0b211e7c306,11848,2017-11-08T03:35:30+00:00,aafa42c99c04de8208303c4dcf9a4e4b,,,False,,"{""payment_type"": ""boleto"", ""payment_sequential"": 1, ""payment_installments"": 1}"
68b4f0f2635234fcc9cbcd65b082e5b7-p1,7bd5bf0ed6c9eab79b2b7abb88a1e0f5,15649,2017-11-07T03:31:17+00:00,68b4f0f2635234fcc9cbcd65b082e5b7,,,False,,"{""payment_type"": ""credit_card"", ""payment_sequential"": 1, ""payment_installments"": 10}"
521a65cfd386ce592bb2ef094c71ed9a-p1,c37f529bed2058784033a0ea12498852,11623,2017-11-07T04:31:44+00:00,521a65cfd386ce592bb2ef094c71ed9a,,,False,,"{""payment_type"": ""credit_card"", ""payment_sequential"": 1, ""payment_installments"": 5}"
4729a8ef5b11ed2d8dc77d48deeeee04-p1,867193fe010661994dea5056c27d6f7c,23052,2017-11-07T04:31:16+00:00,4729a8ef5b11ed2d8dc77d48deeeee04,,,False,,"{""payment_type"": ""credit_card"", ""payment_sequential"": 1, ""payment_installments"": 10}"
f9a68878fc98bcaaa39b14e773ca6970-p1,4191bcfd448dc07138d2951ea4d10008,7273,2017-11-07T04:32:14+00:00,f9a68878fc98bcaaa39b14e773ca6970,,,False,,"{""payment_type"": ""credit_card"", ""payment_sequential"": 1, ""payment_installments"": 3}"
83c3c5d85ecc80dc98b322dc63c47cf2-p1,cb36a3e948bd39985972470cffff43c5,2877,2017-11-07T06:31:16+00:00,83c3c5d85ecc80dc98b322dc63c47cf2,,,False,,"{""payment_type"": ""boleto"", ""payment_sequential"": 1, ""payment_installments"": 1}"
bf8f842ad319798cc4a0c3085c32a43e-p1,6636a7466f6ffd32760ad04721d2da48,20687,2017-11-07T04:31:19+00:00,bf8f842ad319798cc4a0c3085c32a43e,,,False,,"{""payment_type"": ""credit_card"", ""payment_sequential"": 1, ""payment_installments"": 1}"
7c3b36d6d12476de27c371da33153e82-p1,39685be2d4d774ca90b320c50884efd4,20687,2017-11-07T04:31:31+00:00,7c3b36d6d12476de27c371da33153e82,,,False,,"{""payment_type"": ""credit_card"", ""payment_sequential"": 1, ""payment_installments"": 3}"
2a7dcb1d34aa5213ba51c0997b843fc3-p1,b856a09d550eae86152c1c6918cb01ea,8341,2017-11-07T04:32:36+00:00,2a7dcb1d34aa5213ba51c0997b843fc3,,,False,,"{""payment_type"": ""credit_card"", ""payment_sequential"": 1, ""payment_installments"": 3}"
c9366610830b7af26c954d0b6c1f68d7-p1,1522cc6491aaf3f36b443ff465b02df4,14812,2017-11-07T04:31:14+00:00,c9366610830b7af26c954d0b6c1f68d7,,,False,,"{""payment_type"": ""credit_card"", ""payment_sequential"": 1, ""payment_installments"": 1}"
b77b82b683e9956ecdf55514de3d1f1d-p2,4b72a0663701b53014f308b56a8d7b44,2755,2017-11-07T04:31:13+00:00,b77b82b683e9956ecdf55514de3d1f1d,,,False,,"{""payment_type"": ""voucher"", ""payment_sequential"": 2, ""payment_installments"": 1}"
b77b82b683e9956ecdf55514de3d1f1d-p1,4b72a0663701b53014f308b56a8d7b44,3210,2017-11-07T04:31:13+00:00,b77b82b683e9956ecdf55514de3d1f1d,,,False,,"{""payment_type"": ""credit_card"", ""payment_sequential"": 1, ""payment_installments"": 2}"
3c05b502206cc0e80f5a844de86bc870-p1,02fff5ce59fcb575447d2ce02f721ca0,3577,2017-11-07T04:31:31+00:00,3c05b502206cc0e80f5a844de86bc870,,,False,,"{""payment_type"": ""credit_card"", ""payment_sequential"": 1, ""payment_installments"": 1}"
354310406adf3de2d6793865cca4eb97-p1,a03bed47efff02de7b59d0da789f0dcf,75958,2017-11-07T04:31:43+00:00,354310406adf3de2d6793865cca4eb97,,,True,,"{""payment_type"": ""credit_card"", ""payment_sequential"": 1, ""payment_installments"": 8, ""fault_id"": ""E"", ""fee_pct"": 2.5, ""shortfall_centavos"": 1948}"
bb514bb949fb3d4837436e4df906cf5e-p1,0abc80472fc67b10dcfa56041a9b72b9,13405,2017-11-07T05:31:35+00:00,bb514bb949fb3d4837436e4df906cf5e,,,False,,"{""payment_type"": ""credit_card"", ""payment_sequential"": 1, ""payment_installments"": 2}"
1b1f5c0333fae3e7b4b4670d2cc3c0ac-p1,2bd9d2f3cc5d99b1b3d9ff5acd81bd5e,5501,2017-11-07T18:30:34+00:00,1b1f5c0333fae3e7b4b4670d2cc3c0ac,,,False,,"{""payment_type"": ""credit_card"", ""payment_sequential"": 1, ""payment_installments"": 5}"
a769cc9f5becd92358f5d4604e17e806-p1,0b046317996aebdb7c05c8748a56c97c,2000,2017-11-07T04:32:36+00:00,a769cc9f5becd92358f5d4604e17e806,,,False,,"{""payment_type"": ""voucher"", ""payment_sequential"": 1, ""payment_installments"": 1}"
a769cc9f5becd92358f5d4604e17e806-p2,0b046317996aebdb7c05c8748a56c97c,1969,2017-11-07T04:32:36+00:00,a769cc9f5becd92358f5d4604e17e806,,,False,,"{""payment_type"": ""voucher"", ""payment_sequential"": 2, ""payment_installments"": 1}"
d3cefa3b994d2662eba354f826cd64a7-p1,58b1f95484a1b2945c69403389426bd0,26930,2017-11-07T07:30:43+00:00,d3cefa3b994d2662eba354f826cd64a7,,,False,,"{""payment_type"": ""boleto"", ""payment_sequential"": 1, ""payment_installments"": 1}"
a91719c33cb682b0e23e021e99e98c94-p1,a7a55071159ec47b5a820b95ed5cad13,7516,2017-11-07T04:31:55+00:00,a91719c33cb682b0e23e021e99e98c94,,,False,,"{""payment_type"": ""credit_card"", ""payment_sequential"": 1, ""payment_installments"": 3}"
13feb36353a2bb1afaeeed63e1ef8d18-p1,0676ed36c5d0ebe8fa2466b73043bb4d,21804,2017-11-07T05:31:19+00:00,13feb36353a2bb1afaeeed63e1ef8d18,,,False,,"{""payment_type"": ""credit_card"", ""payment_sequential"": 1, ""payment_installments"": 3}"
c34e0ceb1b974989a54cc47f2ccf12f0-p1,3fb316b932251d79d4bf4778964c2acb,14418,2017-11-07T04:31:42+00:00,c34e0ceb1b974989a54cc47f2ccf12f0,,,False,,"{""payment_type"": ""credit_card"", ""payment_sequential"": 1, ""payment_installments"": 2}"
99986880076491bbfa81921df6b676f2-p1,bf0627436135c129fa7d967439780b16,60074,2017-11-08T03:35:32+00:00,99986880076491bbfa81921df6b676f2,,,False,,"{""payment_type"": ""boleto"", ""payment_sequential"": 1, ""payment_installments"": 1}"
a28d2fd8b59565ab9973b930eac2596e-p2,abaf68165a86b0e8ef85cac8f562a482,5000,2017-11-07T21:47:09+00:00,a28d2fd8b59565ab9973b930eac2596e,,,False,,"{""payment_type"": ""voucher"", ""payment_sequential"": 2, ""payment_installments"": 1}"
a28d2fd8b59565ab9973b930eac2596e-p1,abaf68165a86b0e8ef85cac8f562a482,5710,2017-11-07T21:47:09+00:00,a28d2fd8b59565ab9973b930eac2596e,,,False,,"{""payment_type"": ""credit_card"", ""payment_sequential"": 1, ""payment_installments"": 2}"
aeef04fa986be504dfc33b096ac921df-p1,c7fa86b24c5659adf36cb075a5e27459,9431,2017-11-07T04:31:33+00:00,aeef04fa986be504dfc33b096ac921df,,,False,,"{""payment_type"": ""credit_card"", ""payment_sequential"": 1, ""payment_installments"": 1}"
642a8a89c36a8b2f4884cd8e68168247-p1,fbd9bc53c3eba9807d3e246b2104b2e9,7172,2017-11-07T04:32:12+00:00,642a8a89c36a8b2f4884cd8e68168247,,,False,,"{""payment_type"": ""credit_card"", ""payment_sequential"": 1, ""payment_installments"": 3}"
83f8bb6ef68716fd6901149d11de675b-p1,de2f388db6027d874119e19f1074f080,3675,2017-11-07T04:31:13+00:00,83f8bb6ef68716fd6901149d11de675b,,,False,,"{""payment_type"": ""credit_card"", ""payment_sequential"": 1, ""payment_installments"": 1}"
89d8e27be3cad1ed7780fd7838ef2b0d-p1,2685d4322702a9078fd677ad64566dcb,10355,2017-11-07T05:31:27+00:00,89d8e27be3cad1ed7780fd7838ef2b0d,,,False,,"{""payment_type"": ""credit_card"", ""payment_sequential"": 1, ""payment_installments"": 1}"
6bca1e1153602e07db22966a5b800e9c-p1,214d4e74738e2c03bcb4f6bbe69a20bf,9924,2017-11-07T04:31:42+00:00,6bca1e1153602e07db22966a5b800e9c,,,False,,"{""payment_type"": ""credit_card"", ""payment_sequential"": 1, ""payment_installments"": 2}"
bc21fd56e19626007f06da1b7f7b6c39-p1,f5e127d63aa0dc285c7336c96d04f4a6,5377,2017-11-07T04:31:19+00:00,bc21fd56e19626007f06da1b7f7b6c39,,,False,,"{""payment_type"": ""credit_card"", ""payment_sequential"": 1, ""payment_installments"": 1}"
8568864766afc1fb05611b15e7f7f83e-p1,7b4d9a68fc8cb79d8bc35bed1d4d9ed5,15767,2017-11-07T05:31:35+00:00,8568864766afc1fb05611b15e7f7f83e,,,False,,"{""payment_type"": ""credit_card"", ""payment_sequential"": 1, ""payment_installments"": 2}"
936162f860c4a324b3885b223cfdf3a3-p1,bf62f39b275704a9bbd38fdffe10af45,7508,2017-11-07T05:32:14+00:00,936162f860c4a324b3885b223cfdf3a3,,,False,,"{""payment_type"": ""credit_card"", ""payment_sequential"": 1, ""payment_installments"": 4}"
ac5222f836286b33e7240030ad79d7c9-p1,eb8707b8661dab96edd562cd748e3d25,15668,2017-11-07T05:31:26+00:00,ac5222f836286b33e7240030ad79d7c9,,,False,,"{""payment_type"": ""credit_card"", ""payment_sequential"": 1, ""payment_installments"": 3}"
c2abe874b6f1922459cfee827c8f02f8-p1,9d96ad6d5b8b75dd83e9bd2da641e9a0,8257,2017-11-07T05:31:26+00:00,c2abe874b6f1922459cfee827c8f02f8,,,False,,"{""payment_type"": ""credit_card"", ""payment_sequential"": 1, ""payment_installments"": 6}"
9d35212c380ee3de4f561984fde8bc3f-p1,5d5ac1c01829be6245079d47754087af,18060,2017-11-07T05:32:22+00:00,9d35212c380ee3de4f561984fde8bc3f,,,False,,"{""payment_type"": ""credit_card"", ""payment_sequential"": 1, ""payment_installments"": 5}"
cdddbaf91f8abd761e51c7d5f035695b-p1,d8a89dc47bde7dc0b83a3434cc017ee1,25404,2017-11-07T05:31:18+00:00,cdddbaf91f8abd761e51c7d5f035695b,,,False,,"{""payment_type"": ""credit_card"", ""payment_sequential"": 1, ""payment_installments"": 10}"
1f43faaaec9d571cead8f6591ff97315-p1,ec029cf7407b885488d9268c18a0651f,16177,2017-11-07T05:31:57+00:00,1f43faaaec9d571cead8f6591ff97315,,,False,,"{""payment_type"": ""credit_card"", ""payment_sequential"": 1, ""payment_installments"": 4}"
33d1caa11447f543a41df84bd30a0568-p1,b86b13f832d20a80daac6a473cb62457,8523,2017-11-07T05:31:33+00:00,33d1caa11447f543a41df84bd30a0568,,,False,,"{""payment_type"": ""credit_card"", ""payment_sequential"": 1, ""payment_installments"": 3}"
a009ada42a46d83328c627c1ffc57f56-p1,2c6a91479a7dc00d8c9d650d8dee88ca,6101,2017-11-07T05:31:26+00:00,a009ada42a46d83328c627c1ffc57f56,,,False,,"{""payment_type"": ""credit_card"", ""payment_sequential"": 1, ""payment_installments"": 2}"
a4103c7de9d3906670a7ee8b5816788e-p1,9721502e392ede0ba494d605b89dedba,17663,2017-11-07T05:31:35+00:00,a4103c7de9d3906670a7ee8b5816788e,,,False,,"{""payment_type"": ""credit_card"", ""payment_sequential"": 1, ""payment_installments"": 3}"
80092307dc8a515d508a93a24516a62e-p1,6d1d129c5d436ab5291628643ca34343,8624,2017-11-07T07:30:32+00:00,80092307dc8a515d508a93a24516a62e,,,False,,"{""payment_type"": ""boleto"", ""payment_sequential"": 1, ""payment_installments"": 1}"
6fff8d853d0647fc94776d0cfac0dc79-p1,b1fd7f78dc2341d5bede5ecf7dc953cc,2669,2017-11-07T07:30:43+00:00,6fff8d853d0647fc94776d0cfac0dc79,,,False,,"{""payment_type"": ""boleto"", ""payment_sequential"": 1, ""payment_installments"": 1}"
aa58786ae7761db159be7c5bd27ee68a-p1,95f11049c0e67e9e65edbd1bd220223b,12369,2017-11-07T05:32:22+00:00,aa58786ae7761db159be7c5bd27ee68a,,,False,,"{""payment_type"": ""credit_card"", ""payment_sequential"": 1, ""payment_installments"": 4}"
ed712eeb5678e9923b98f99407110d9d-p1,a3f7e1a9311dac0970c1bb2dd47c9a2b,49152,2017-11-07T05:31:31+00:00,ed712eeb5678e9923b98f99407110d9d,,,False,,"{""payment_type"": ""credit_card"", ""payment_sequential"": 1, ""payment_installments"": 5}"
06661c686ea79767c8ab8b8ffa3e62fd-p1,b647de9a726557749e15366078e10172,5327,2017-11-07T05:31:18+00:00,06661c686ea79767c8ab8b8ffa3e62fd,,,False,,"{""payment_type"": ""credit_card"", ""payment_sequential"": 1, ""payment_installments"": 4}"
54dac781d5d1b670cad7b3a9445c339c-p1,8909a7693ff3690ba586a5c17a09b3c5,3875,2017-11-07T06:31:26+00:00,54dac781d5d1b670cad7b3a9445c339c,,,False,,"{""payment_type"": ""credit_card"", ""payment_sequential"": 1, ""payment_installments"": 3}"
a9ad04772c6cf0d63efb9444ea80bbaa-p1,8291b8ed19153d9a5963404db18ece91,7933,2017-11-07T05:32:22+00:00,a9ad04772c6cf0d63efb9444ea80bbaa,,,False,,"{""payment_type"": ""credit_card"", ""payment_sequential"": 1, ""payment_installments"": 4}"
4b8a2d2dde058d83b31fa4f3d9ed88d8-p1,0302cb107f96a675ad5ec12fdb72635d,8341,2017-11-07T06:31:26+00:00,4b8a2d2dde058d83b31fa4f3d9ed88d8,,,False,,"{""payment_type"": ""credit_card"", ""payment_sequential"": 1, ""payment_installments"": 3}"
90b0ca32bb968251ac0b7eeb5393b7fe-p1,2e88baab9c2ef8e9e915a90d0c7fb5ae,14668,2017-11-08T03:26:50+00:00,90b0ca32bb968251ac0b7eeb5393b7fe,,,False,,"{""payment_type"": ""boleto"", ""payment_sequential"": 1, ""payment_installments"": 1}"
4e5fc24885f6bdf62a3179c0b6fd302e-p1,5d7f220dd3cd7c3cf75aac537076c60a,9098,2017-11-07T23:10:56+00:00,4e5fc24885f6bdf62a3179c0b6fd302e,,,False,,"{""payment_type"": ""credit_card"", ""payment_sequential"": 1, ""payment_installments"": 1}"
074e803978094c38b91ddd375ee6ca69-p1,5635216314a6c805bd733cbbf6d777b4,9901,2017-11-07T05:31:29+00:00,074e803978094c38b91ddd375ee6ca69,,,False,,"{""payment_type"": ""credit_card"", ""payment_sequential"": 1, ""payment_installments"": 9}"
8b62c0757b9c458179c29c2ea24c7886-p1,aaa3bb03f41b0d1717519d6752df97c1,11010,2017-11-08T15:10:35+00:00,8b62c0757b9c458179c29c2ea24c7886,,,False,,"{""payment_type"": ""credit_card"", ""payment_sequential"": 1, ""payment_installments"": 1}"
68032d83f60d0cff0f79fd0aff398f29-p1,940f79613f505ade14e5954470d25660,9970,2017-11-08T03:50:27+00:00,68032d83f60d0cff0f79fd0aff398f29,,,False,,"{""payment_type"": ""boleto"", ""payment_sequential"": 1, ""payment_installments"": 1}"
1844fd8d65bd9bd25e11e301dd99dc4a-p1,90e28a883386c71de943515d91f72a39,20863,2017-11-07T06:31:15+00:00,1844fd8d65bd9bd25e11e301dd99dc4a,,,False,,"{""payment_type"": ""credit_card"", ""payment_sequential"": 1, ""payment_installments"": 3}"
12aba4fdeb04e5cca1132f86f2bda749-p1,aee5f6629ae32b0042736c75b6e67368,12692,2017-11-07T06:31:17+00:00,12aba4fdeb04e5cca1132f86f2bda749,,,False,,"{""payment_type"": ""voucher"", ""payment_sequential"": 1, ""payment_installments"": 1}"
b2db15e922c61cffddb3d11773125084-p1,269404584333ceb567d7ffa0c068699d,26751,2017-11-08T01:26:18+00:00,b2db15e922c61cffddb3d11773125084,,,False,,"{""payment_type"": ""credit_card"", ""payment_sequential"": 1, ""payment_installments"": 5}"
42eac028466118a879151bd1ad4c2acd-p1,f365eaab05cff577be2283c5296978c0,18151,2017-11-07T06:31:29+00:00,42eac028466118a879151bd1ad4c2acd,,,False,,"{""payment_type"": ""credit_card"", ""payment_sequential"": 1, ""payment_installments"": 5}"
caac6605538949c162e1301b3280177e-p1,c50984e329b68d48f871999e8b9a6db7,12883,2017-11-08T03:26:55+00:00,caac6605538949c162e1301b3280177e,,,False,,"{""payment_type"": ""boleto"", ""payment_sequential"": 1, ""payment_installments"": 1}"
a3757e2e2fc596f02ee3b55323c6a67c-p1,0fd39b61ec94864f92e18e5d7144bc6c,6410,2017-11-07T06:31:21+00:00,a3757e2e2fc596f02ee3b55323c6a67c,,,False,,"{""payment_type"": ""credit_card"", ""payment_sequential"": 1, ""payment_installments"": 6}"
16fda78951899265f9a26ab3c5f17c4c-p1,9589981c026da7bc1ea6ad3d6380ed23,26940,2017-11-07T06:31:23+00:00,16fda78951899265f9a26ab3c5f17c4c,,,False,,"{""payment_type"": ""credit_card"", ""payment_sequential"": 1, ""payment_installments"": 3}"
20020569f2b852ebd114b1373fb82aa0-p1,8a36caf2ed634c8838b1f679359bec97,10426,2017-11-07T06:31:17+00:00,20020569f2b852ebd114b1373fb82aa0,,,False,,"{""payment_type"": ""credit_card"", ""payment_sequential"": 1, ""payment_installments"": 10}"
bfa5a8f656b7dc663c21308b0bc39212-p1,01531f72337b960a58cdba9c94e96d1a,4410,2017-11-08T03:35:38+00:00,bfa5a8f656b7dc663c21308b0bc39212,,,False,,"{""payment_type"": ""boleto"", ""payment_sequential"": 1, ""payment_installments"": 1}"
b974b0392e8168e425f77abccf5563a4-p1,369f99c790405f8aa32ba167bf3fdfb2,3084,2017-11-07T06:31:19+00:00,b974b0392e8168e425f77abccf5563a4,,,False,,"{""payment_type"": ""credit_card"", ""payment_sequential"": 1, ""payment_installments"": 3}"
02c371100bf54facae80322579c7fefb-p1,57687546c853c106a30036e7c483dc7d,5924,2017-11-07T06:31:37+00:00,02c371100bf54facae80322579c7fefb,,,False,,"{""payment_type"": ""credit_card"", ""payment_sequential"": 1, ""payment_installments"": 1}"
bcdc8da39b779f95c0542643fa9beea7-p1,d2849832d839524a7d36a391434ac16e,26142,2017-11-07T07:30:29+00:00,bcdc8da39b779f95c0542643fa9beea7,,,False,,"{""payment_type"": ""credit_card"", ""payment_sequential"": 1, ""payment_installments"": 2}"
5e539665f1f68fe6afeedd57ecf888ab-p1,7f2a3dc84179df69e42a45f5a9a7d6b1,17126,2017-11-07T09:30:56+00:00,5e539665f1f68fe6afeedd57ecf888ab,,,False,,"{""payment_type"": ""credit_card"", ""payment_sequential"": 1, ""payment_installments"": 1}"
6e68db908b8a2902c4f8309e1c1cbe3f-p1,b83753cbd6fece26b5ce9a32267d2462,51470,2017-11-07T08:45:58+00:00,6e68db908b8a2902c4f8309e1c1cbe3f,,,False,,"{""payment_type"": ""credit_card"", ""payment_sequential"": 1, ""payment_installments"": 8}"
421266486e0fff23de13b5302127280e-p1,04370c96850ca795aa0c01a7c57dd1a6,11817,2017-11-09T04:31:19+00:00,421266486e0fff23de13b5302127280e,,,False,,"{""payment_type"": ""boleto"", ""payment_sequential"": 1, ""payment_installments"": 1}"
ec229847c1c5cf6fb15ad56753ee00ab-p1,b63103e7e7a35aba509576b116bad9c3,9995,2017-11-07T09:30:58+00:00,ec229847c1c5cf6fb15ad56753ee00ab,,,False,,"{""payment_type"": ""credit_card"", ""payment_sequential"": 1, ""payment_installments"": 4}"
785bbdf4b0c361c38da0f5d3dc5cc14d-p1,a5ef8e6ba939abfac503451bf8a0759c,19334,2017-11-07T09:06:08+00:00,785bbdf4b0c361c38da0f5d3dc5cc14d,,,False,,"{""payment_type"": ""credit_card"", ""payment_sequential"": 1, ""payment_installments"": 1}"
cacc1fb58a377d93574c303d6c901986-p1,8bd394096fe3c0b6536a35812de0f403,3635,2017-11-07T09:06:11+00:00,cacc1fb58a377d93574c303d6c901986,,,False,,"{""payment_type"": ""credit_card"", ""payment_sequential"": 1, ""payment_installments"": 1}"
2bf0bf5cbf38b387798a9143e05d4c2c-p1,b246b9430aa5bf06109d85f7409eb902,2068,2017-11-08T03:46:05+00:00,2bf0bf5cbf38b387798a9143e05d4c2c,,,False,,"{""payment_type"": ""boleto"", ""payment_sequential"": 1, ""payment_installments"": 1}"
e09f44857c4f24c72e4a6efd07aef776-p1,ca1448701a463d1ae2c115bfc89fc2f1,5500,2017-11-08T03:55:30+00:00,e09f44857c4f24c72e4a6efd07aef776,,,False,,"{""payment_type"": ""boleto"", ""payment_sequential"": 1, ""payment_installments"": 1}"
b0ff49d6e778f78efe9eb70252a367d4-p1,6226735364f81ba783e917c9b4b941f7,30842,2017-11-08T09:10:28+00:00,b0ff49d6e778f78efe9eb70252a367d4,,,False,,"{""payment_type"": ""credit_card"", ""payment_sequential"": 1, ""payment_installments"": 6}"
c6174e20db037528301ee8eaf325a469-p1,6eff1cd9cc7f4dde6e1cbb679e219a50,23570,2017-11-07T09:35:32+00:00,c6174e20db037528301ee8eaf325a469,,,False,,"{""payment_type"": ""credit_card"", ""payment_sequential"": 1, ""payment_installments"": 3}"
9d27b66cd7dfe58587bd778c83c4d5a1-p1,637ce5e0131db1f083a9996a8dfc3b2b,5760,2017-11-07T09:55:32+00:00,9d27b66cd7dfe58587bd778c83c4d5a1,,,False,,"{""payment_type"": ""credit_card"", ""payment_sequential"": 1, ""payment_installments"": 2}"
a7a623c645c38ce143105be339a3781e-p1,66d37fee8c1d4294327a9d54a7404138,9430,2017-11-07T10:06:40+00:00,a7a623c645c38ce143105be339a3781e,,,False,,"{""payment_type"": ""credit_card"", ""payment_sequential"": 1, ""payment_installments"": 4}"
336b52cd186d8ef3e54daf969943e0da-p1,0b4a0719cfa52fe0f2de1fe8c10fa0b5,22793,2017-11-08T07:10:28+00:00,336b52cd186d8ef3e54daf969943e0da,,,False,,"{""payment_type"": ""credit_card"", ""payment_sequential"": 1, ""payment_installments"": 10}"
af8b2f03e1bfa7e0b86ed73ac5653938-p1,c18f0ac19217b1a23f563cc1968c499f,9466,2017-11-07T10:06:42+00:00,af8b2f03e1bfa7e0b86ed73ac5653938,,,False,,"{""payment_type"": ""credit_card"", ""payment_sequential"": 1, ""payment_installments"": 2}"
5e4ffcfc6e50a0ff6311ad87a727280f-p1,167d383796431b64c2272cc414b9633b,16550,2017-11-07T10:10:47+00:00,5e4ffcfc6e50a0ff6311ad87a727280f,,,False,,"{""payment_type"": ""credit_card"", ""payment_sequential"": 1, ""payment_installments"": 5}"
b71f2bcb304134cd03bb33a3f86a5a46-p1,87f0e5d5fbf0dfb671baf8ccd87b5c66,4438,2017-11-07T10:30:31+00:00,b71f2bcb304134cd03bb33a3f86a5a46,,,False,,"{""payment_type"": ""credit_card"", ""payment_sequential"": 1, ""payment_installments"": 4}"
aa94d94e210dc2b7a49812d3d82bb516-p1,c48466ed1f411eed0a0798f2388ccaf4,8418,2017-11-07T10:30:58+00:00,aa94d94e210dc2b7a49812d3d82bb516,,,False,,"{""payment_type"": ""credit_card"", ""payment_sequential"": 1, ""payment_installments"": 1}"
965f57ad446a9d190bec51db7f0fd8b5-p1,e83a792a0d5847ad8bcb2d9fd206fa87,4334,2017-11-07T10:31:10+00:00,965f57ad446a9d190bec51db7f0fd8b5,,,False,,"{""payment_type"": ""credit_card"", ""payment_sequential"": 1, ""payment_installments"": 2}"
10d5a1a31235b677b2d8856b22ba79fa-p1,76fe66b3ce1eec54d618b0e23161c69c,16365,2017-11-07T10:35:37+00:00,10d5a1a31235b677b2d8856b22ba79fa,,,False,,"{""payment_type"": ""credit_card"", ""payment_sequential"": 1, ""payment_installments"": 6}"
80603ff81081f5b1afa87c01e8cf490e-p1,e511245e5b0f82d2619cd33c726e810b,6085,2017-11-07T10:46:14+00:00,80603ff81081f5b1afa87c01e8cf490e,,,False,,"{""payment_type"": ""credit_card"", ""payment_sequential"": 1, ""payment_installments"": 1}"
05fdfff95f5ea9ee431961288fce4e0c-p1,d9ffaef986305a5a589b198d8568f211,15852,2017-11-07T10:55:49+00:00,05fdfff95f5ea9ee431961288fce4e0c,,,False,,"{""payment_type"": ""credit_card"", ""payment_sequential"": 1, ""payment_installments"": 1}"
838182c127d317f0eca3ea49a529146d-p1,3f5534bf8c9378ee05b7dd684cb20e8a,7315,2017-11-07T10:55:52+00:00,838182c127d317f0eca3ea49a529146d,,,False,,"{""payment_type"": ""credit_card"", ""payment_sequential"": 1, ""payment_installments"": 2}"
2042b08cf14adb53b8c4c1189d162375-p1,27994d62e7ec39656f6c8b2c39a19431,6196,2017-11-07T11:15:29+00:00,2042b08cf14adb53b8c4c1189d162375,,,False,,"{""payment_type"": ""credit_card"", ""payment_sequential"": 1, ""payment_installments"": 1}"
abb76549f54fa02e04e1d3da5e8f3cce-p1,3e00bcc9aa892a783fe0ef73a02b6686,5082,2017-11-09T04:31:05+00:00,abb76549f54fa02e04e1d3da5e8f3cce,,,False,,"{""payment_type"": ""boleto"", ""payment_sequential"": 1, ""payment_installments"": 1}"
2447371e2d56b6efd605d73aff766657-p1,eaa475564576403a32ab075f36755a11,12090,2017-11-09T08:26:17+00:00,2447371e2d56b6efd605d73aff766657,,,False,,"{""payment_type"": ""credit_card"", ""payment_sequential"": 1, ""payment_installments"": 1}"
d540bc0befa1449d8763e87cd48655c2-p1,0b209d54ce95005e6dd01239d4146ec2,19840,2017-11-07T11:46:47+00:00,d540bc0befa1449d8763e87cd48655c2,,,False,,"{""payment_type"": ""debit_card"", ""payment_sequential"": 1, ""payment_installments"": 1}"
31a8e53226ace9a58aef6b76fab4ff4d-p1,229ceec915e6e4a4f87225031ca010f8,5460,2017-11-07T12:10:44+00:00,31a8e53226ace9a58aef6b76fab4ff4d,,,False,,"{""payment_type"": ""credit_card"", ""payment_sequential"": 1, ""payment_installments"": 5}"
2065ad549db75287b04797d276d50564-p1,81dea9a8d236dcc15823cc53f0eff2bf,34455,2017-11-07T12:30:33+00:00,2065ad549db75287b04797d276d50564,,,False,,"{""payment_type"": ""credit_card"", ""payment_sequential"": 1, ""payment_installments"": 5}"
9eed56c2c8e96a33f6f266f2437d0897-p1,cdf5eab044412e953f612ae5ef37a21d,3769,2017-11-07T12:30:32+00:00,9eed56c2c8e96a33f6f266f2437d0897,,,False,,"{""payment_type"": ""credit_card"", ""payment_sequential"": 1, ""payment_installments"": 3}"
61fc26d9061aa8b8d2863403ac6f800c-p1,c8d290f02486b6ce9c184950b92334a8,14868,2017-11-07T12:46:16+00:00,61fc26d9061aa8b8d2863403ac6f800c,,,False,,"{""payment_type"": ""credit_card"", ""payment_sequential"": 1, ""payment_installments"": 8}"
3c6567af72eb974d49691311ce6b0a83-p1,e765ef66654cfd874784b36c7d0040a2,6085,2017-11-07T12:35:23+00:00,3c6567af72eb974d49691311ce6b0a83,,,False,,"{""payment_type"": ""credit_card"", ""payment_sequential"": 1, ""payment_installments"": 2}"
ffce02d92a959d8894c8568d7a0f6435-p1,18fe8848721297d7931b46ff9e6c4bfb,6702,2017-11-08T03:50:25+00:00,ffce02d92a959d8894c8568d7a0f6435,,,False,,"{""payment_type"": ""boleto"", ""payment_sequential"": 1, ""payment_installments"": 1}"
6c6b9c17b42386d2ebd32f39c03104ad-p1,87e4174511608b3c3c252e87fd74c0de,4927,2017-11-07T12:50:51+00:00,6c6b9c17b42386d2ebd32f39c03104ad,,,False,,"{""payment_type"": ""credit_card"", ""payment_sequential"": 1, ""payment_installments"": 1}"
cae8bf54a0ecd79376aac899679de154-p1,f8654118fdfe85e9e286165ac2f7f66a,6107,2017-11-07T12:50:18+00:00,cae8bf54a0ecd79376aac899679de154,,,False,,"{""payment_type"": ""credit_card"", ""payment_sequential"": 1, ""payment_installments"": 1}"
22fe58e8a8084630f52ce3fbb02c9ac1-p1,ae6ebd1ea96fc64aaa3e0b502b92bf9c,23052,2017-11-07T12:50:39+00:00,22fe58e8a8084630f52ce3fbb02c9ac1,,,False,,"{""payment_type"": ""credit_card"", ""payment_sequential"": 1, ""payment_installments"": 3}"
35b8813b39f533c1ed224ab90b5cd609-p1,ac4608633d6d8d850b874a1a7d17de4c,4771,2017-11-07T12:57:12+00:00,35b8813b39f533c1ed224ab90b5cd609,,,False,,"{""payment_type"": ""credit_card"", ""payment_sequential"": 1, ""payment_installments"": 1}"
588c0e3b460d83b9cd8a270edc0f4da0-p1,700a5f7e65dfd8b3fb6be10dff7e1065,20420,2017-11-08T13:55:55+00:00,588c0e3b460d83b9cd8a270edc0f4da0,,,False,,"{""payment_type"": ""boleto"", ""payment_sequential"": 1, ""payment_installments"": 1}"
e2fd3a04faecd73308b8d940dc3ab303-p1,cde21887e86a254eab4799aec212b7b7,67501,2017-11-08T19:31:06+00:00,e2fd3a04faecd73308b8d940dc3ab303,,,False,,"{""payment_type"": ""credit_card"", ""payment_sequential"": 1, ""payment_installments"": 10}"
d63a97a769887faf8e6c810cba555ebc-p1,62c54bb25534d79bbbd52c3d9de4c1bc,15712,2017-11-07T13:15:40+00:00,d63a97a769887faf8e6c810cba555ebc,,,False,,"{""payment_type"": ""credit_card"", ""payment_sequential"": 1, ""payment_installments"": 7}"
4ab68bc41831caca906e6bdb5c94235c-p1,8e2d83373060244a2767c06b7b4e7a66,25994,2017-11-07T13:26:33+00:00,4ab68bc41831caca906e6bdb5c94235c,,,False,,"{""payment_type"": ""credit_card"", ""payment_sequential"": 1, ""payment_installments"": 5}"
2be5c054b376cfbf66ca1842a48b365e-p1,1fc82729e465372e65390083c1ff22fe,7757,2017-11-07T13:55:24+00:00,2be5c054b376cfbf66ca1842a48b365e,,,False,,"{""payment_type"": ""credit_card"", ""payment_sequential"": 1, ""payment_installments"": 5}"
40969a63dab14f62173be9affecb17d4-p1,353ec5031b3cf8a8011bf0e43260ffef,25073,2017-11-07T14:10:27+00:00,40969a63dab14f62173be9affecb17d4,,,False,,"{""payment_type"": ""credit_card"", ""payment_sequential"": 1, ""payment_installments"": 8}"
cd25a7c65029c84ae2f9ff0e4b968d0e-p1,42e35f263bfc894dd0d9a3114c608b9f,14008,2017-11-07T14:15:51+00:00,cd25a7c65029c84ae2f9ff0e4b968d0e,,,False,,"{""payment_type"": ""credit_card"", ""payment_sequential"": 1, ""payment_installments"": 5}"
92b30d7bdeeac47d9fdea335ae0536b4-p1,2b2d0c9e11b425a1722f121e8031ee7f,40535,2017-11-08T03:46:19+00:00,92b30d7bdeeac47d9fdea335ae0536b4,,,False,,"{""payment_type"": ""boleto"", ""payment_sequential"": 1, ""payment_installments"": 1}"
7743b506a4c2e87e3f5af919334ea71a-p1,a3d0d7369347537badfd5baa917348db,22571,2017-11-07T14:30:47+00:00,7743b506a4c2e87e3f5af919334ea71a,,,False,,"{""payment_type"": ""credit_card"", ""payment_sequential"": 1, ""payment_installments"": 4}"
47d3007b20e49d9119fabdb9237374c5-p1,f6d542c63daee6bf582e288e075a8f32,2809,2017-11-09T04:31:14+00:00,47d3007b20e49d9119fabdb9237374c5,,,False,,"{""payment_type"": ""boleto"", ""payment_sequential"": 1, ""payment_installments"": 1}"
efe34eef7701ffb344c58af77b116019-p1,bd810a9ad3e742094af678699a265574,16580,2017-11-08T03:26:51+00:00,efe34eef7701ffb344c58af77b116019,,,False,,"{""payment_type"": ""boleto"", ""payment_sequential"": 1, ""payment_installments"": 1}"
fa715569a8d11944307ce94d3413e902-p1,fad3c89098c5e008e93d79dc390a16ea,15514,2017-11-07T15:07:32+00:00,fa715569a8d11944307ce94d3413e902,,,False,,"{""payment_type"": ""boleto"", ""payment_sequential"": 1, ""payment_installments"": 1}"
cf93d49a9e8e671eb28c9eab24cf0f39-p1,851eefea71a07755f017e75fae31f2fd,4768,2017-11-07T14:51:07+00:00,cf93d49a9e8e671eb28c9eab24cf0f39,,,False,,"{""payment_type"": ""credit_card"", ""payment_sequential"": 1, ""payment_installments"": 1}"
cd58ddbc1336b4ab573d786234c1245d-p1,a1e8f99ab1bf0d38a945e84ad1431fe2,16229,2017-11-07T15:16:13+00:00,cd58ddbc1336b4ab573d786234c1245d,,,False,,"{""payment_type"": ""credit_card"", ""payment_sequential"": 1, ""payment_installments"": 1}"
ce3397e3e383fc93adefff9aa6a9aa7b-p1,ca038431c2e790746c08570871870889,9728,2017-11-09T04:31:15+00:00,ce3397e3e383fc93adefff9aa6a9aa7b,,,False,,"{""payment_type"": ""boleto"", ""payment_sequential"": 1, ""payment_installments"": 1}"
7b368eab51e8752cd22b7a851e8be248-p1,aff6957885833ad8da7dc66469836773,1875,2017-11-07T15:31:00+00:00,7b368eab51e8752cd22b7a851e8be248,,,False,,"{""payment_type"": ""voucher"", ""payment_sequential"": 1, ""payment_installments"": 1}"
d9a7926047f158ca6ab53261baaef77b-p1,d03ef07218f01af47507ef451e478ffe,5500,2017-11-08T03:26:39+00:00,d9a7926047f158ca6ab53261baaef77b,,,False,,"{""payment_type"": ""boleto"", ""payment_sequential"": 1, ""payment_installments"": 1}"
cbd8116a714dcdfd07755c3dd1cb6e1b-p1,44f203d7ebae3a4c784d30ccb45b20a3,11785,2017-11-07T15:50:35+00:00,cbd8116a714dcdfd07755c3dd1cb6e1b,,,False,,"{""payment_type"": ""credit_card"", ""payment_sequential"": 1, ""payment_installments"": 8}"
32c75dfb830b25a968cfd39e54d315a3-p1,d29d20c2b98be8a4cdfb197a5e0a391d,10463,2017-11-07T15:50:30+00:00,32c75dfb830b25a968cfd39e54d315a3,,,False,,"{""payment_type"": ""credit_card"", ""payment_sequential"": 1, ""payment_installments"": 1}"
4c3c77b27f585da8c9e4629aba2f7817-p1,452cbd8b8bde0d91625ee847c9192da9,29673,2017-11-07T15:55:38+00:00,4c3c77b27f585da8c9e4629aba2f7817,,,False,,"{""payment_type"": ""credit_card"", ""payment_sequential"": 1, ""payment_installments"": 7}"
7c1bc8447c240b37b3ce9222a1daf420-p1,443ab4f989f1ee12c26f675dea465bb4,4672,2017-11-07T16:07:58+00:00,7c1bc8447c240b37b3ce9222a1daf420,,,False,,"{""payment_type"": ""credit_card"", ""payment_sequential"": 1, ""payment_installments"": 4}"
7df0f938e1ed850fcc16e29882f872f7-p1,8c17fce83254376c3d3cbbea68f116d2,19450,2017-11-07T17:10:35+00:00,7df0f938e1ed850fcc16e29882f872f7,,,False,,"{""payment_type"": ""debit_card"", ""payment_sequential"": 1, ""payment_installments"": 1}"
3eda68d81b3be569f9e35651a18c8215-p1,6f37b095c7a94e5a6356230e2f337dd6,3962,2017-11-09T05:31:36+00:00,3eda68d81b3be569f9e35651a18c8215,,,False,,"{""payment_type"": ""boleto"", ""payment_sequential"": 1, ""payment_installments"": 1}"
f046d54c32beae04f22c7f3232425f54-p1,7903689bafe7ce39335eaf8db300dc76,6663,2017-11-07T16:21:15+00:00,f046d54c32beae04f22c7f3232425f54,,,False,,"{""payment_type"": ""credit_card"", ""payment_sequential"": 1, ""payment_installments"": 3}"
ce9c02c63ccfd380ecd3ccf5e8894f96-p1,661d5fb4ba175a473be68268caed1651,6971,2017-11-07T16:35:26+00:00,ce9c02c63ccfd380ecd3ccf5e8894f96,,,False,,"{""payment_type"": ""credit_card"", ""payment_sequential"": 1, ""payment_installments"": 6}"
4a202e4c5b6dfa7f2f5f18c5d760b837-p1,74aca8cba124970ec7b909d592bef175,9398,2017-11-09T13:07:23+00:00,4a202e4c5b6dfa7f2f5f18c5d760b837,,,False,,"{""payment_type"": ""credit_card"", ""payment_sequential"": 1, ""payment_installments"": 8}"
23d7d115bb9da8cf6e38bc4824767e89-p1,b1770db9129bacc8c377c98a1ab14c73,16832,2017-11-09T04:31:06+00:00,23d7d115bb9da8cf6e38bc4824767e89,,,False,,"{""payment_type"": ""boleto"", ""payment_sequential"": 1, ""payment_installments"": 1}"
d172a1c2281047312e37b12be30a78b3-p1,5ad0e968609e6a0cfe73c6274efb7a27,40405,2017-11-08T16:47:27+00:00,d172a1c2281047312e37b12be30a78b3,,,False,,"{""payment_type"": ""credit_card"", ""payment_sequential"": 1, ""payment_installments"": 4}"
2f714aaa644b07c24034a4bcd08f14bb-p1,3fd88e8dcac55f1e51d6c70be672ed3d,9257,2017-11-07T16:50:47+00:00,2f714aaa644b07c24034a4bcd08f14bb,,,False,,"{""payment_type"": ""credit_card"", ""payment_sequential"": 1, ""payment_installments"": 6}"
f063433055bc159629f5b86f7d86dc38-p1,998053f7d066301a9fa0f6e884046056,5159,2017-11-07T16:56:00+00:00,f063433055bc159629f5b86f7d86dc38,,,False,,"{""payment_type"": ""credit_card"", ""payment_sequential"": 1, ""payment_installments"": 1}"
3ad9ae84ca65db282ae34e9c9aeeaf7c-p1,00adeda9b742746c0c66e10d00ea1b74,214840,2017-11-07T17:06:43+00:00,3ad9ae84ca65db282ae34e9c9aeeaf7c,,,False,,"{""payment_type"": ""credit_card"", ""payment_sequential"": 1, ""payment_installments"": 10}"
965836ffb754e3f45c8734a2baea5978-p1,677dfc9b7b34e53c11278c25dbc22709,3277,2017-11-07T17:10:32+00:00,965836ffb754e3f45c8734a2baea5978,,,False,,"{""payment_type"": ""credit_card"", ""payment_sequential"": 1, ""payment_installments"": 2}"
7b88b6206dd4a32a6d7301d8d6973303-p1,e5d0fb67add1702e8fdc93634910b5e8,15002,2017-11-07T17:16:17+00:00,7b88b6206dd4a32a6d7301d8d6973303,,,True,,"{""payment_type"": ""credit_card"", ""payment_sequential"": 1, ""payment_installments"": 1, ""fault_id"": ""D"", ""shortfall_centavos"": 512}"
cc2c9f065b80ba7b4e8e93ea34ce92ee-p1,a429bbde0a056a11524a63d5c8824d2f,3584,2017-11-07T17:26:59+00:00,cc2c9f065b80ba7b4e8e93ea34ce92ee,,,False,,"{""payment_type"": ""credit_card"", ""payment_sequential"": 1, ""payment_installments"": 1}"
f2c12c46401363b2f37ce6200b520ebf-p1,0ffff36c012096ead36aa8fe815337d4,10171,2017-11-09T04:31:15+00:00,f2c12c46401363b2f37ce6200b520ebf,,,False,,"{""payment_type"": ""boleto"", ""payment_sequential"": 1, ""payment_installments"": 1}"
cfbf015b7e4efd77c1a2ee7e337aea60-p1,e677e3ecf81af42f9bb403785fff0904,6804,2017-11-08T03:46:22+00:00,cfbf015b7e4efd77c1a2ee7e337aea60,,,False,,"{""payment_type"": ""boleto"", ""payment_sequential"": 1, ""payment_installments"": 1}"
37c784fc18298a8c578de2bf806fdcff-p1,6f884c366e43f1675025265af19b7612,7210,2017-11-08T03:26:37+00:00,37c784fc18298a8c578de2bf806fdcff,,,False,,"{""payment_type"": ""boleto"", ""payment_sequential"": 1, ""payment_installments"": 1}"
b5e39939f052dc1cecadca77caba8537-p1,fba83d1eacc91d190e85e16a920f0a0b,24232,2017-11-07T17:28:00+00:00,b5e39939f052dc1cecadca77caba8537,,,False,,"{""payment_type"": ""credit_card"", ""payment_sequential"": 1, ""payment_installments"": 10}"
7febb62dd1fd8962d1065fe5ffcacb01-p1,4cd1a7f6c61d7ef23f654bcc8d6476f1,5692,2017-11-07T19:15:30+00:00,7febb62dd1fd8962d1065fe5ffcacb01,,,False,,"{""payment_type"": ""credit_card"", ""payment_sequential"": 1, ""payment_installments"": 1}"
f56ab71ae65c4d4e1d599b5cf1fe3112-p1,5215a65efcc60e786eb268a4c01bcc6e,7585,2017-11-08T17:30:50+00:00,f56ab71ae65c4d4e1d599b5cf1fe3112,,,False,,"{""payment_type"": ""credit_card"", ""payment_sequential"": 1, ""payment_installments"": 3}"
3ab5bdee7463665002059afbc68144b3-p1,439f0525481a44b09ae940effded2fd7,5237,2017-11-09T05:31:33+00:00,3ab5bdee7463665002059afbc68144b3,,,False,,"{""payment_type"": ""boleto"", ""payment_sequential"": 1, ""payment_installments"": 1}"
1b7ba6dcf0d91fbae34880a3645e4587-p1,4a43ababa4b9ea24697b695514415527,10616,2017-11-07T17:51:19+00:00,1b7ba6dcf0d91fbae34880a3645e4587,,,False,,"{""payment_type"": ""credit_card"", ""payment_sequential"": 1, ""payment_installments"": 8}"
28fc0d248a5ef452303f981578647658-p1,b5e4462426d75ffafaf0b1a6c912b257,9430,2017-11-07T17:50:50+00:00,28fc0d248a5ef452303f981578647658,,,False,,"{""payment_type"": ""credit_card"", ""payment_sequential"": 1, ""payment_installments"": 4}"
cae7f688f0b9d0434704105de18ae326-p1,dce74c1dd36580049757d8ba40aeb115,8776,2017-11-07T17:55:33+00:00,cae7f688f0b9d0434704105de18ae326,,,False,,"{""payment_type"": ""credit_card"", ""payment_sequential"": 1, ""payment_installments"": 4}"
3f31568dd41d3ddbffcf00a0f0179dc9-p1,cc83350a9ee5b12f4df0a64860ef5d07,7279,2017-11-07T17:56:08+00:00,3f31568dd41d3ddbffcf00a0f0179dc9,,,False,,"{""payment_type"": ""credit_card"", ""payment_sequential"": 1, ""payment_installments"": 7}"
985106d37edb11c738adc8e8b9fbed01-p1,d2ebf7e1ac744c96ba6e3a80e466518f,10819,2017-11-07T18:11:57+00:00,985106d37edb11c738adc8e8b9fbed01,,,False,,"{""payment_type"": ""credit_card"", ""payment_sequential"": 1, ""payment_installments"": 2}"
08906bb784f60b396fdf8fb1773c5e47-p1,a7657330b1c135f3acd420326e335b2c,14490,2017-11-07T18:15:50+00:00,08906bb784f60b396fdf8fb1773c5e47,,,False,,"{""payment_type"": ""credit_card"", ""payment_sequential"": 1, ""payment_installments"": 14}"
2ca41005a3320d2092abcc6b5456c8c6-p1,81b72ea18e532f09927886cfb8966ef1,71933,2017-11-08T03:26:39+00:00,2ca41005a3320d2092abcc6b5456c8c6,,,False,,"{""payment_type"": ""boleto"", ""payment_sequential"": 1, ""payment_installments"": 1}"
056f1217c54403f6300ea6b50f6716d5-p1,adb359c7a3a7d05971f87478bbafbe7f,7005,2017-11-07T18:30:53+00:00,056f1217c54403f6300ea6b50f6716d5,,,False,,"{""payment_type"": ""credit_card"", ""payment_sequential"": 1, ""payment_installments"": 1}"
970035ae7179b5efe6ad5c087f1da768-p1,42a2c164877a24a321720fe7bb31c1a1,6509,2017-11-07T19:00:20+00:00,970035ae7179b5efe6ad5c087f1da768,,,False,,"{""payment_type"": ""credit_card"", ""payment_sequential"": 1, ""payment_installments"": 3}"
e7c2a4bc576d34b0de11f0f0189184d8-p1,703ad0f8e84588554b834ea24c894ea5,14738,2017-11-08T07:06:08+00:00,e7c2a4bc576d34b0de11f0f0189184d8,,,False,,"{""payment_type"": ""credit_card"", ""payment_sequential"": 1, ""payment_installments"": 6}"
2430ed6f30289e7500af6662d22f14c1-p1,7747498b010895040e48fbeceabc0768,5439,2017-11-07T18:46:36+00:00,2430ed6f30289e7500af6662d22f14c1,,,False,,"{""payment_type"": ""credit_card"", ""payment_sequential"": 1, ""payment_installments"": 1}"
d646d163f7d7fceab2954628f695a033-p1,7430c8599914c7eabc07887a6edc1c6a,5505,2017-11-07T18:50:40+00:00,d646d163f7d7fceab2954628f695a033,,,False,,"{""payment_type"": ""credit_card"", ""payment_sequential"": 1, ""payment_installments"": 1}"
e7fed674bb29ac98193d392f363cfcf1-p2,5ec923ab8b42bee304595138015f7a47,3979,2017-11-07T18:56:00+00:00,e7fed674bb29ac98193d392f363cfcf1,,,False,,"{""payment_type"": ""voucher"", ""payment_sequential"": 2, ""payment_installments"": 1}"
e7fed674bb29ac98193d392f363cfcf1-p1,5ec923ab8b42bee304595138015f7a47,230,2017-11-07T18:56:00+00:00,e7fed674bb29ac98193d392f363cfcf1,,,False,,"{""payment_type"": ""credit_card"", ""payment_sequential"": 1, ""payment_installments"": 1}"
8797dc96576f93204dc46d189f4a724b-p1,8f04fef2dce91c11e36b75f180161620,15845,2017-11-07T18:55:33+00:00,8797dc96576f93204dc46d189f4a724b,,,False,,"{""payment_type"": ""credit_card"", ""payment_sequential"": 1, ""payment_installments"": 3}"
e3f50e1c357268aa977efcfc6043c79d-p2,be272c0ec875163253ca0a577ff4848f,13989,2017-11-07T19:45:59+00:00,e3f50e1c357268aa977efcfc6043c79d,,,False,,"{""payment_type"": ""voucher"", ""payment_sequential"": 2, ""payment_installments"": 1}"
e3f50e1c357268aa977efcfc6043c79d-p1,be272c0ec875163253ca0a577ff4848f,531,2017-11-07T19:45:59+00:00,e3f50e1c357268aa977efcfc6043c79d,,,False,,"{""payment_type"": ""credit_card"", ""payment_sequential"": 1, ""payment_installments"": 1}"
8de424d1353fe39adcd2d41a7d222369-p1,c515d225a46c74127e6f6cce939fead6,3678,2017-11-07T19:27:03+00:00,8de424d1353fe39adcd2d41a7d222369,,,False,,"{""payment_type"": ""credit_card"", ""payment_sequential"": 1, ""payment_installments"": 3}"
b65f0508b5b5fa22d363a4e5f2462553-p1,8b4c199a342397dfa923eafbd568df83,6486,2017-11-07T19:26:28+00:00,b65f0508b5b5fa22d363a4e5f2462553,,,False,,"{""payment_type"": ""credit_card"", ""payment_sequential"": 1, ""payment_installments"": 3}"
a066c85d1e1e9a456a370a161d07f4d7-p1,8424f8f0fa1628643859fd076e1019a6,17382,2017-11-07T19:46:02+00:00,a066c85d1e1e9a456a370a161d07f4d7,,,False,,"{""payment_type"": ""credit_card"", ""payment_sequential"": 1, ""payment_installments"": 1}"
3b7ddbdc4ef4c59cee4047a5fc2e49fe-p1,356da39c873d00bbc6a01feaaaea5726,17144,2017-11-07T19:50:53+00:00,3b7ddbdc4ef4c59cee4047a5fc2e49fe,,,False,,"{""payment_type"": ""credit_card"", ""payment_sequential"": 1, ""payment_installments"": 4}"
b4b9bb7dcd61983e42bcf0d13ab3f704-p1,bb94f621137b2052f1c3683d9ef3e48e,6093,2017-11-07T19:50:50+00:00,b4b9bb7dcd61983e42bcf0d13ab3f704,,,False,,"{""payment_type"": ""credit_card"", ""payment_sequential"": 1, ""payment_installments"": 1}"
02542d42d329f6514533eef3af91edf9-p1,1b61b6490c6d609224d6e8bb4bc415a4,15852,2017-11-07T19:51:15+00:00,02542d42d329f6514533eef3af91edf9,,,False,,"{""payment_type"": ""credit_card"", ""payment_sequential"": 1, ""payment_installments"": 2}"
1c020d85d867e13a69a2864fdd50e1f6-p1,b548b867f81bcfa918b0dfd616317e4f,4085,2017-11-07T19:50:58+00:00,1c020d85d867e13a69a2864fdd50e1f6,,,False,,"{""payment_type"": ""credit_card"", ""payment_sequential"": 1, ""payment_installments"": 2}"
48aaa0a6d934cf4a57020d72908f94cb-p1,5ce76a5803a4c02f25d6c133d9be2266,2775,2017-11-09T04:31:12+00:00,48aaa0a6d934cf4a57020d72908f94cb,,,False,,"{""payment_type"": ""boleto"", ""payment_sequential"": 1, ""payment_installments"": 1}"
0cdbe13c72545beca47c7843784129b4-p1,23e1e01cf6452c0b079b172465044559,7665,2017-11-08T19:30:50+00:00,0cdbe13c72545beca47c7843784129b4,,,False,,"{""payment_type"": ""credit_card"", ""payment_sequential"": 1, ""payment_installments"": 7}"
a073cf1c562686644bf7be677ad35b3d-p1,f56e9b265ee45f4184eed20e928bc55b,10616,2017-11-07T19:50:54+00:00,a073cf1c562686644bf7be677ad35b3d,,,False,,"{""payment_type"": ""credit_card"", ""payment_sequential"": 1, ""payment_installments"": 10}"
5cc6d864fa9e1a90eaf5207737549ffc-p1,9300ffeb6ecbaeb37ebdb2120a28e1aa,39624,2017-11-07T20:06:58+00:00,5cc6d864fa9e1a90eaf5207737549ffc,,,False,,"{""payment_type"": ""credit_card"", ""payment_sequential"": 1, ""payment_installments"": 1}"
1fda9a8d1632a5964c43fb8e64dbe3e3-p1,40317a394c047692f51599811ba5234c,15890,2017-11-09T04:31:17+00:00,1fda9a8d1632a5964c43fb8e64dbe3e3,,,False,,"{""payment_type"": ""boleto"", ""payment_sequential"": 1, ""payment_installments"": 1}"
fdb3f8e441b4613d2687df310f3dd318-p1,fcf285146acb98f615135944b2471b35,9923,2017-11-07T20:15:30+00:00,fdb3f8e441b4613d2687df310f3dd318,,,False,,"{""payment_type"": ""credit_card"", ""payment_sequential"": 1, ""payment_installments"": 2}"
7f9e8cb77e9702ff5d15ca7dbca58cc4-p3,041b7e4ea440a4636a6c77ca8397128c,2077,2017-11-07T20:26:17+00:00,7f9e8cb77e9702ff5d15ca7dbca58cc4,,,False,,"{""payment_type"": ""voucher"", ""payment_sequential"": 3, ""payment_installments"": 1}"
7f9e8cb77e9702ff5d15ca7dbca58cc4-p1,041b7e4ea440a4636a6c77ca8397128c,60,2017-11-07T20:26:17+00:00,7f9e8cb77e9702ff5d15ca7dbca58cc4,,,False,,"{""payment_type"": ""credit_card"", ""payment_sequential"": 1, ""payment_installments"": 1}"
7f9e8cb77e9702ff5d15ca7dbca58cc4-p2,041b7e4ea440a4636a6c77ca8397128c,7634,2017-11-07T20:26:17+00:00,7f9e8cb77e9702ff5d15ca7dbca58cc4,,,False,,"{""payment_type"": ""voucher"", ""payment_sequential"": 2, ""payment_installments"": 1}"
44561b17e20e18c835ffb61863a20b58-p1,a84f29c40d59b6527ca4c8ac8f8c87bc,5059,2017-11-07T21:07:04+00:00,44561b17e20e18c835ffb61863a20b58,,,False,,"{""payment_type"": ""debit_card"", ""payment_sequential"": 1, ""payment_installments"": 1}"
5d0ff76eec63f638ec17684c350fd3f2-p1,aaa346447b09efdc442a08b80e86d77a,10220,2017-11-07T20:35:21+00:00,5d0ff76eec63f638ec17684c350fd3f2,,,False,,"{""payment_type"": ""credit_card"", ""payment_sequential"": 1, ""payment_installments"": 4}"
0b8223a2d582ee50740baba714b65256-p1,68bda3e3fdb706aa1bea19deffba043a,38613,2017-11-09T16:07:16+00:00,0b8223a2d582ee50740baba714b65256,,,False,,"{""payment_type"": ""credit_card"", ""payment_sequential"": 1, ""payment_installments"": 5}"
14a827496bbb61022f55a1c4ca62ac60-p1,2ccfac3d2d47192d87f701dad23f82af,91405,2017-11-08T21:15:28+00:00,14a827496bbb61022f55a1c4ca62ac60,,,True,,"{""payment_type"": ""credit_card"", ""payment_sequential"": 1, ""payment_installments"": 2, ""fault_id"": ""E"", ""fee_pct"": 2.5, ""shortfall_centavos"": 2344}"
5b4e981913377d776f83cb4ffd82ad31-p1,05c53729b47c59ee7131cf59a3ea0de1,4467,2017-11-07T21:47:21+00:00,5b4e981913377d776f83cb4ffd82ad31,,,False,,"{""payment_type"": ""credit_card"", ""payment_sequential"": 1, ""payment_installments"": 4}"
bebd5d5cd84828e1958bb698ebb58665-p1,bf1756899b17c6f3771bf2436f86819b,7306,2017-11-07T21:46:49+00:00,bebd5d5cd84828e1958bb698ebb58665,,,False,,"{""payment_type"": ""credit_card"", ""payment_sequential"": 1, ""payment_installments"": 6}"
61fd474f23e735d729ba931e1c63b25d-p1,2c8360a0e6e2b719c070ff3a84179dc6,8892,2017-11-07T21:47:09+00:00,61fd474f23e735d729ba931e1c63b25d,,,False,,"{""payment_type"": ""credit_card"", ""payment_sequential"": 1, ""payment_installments"": 3}"
1bdc66f51db19484352427af89377129-p1,372fd0b0c5639c2ee48401110b6918f8,11636,2017-11-08T20:46:45+00:00,1bdc66f51db19484352427af89377129,,,False,,"{""payment_type"": ""credit_card"", ""payment_sequential"": 1, ""payment_installments"": 4}"
b3c0d30328473d54c9e53a0e9aa04aca-p1,49f6a7f15c818ee1638d4cfbb7cdc675,7981,2017-11-07T21:51:40+00:00,b3c0d30328473d54c9e53a0e9aa04aca,,,False,,"{""payment_type"": ""credit_card"", ""payment_sequential"": 1, ""payment_installments"": 5}"
605690e3394de4516b0c3646e06a9599-p1,b1cf8d49a04154f58aa89edd28a8bca2,7122,2017-11-07T21:50:57+00:00,605690e3394de4516b0c3646e06a9599,,,False,,"{""payment_type"": ""credit_card"", ""payment_sequential"": 1, ""payment_installments"": 1}"
cccd9de9d481ae418dd03dde0ca78106-p1,9d74adedec2d8b3f568c85f97e0563c5,28727,2017-11-07T21:51:41+00:00,cccd9de9d481ae418dd03dde0ca78106,,,False,,"{""payment_type"": ""credit_card"", ""payment_sequential"": 1, ""payment_installments"": 1}"
6c12026576c43985a49fc784c5e62b6b-p1,d2438db391aee59bac16f4a9d3825b9d,4774,2017-11-09T05:31:37+00:00,6c12026576c43985a49fc784c5e62b6b,,,False,,"{""payment_type"": ""boleto"", ""payment_sequential"": 1, ""payment_installments"": 1}"
2852b90d074ef46f6bf2f700a06ae7e6-p1,23007cd60dbe169d8bcd7be94cc6f123,16546,2017-11-08T21:06:24+00:00,2852b90d074ef46f6bf2f700a06ae7e6,,,False,,"{""payment_type"": ""credit_card"", ""payment_sequential"": 1, ""payment_installments"": 2}"
015dd4d6681d1d15c0afebef64a0a092-p1,1b49bd8407444b8155fc943866a0e645,12187,2017-11-07T21:52:25+00:00,015dd4d6681d1d150cafebef64a0a092,015dd4d6681d1d15c0afebef64a0a092,,True,,"{""payment_type"": ""credit_card"", ""payment_sequential"": 1, ""payment_installments"": 1, ""fault_id"": ""B""}"
2b87dec1483dfd58405fccd2a14321e7-p1,83cdc330e60ce1e1d06b76e1b4e91822,17432,2017-11-07T21:52:00+00:00,2b87dec1483dfd58405fccd2a14321e7,,,False,,"{""payment_type"": ""credit_card"", ""payment_sequential"": 1, ""payment_installments"": 1}"
bcca8157ee4f7b0cd2e0505b01764144-p1,b6f09a3b6557417c9175e038a17e6bca,16752,2017-11-07T21:51:27+00:00,bcca8157ee4f7b0cd2e0505b01764144,,,False,,"{""payment_type"": ""credit_card"", ""payment_sequential"": 1, ""payment_installments"": 1}"
a1febcd7f2bb8c5d385172a4fb4c7abe-p1,a49e0376009f52b244fc67052627ad6f,13015,2017-11-09T04:31:05+00:00,a1febcd7f2bb8c5d385172a4fb4c7abe,,,False,,"{""payment_type"": ""boleto"", ""payment_sequential"": 1, ""payment_installments"": 1}"
0c7c1a76995d6e6abffab973788b1992-p1,16558848a53e314a1cf4dab75bc5c0e0,16751,2017-11-07T21:51:20+00:00,0c7c1a76995d6e6abffab973788b1992,,,False,,"{""payment_type"": ""credit_card"", ""payment_sequential"": 1, ""payment_installments"": 9}"
8c344483ffcca752c510429c0923b85b-p1,782abc6e6455e4956e840d789d721505,7894,2017-11-07T21:51:28+00:00,8c344483ffcca752c510429c0923b85b,,,False,,"{""payment_type"": ""credit_card"", ""payment_sequential"": 1, ""payment_installments"": 3}"
21533e635256523fb56f1ce0d97439b9-p1,24e41e128621c84e494ed29699cacf7a,19857,2017-11-07T21:55:38+00:00,21533e635256523fb56f1ce0d97439b9,,,False,,"{""payment_type"": ""credit_card"", ""payment_sequential"": 1, ""payment_installments"": 10}"
a81be81673bee4a384c6b5468a606478-p1,eaa604ab9f816252edb7a8d297f932e5,21107,2017-11-07T21:55:36+00:00,a81be81673bee4a384c6b5468a606478,,,False,,"{""payment_type"": ""credit_card"", ""payment_sequential"": 1, ""payment_installments"": 3}"
a81be81673bee4a384c6b5468a606478-p2,eaa604ab9f816252edb7a8d297f932e5,50000,2017-11-07T21:55:36+00:00,a81be81673bee4a384c6b5468a606478,,,False,,"{""payment_type"": ""voucher"", ""payment_sequential"": 2, ""payment_installments"": 1}"
f45d992f8c9a6be367fa7fa47feb268d-p1,15bf4295fc50b9e09b674a2dbbdade10,11893,2017-11-07T22:09:08+00:00,f45d992f8c9a6be367fa7fa47feb268d,,,False,,"{""payment_type"": ""credit_card"", ""payment_sequential"": 1, ""payment_installments"": 2}"
cad74364289ac320e036ecf2a457c562-p1,1c7654b568e0413ca7b8f7a891d7b26b,7316,2017-11-07T22:11:05+00:00,cad74364289ac320e036ecf2a457c562,,,False,,"{""payment_type"": ""credit_card"", ""payment_sequential"": 1, ""payment_installments"": 7}"
2a528a8e3b4bcf1428e674b085ea5f65-p1,77bd7829971086faea89789d03b62381,4358,2017-11-07T22:11:07+00:00,2a528a8e3b4bcf1428e674b085ea5f65,,,False,,"{""payment_type"": ""credit_card"", ""payment_sequential"": 1, ""payment_installments"": 1}"
d0e63077f6007e4a398345cfb93225ac-p1,062b959255257c8f1b651a4cae989853,16280,2017-11-07T22:15:31+00:00,d0e63077f6007e4a398345cfb93225ac,,,False,,"{""payment_type"": ""credit_card"", ""payment_sequential"": 1, ""payment_installments"": 7}"
d3832688c496edd26aec8c5cc6672a99-p1,0e799bcae76615a1165569292cdff152,53436,2017-11-07T22:30:38+00:00,d3832688c496edd26aec8c5cc6672a99,,,False,,"{""payment_type"": ""credit_card"", ""payment_sequential"": 1, ""payment_installments"": 9}"
6c9c946ae6eb5b5c312bf3b325f4e25c-p1,48f99b5bd841cdb9abead13c4afe606b,16225,2017-11-07T22:32:28+00:00,6c9c946ae6eb5b5c312bf3b325f4e25c,,,False,,"{""payment_type"": ""credit_card"", ""payment_sequential"": 1, ""payment_installments"": 10}"
4314bc5f821b1dec819c7ac9634e78ce-p1,f159157758cbe290f9f762321ba673e4,3368,2017-11-08T22:11:11+00:00,4314bc5f821b1dec819c7ac9634e78ce,,,False,,"{""payment_type"": ""credit_card"", ""payment_sequential"": 1, ""payment_installments"": 1}"
bb9ba5f4ae44424a81aa5d9e8d322835-p1,4433023fc43af2bfd124a3bd6fb49415,7789,2017-11-09T05:31:37+00:00,bb9ba5f4ae44424a81aa5d9e8d322835,,,False,,"{""payment_type"": ""boleto"", ""payment_sequential"": 1, ""payment_installments"": 1}"
e22116e42381e36f0af20afcdba45065-p1,137eda969c36e48d5208abeebb7f85d6,18594,2017-11-07T22:46:35+00:00,e22116e42381e36f0af20afcdba45065,,,False,,"{""payment_type"": ""credit_card"", ""payment_sequential"": 1, ""payment_installments"": 1}"
196bcd18b3770c231567c0f27b0b16fb-p1,726a6433feab4f321c62cd704e451ca3,15126,2017-11-08T22:35:47+00:00,196bcd18b3770c231567c0f27b0b16fb,,,False,,"{""payment_type"": ""voucher"", ""payment_sequential"": 1, ""payment_installments"": 1}"
d759e07b69f482e6ce8efea035901b4d-p1,c7bf5ccd0c2c42356759ca900d9e009d,4309,2017-11-07T22:50:34+00:00,d759e07b69f482e6ce8efea035901b4d,,,False,,"{""payment_type"": ""credit_card"", ""payment_sequential"": 1, ""payment_installments"": 4}"
3d531c28fb36a432495acd5a1dcf253f-p1,910a614047903f364bf27a1c90d8412d,31780,2017-11-07T22:50:29+00:00,3d531c28fb36a432495acd5a1dcf253f,,,False,,"{""payment_type"": ""credit_card"", ""payment_sequential"": 1, ""payment_installments"": 10}"
67f2c83aa137c06c89e1dc2a057d0140-p1,97105788859fa6c28dc251030970e14a,16024,2017-11-07T22:50:35+00:00,67f2c83aa137c06c89e1dc2a057d0140,,,False,,"{""payment_type"": ""credit_card"", ""payment_sequential"": 1, ""payment_installments"": 1}"
af4406338c93f1ae4eb1ce820f3506bc-p1,afda5cfb8f4c578a54efbef23e45c621,7334,2017-11-08T17:55:21+00:00,af4406338c93f1ae4eb1ce820f3506bc,,,False,,"{""payment_type"": ""debit_card"", ""payment_sequential"": 1, ""payment_installments"": 1}"
bf98c50762b9fc7e06742bcd424e1e9f-p1,2cce8eab47ad8d99eca3ad6e24171860,3910,2017-11-07T23:06:19+00:00,bf98c50762b9fc7e06742bcd424e1e9f,,,False,,"{""payment_type"": ""credit_card"", ""payment_sequential"": 1, ""payment_installments"": 1}"
96a54272b41b5689f72e71e52cd9d3f6-p1,788021712368c17849962e2139ddd07a,26324,2017-11-07T23:06:16+00:00,96a54272b41b5689f72e71e52cd9d3f6,,,False,,"{""payment_type"": ""credit_card"", ""payment_sequential"": 1, ""payment_installments"": 10}"
5528a3c9850e07ac5eeea39f275d6c5e-p1,455021c1d511b64eab0b98e017b258d0,30447,2017-11-08T18:30:53+00:00,5528a3c9850e07ac5eeea39f275d6c5e,,,False,,"{""payment_type"": ""credit_card"", ""payment_sequential"": 1, ""payment_installments"": 8}"
5c468b18e44fe58da9d5584b05fd988f-p1,29d208881a7c8202ddd852afaefbb076,3409,2017-11-09T05:31:33+00:00,5c468b18e44fe58da9d5584b05fd988f,,,False,,"{""payment_type"": ""boleto"", ""payment_sequential"": 1, ""payment_installments"": 1}"
a59a8fa1ef4546339d5f68967925864e-p1,4c3c7010e7eaa9565e6ea8fdd9dd0b43,7299,2017-11-07T23:35:32+00:00,a59a8fa1ef4546339d5f68967925864e,,,False,,"{""payment_type"": ""credit_card"", ""payment_sequential"": 1, ""payment_installments"": 1}"
343d0d5dcda28198afc688aaa821762f-p1,c916dfd7068079fd4e53152e277efb77,2798,2017-11-08T01:26:21+00:00,343d0d5dcda28198afc688aaa821762f,,,False,,"{""payment_type"": ""credit_card"", ""payment_sequential"": 1, ""payment_installments"": 1}"
5939f36dbe12649adeba478ae3c7e636-p1,966a06d7b193003998f1e41f525d4c83,5966,2017-11-09T04:31:09+00:00,5939f36dbe12649adeba478ae3c7e636,,,False,,"{""payment_type"": ""boleto"", ""payment_sequential"": 1, ""payment_installments"": 1}"
33a23937c4d7393206aee57ca5ac8cc2-p1,3dad6f1fca54de94395a782bca37f8cb,6175,2017-11-09T04:31:18+00:00,33a23937c4d7393206aee57ca5ac8cc2,,,False,,"{""payment_type"": ""boleto"", ""payment_sequential"": 1, ""payment_installments"": 1}"
d59bf28088b4ceff7d0e220da6941714-p1,47d4d8ee1308ca5b3bbe0b031592b5ed,35919,2017-11-08T07:50:21+00:00,d59bf28088b4ceff7d0e220da6941714,,,False,,"{""payment_type"": ""credit_card"", ""payment_sequential"": 1, ""payment_installments"": 7}"
33385120d1dbb98e6fafeeb955d5b28c-p1,f87567b082c73dd2c953001b14ddd739,42216,2017-11-08T01:26:56+00:00,33385120d1dbb98e6fafeeb955d5b28c,,,False,,"{""payment_type"": ""credit_card"", ""payment_sequential"": 1, ""payment_installments"": 3}"
ee6c0c64fe661230879a8491ce7dac76-p1,f96e912268b0e5fc5f81bf5670bbb766,2093,2017-11-08T01:26:29+00:00,ee6c0c64fe661230879a8491ce7dac76,,,False,,"{""payment_type"": ""credit_card"", ""payment_sequential"": 1, ""payment_installments"": 2}"
d2dee958cbda7c87cbc097cf2f5f6c1e-p1,247e0dcd20596bee51bd2b07f633fa04,9787,2017-11-09T01:31:04+00:00,d2dee958cbda7c87cbc097cf2f5f6c1e,,,False,,"{""payment_type"": ""credit_card"", ""payment_sequential"": 1, ""payment_installments"": 9}"
02f886b28af7079755677a544bc54fda-p1,eba485f19136a2796edc73bc0dd274e7,12414,2017-11-09T05:31:39+00:00,02f886b28af7079755677a544bc54fda,,,False,,"{""payment_type"": ""boleto"", ""payment_sequential"": 1, ""payment_installments"": 1}"
3f2319ebb0d43c639d1f768216d5edf7-p1,ab8a9a2a6edc9fd52fe401722df80bee,12109,2017-11-08T01:26:30+00:00,3f2319ebb0d43c639d1f768216d5edf7,,,False,,"{""payment_type"": ""credit_card"", ""payment_sequential"": 1, ""payment_installments"": 1}"
10a3f7e9bf88b7dc86a767fd278e5bd2-p1,3774dcd9e065eca1bcade398633938f6,7608,2017-11-08T01:46:19+00:00,10a3f7e9bf88b7dc86a767fd278e5bd2,,,False,,"{""payment_type"": ""credit_card"", ""payment_sequential"": 1, ""payment_installments"": 4}"
bb9bdfcd9397da3c8481ef70b92df0c0-p1,2a34af7c4b1b83d78b14cf6b9c32c3b9,8434,2017-11-08T02:26:25+00:00,bb9bdfcd9397da3c8481ef70b92df0c0,,,False,,"{""payment_type"": ""credit_card"", ""payment_sequential"": 1, ""payment_installments"": 8}"
2743e4444be8f3c17243ff49bcba405b-p1,16d9c38e02ee1242cf1d9080e453fe9d,6259,2017-11-09T07:30:29+00:00,2743e4444be8f3c17243ff49bcba405b,,,False,,"{""payment_type"": ""credit_card"", ""payment_sequential"": 1, ""payment_installments"": 4}"
4bd414d670e7316c206f41610dde50e3-p1,c45794a47dc0b5553f1c341a23ebef14,7004,2017-11-09T04:31:20+00:00,4bd414d670e7316c206f41610dde50e3,,,False,,"{""payment_type"": ""boleto"", ""payment_sequential"": 1, ""payment_installments"": 1}"
50490daf5089179998f3667fa6cb49a5-p1,ffc3ea5436ad9c11ee9abdd56b85509f,5063,2017-11-09T04:31:20+00:00,50490daf5089179998f3667fa6cb49a5,,,False,,"{""payment_type"": ""boleto"", ""payment_sequential"": 1, ""payment_installments"": 1}"
fa94f0487376b26326f5fa63d24c9a8b-p1,08c97ce050742ee9d22eb9cf0da5c244,3916,2017-11-08T08:06:47+00:00,fa94f0487376b26326f5fa63d24c9a8b,,,False,,"{""payment_type"": ""credit_card"", ""payment_sequential"": 1, ""payment_installments"": 1}"
ce4fc11eef7cb0c2cbcaf63598e3bc29-p1,5eb93b10719af7367a4871cce3820be6,6490,2017-11-09T04:31:15+00:00,ce4fc11eef7cb0c2cbcaf63598e3bc29,,,False,,"{""payment_type"": ""boleto"", ""payment_sequential"": 1, ""payment_installments"": 1}"
b91df8a50223b91c469a891832f929c8-p1,789bb47c3a17d63fc51a9ba8cc5f6110,7847,2017-11-08T08:31:29+00:00,b91df8a50223b91c469a891832f929c8,,,False,,"{""payment_type"": ""credit_card"", ""payment_sequential"": 1, ""payment_installments"": 7}"
2c6317c88d6837efdfecf7cb190c0cd9-p1,05c5923ea867b6d88fd8214a494de641,2575,2017-11-09T04:31:12+00:00,2c6317c88d6837efdfecf7cb190c0cd9,,,False,,"{""payment_type"": ""boleto"", ""payment_sequential"": 1, ""payment_installments"": 1}"
a6b961bbc6456602f652d926ee9ccd0a-p1,697ec8baca2a81f1ebee54b59b1e8ec9,9419,2017-11-08T08:46:14+00:00,a6b961bbc6456602f652d926ee9ccd0a,,,False,,"{""payment_type"": ""credit_card"", ""payment_sequential"": 1, ""payment_installments"": 4}"
242580697feaa388d1043faa3755cdfd-p1,d38553a9c8d30efc45e02381e606740f,106941,2017-11-08T08:55:50+00:00,242580697feaa388d1043faa3755cdfd,,,False,,"{""payment_type"": ""credit_card"", ""payment_sequential"": 1, ""payment_installments"": 10}"
541a54e2a8381eb2797b40e7b1b255f0-p1,f3f9ad393795500a09d55345662b18d5,5777,2017-11-08T09:06:26+00:00,541a54e2a8381eb2797b40e7b1b255f0,,,False,,"{""payment_type"": ""credit_card"", ""payment_sequential"": 1, ""payment_installments"": 1}"
049ad2bf8710b108e943f5074aed4939-p1,b97b00bc9fb5b996fb0c7b338d064025,6798,2017-11-09T05:31:35+00:00,049ad2bf8710b108e943f5074aed4939,,,False,,"{""payment_type"": ""boleto"", ""payment_sequential"": 1, ""payment_installments"": 1}"
2044501bdcafe207535528038a6089fe-p1,7aa78b3177f36d854c640ef8bf5902bc,9430,2017-11-08T09:15:31+00:00,2044501bdcafe207535528038a6089fe,,,False,,"{""payment_type"": ""credit_card"", ""payment_sequential"": 1, ""payment_installments"": 2}"
6f91268a084c516d7ad2ede51294e10e-p1,cba553e350b48014728df259abdaf0d4,9583,2017-11-09T04:31:09+00:00,6f91268a084c516d7ad2ede51294e10e,,,False,,"{""payment_type"": ""boleto"", ""payment_sequential"": 1, ""payment_installments"": 1}"
415171a59b0a29988351b6d7652d993a-p1,e06f90c2401f2cee50f73a0ac5bc8741,4409,2017-11-09T04:31:09+00:00,415171a59b0a29988351b6d7652d993a,,,False,,"{""payment_type"": ""boleto"", ""payment_sequential"": 1, ""payment_installments"": 1}"
3dce4634061e7ca468efb0460a7a37f2-p1,dfd3ea7867213f5cb78aedcac86b8fd7,9827,2017-11-10T02:56:40+00:00,3dce4634061e7ca468efb0460a7a37f2,,,False,,"{""payment_type"": ""boleto"", ""payment_sequential"": 1, ""payment_installments"": 1}"
01d95eed9163a292a6788ddac08bcf31-p1,8731fd24284bf78bc042cb8ef0189df0,4501,2017-11-09T04:31:05+00:00,01d95eed9163a292a678ddac08bcf31,01d95eed9163a292a6788ddac08bcf31,,True,,"{""payment_type"": ""boleto"", ""payment_sequential"": 1, ""payment_installments"": 1, ""fault_id"": ""B""}"
7f59e384ee31edc27aa774219e5019f4-p1,c49d13d6b244803683d21634ede21f03,5859,2017-11-08T10:15:59+00:00,7f59e384ee31edc27aa774219e5019f4,,,False,,"{""payment_type"": ""credit_card"", ""payment_sequential"": 1, ""payment_installments"": 5}"
9b67d7f926480a9b1dfda8f3595013a6-p1,1c874134581bd9cceb6092e5f21ff670,8323,2017-11-08T10:30:22+00:00,9b67d7f926480a9b1dfda8f3595013a6,,,False,,"{""payment_type"": ""credit_card"", ""payment_sequential"": 1, ""payment_installments"": 1}"
806115145431c4557c46d037c0b3fd74-p1,be9aea68f34178c4e4f77c36b5d23cb8,16244,2017-11-08T10:46:43+00:00,806115145431c4557c46d037c0b3fd74,,,False,,"{""payment_type"": ""credit_card"", ""payment_sequential"": 1, ""payment_installments"": 2}"
e23b5df42ce1bb6425b751290bf33a8b-p1,489c830d99a861b6b7c71def0d7e2c6a,16495,2017-11-09T04:31:18+00:00,e23b5df42ce1bb6425b751290bf33a8b,,,False,,"{""payment_type"": ""boleto"", ""payment_sequential"": 1, ""payment_installments"": 1}"
c99c438d8365d61dbcd8f6b7ffaa6b5d-p1,24f0ca31b14f64abedc9b6fa93e9762c,23879,2017-11-08T10:50:42+00:00,c99c438d8365d61dbcd8f6b7ffaa6b5d,,,False,,"{""payment_type"": ""voucher"", ""payment_sequential"": 1, ""payment_installments"": 1}"
1cdc5514158935d7bd408f33538ce130-p1,a6b74d3cb602d8a84c58f4c1b937862f,4473,2017-11-10T02:56:22+00:00,1cdc5514158935d7bd408f33538ce130,,,False,,"{""payment_type"": ""boleto"", ""payment_sequential"": 1, ""payment_installments"": 1}"
d1906aaa99334bb372ca6bb31b8ae5d5-p1,b8916bc2a46ce5e61f143f19f56ea1f8,5962,2017-11-08T10:55:32+00:00,d1906aaa99334bb372ca6bb31b8ae5d5,,,False,,"{""payment_type"": ""credit_card"", ""payment_sequential"": 1, ""payment_installments"": 5}"
a968bece60cce24072b4a3a5175c454c-p1,11dc79c80ea01db6883b586951ba6884,15619,2017-11-09T05:31:34+00:00,a968bece60cce24072b4a3a5175c454c,,,False,,"{""payment_type"": ""boleto"", ""payment_sequential"": 1, ""payment_installments"": 1}"
81ad0542f902d06936247fe96fb102f8-p1,96bb8d8b8f62b4e39e8a95be66117941,18596,2017-11-08T11:06:41+00:00,81ad0542f902d06936247fe96fb102f8,,,False,,"{""payment_type"": ""credit_card"", ""payment_sequential"": 1, ""payment_installments"": 1}"
aed38287917d46c0c38bdb64bceb4885-p1,ad807e8a876326d427394737f4c7e01f,4610,2017-11-08T11:06:41+00:00,aed38287917d46c0c38bdb64bceb4885,,,False,,"{""payment_type"": ""credit_card"", ""payment_sequential"": 1, ""payment_installments"": 4}"
a8d0c1cbe2efd70a2ec22befd3a5390e-p2,1daabd01c6325eb962b5576e02202b5b,3428,2017-11-08T11:16:09+00:00,a8d0c1cbe2efd70a2ec22befd3a5390e,,,False,,"{""payment_type"": ""voucher"", ""payment_sequential"": 2, ""payment_installments"": 1}"
a8d0c1cbe2efd70a2ec22befd3a5390e-p1,1daabd01c6325eb962b5576e02202b5b,2430,2017-11-08T11:16:09+00:00,a8d0c1cbe2efd70a2ec22befd3a5390e,,,False,,"{""payment_type"": ""credit_card"", ""payment_sequential"": 1, ""payment_installments"": 1}"
76f77156abd99714db6250e5755fe9f7-p1,0e78ba683f1afb5e10eea8408cb4b23f,5460,2017-11-08T11:15:30+00:00,76f77156abd99714db6250e5755fe9f7,,,False,,"{""payment_type"": ""credit_card"", ""payment_sequential"": 1, ""payment_installments"": 2}"
9b3430b6fdf31ecd9d2ddea5dd58aab4-p1,7665719965d712b599391098a927b70b,13356,2017-11-08T11:16:31+00:00,9b3430b6fdf31ecd9d2ddea5dd58aab4,,,False,,"{""payment_type"": ""credit_card"", ""payment_sequential"": 1, ""payment_installments"": 1}"
77fff204e0af2e1abdaea52727cf9d15-p1,33eb82333797c42ebb80bcc4aa337943,5729,2017-11-08T11:30:49+00:00,77fff204e0af2e1abdaea52727cf9d15,,,False,,"{""payment_type"": ""credit_card"", ""payment_sequential"": 1, ""payment_installments"": 3}"
d773f56956696c7d318daddf1df0f801-p1,a3021c629bd1d99347a8e75a9ab035d8,5336,2017-11-08T11:47:00+00:00,d773f56956696c7d318daddf1df0f801,,,False,,"{""payment_type"": ""credit_card"", ""payment_sequential"": 1, ""payment_installments"": 1}"
645a389e60ffe5af0bdc4800a14c36e2-p1,3380d04c5a41e41cbd582fcdcfa50759,12513,2017-11-09T05:31:35+00:00,645a389e60ffe5af0bdc4800a14c36e2,,,False,,"{""payment_type"": ""boleto"", ""payment_sequential"": 1, ""payment_installments"": 1}"
49a8c35e52085c0a43f03250d944f2f9-p1,f7acdf2975a3796447c80c839233e1fa,33638,2017-11-08T12:31:00+00:00,49a8c35e52085c0a43f03250d944f2f9,,,False,,"{""payment_type"": ""credit_card"", ""payment_sequential"": 1, ""payment_installments"": 8}"
acbe08c609ccb7901159882c5a558cfa-p1,19078fff11340346a5660a1776473bb2,3678,2017-11-08T12:11:02+00:00,acbe08c609ccb7901159882c5a558cfa,,,False,,"{""payment_type"": ""credit_card"", ""payment_sequential"": 1, ""payment_installments"": 2}"
ced1ad511f0040ea9b8eb5008d7d1344-p1,53bb7dc2b472c192a4a808a4f42fc8a0,12741,2017-11-08T12:30:58+00:00,ced1ad511f0040ea9b8eb5008d7d1344,,,False,,"{""payment_type"": ""credit_card"", ""payment_sequential"": 1, ""payment_installments"": 1}"
72b014780c2effe0419b8bb4b534d612-p1,e114141c0860afeca11625b51c9ebfc8,13295,2017-11-08T12:11:30+00:00,72b014780c2effe0419b8bb4b534d612,,,False,,"{""payment_type"": ""credit_card"", ""payment_sequential"": 1, ""payment_installments"": 3}"
3418c754c6d0c412d57cca00b6ccfbe2-p2,d10f23d669c51e0d983ba80de4d327e8-variant,439,2017-11-09T11:55:54+00:00,,,,True,,"{""payment_type"": ""voucher"", ""payment_sequential"": 2, ""payment_installments"": 1, ""fault_id"": ""A""}"
3418c754c6d0c412d57cca00b6ccfbe2-p3,d10f23d669c51e0d983ba80de4d327e8-variant,439,2017-11-09T11:55:54+00:00,,,,True,,"{""payment_type"": ""voucher"", ""payment_sequential"": 3, ""payment_installments"": 1, ""fault_id"": ""A""}"
3418c754c6d0c412d57cca00b6ccfbe2-p5,d10f23d669c51e0d983ba80de4d327e8-variant,439,2017-11-09T11:55:54+00:00,,,,True,,"{""payment_type"": ""voucher"", ""payment_sequential"": 5, ""payment_installments"": 1, ""fault_id"": ""A""}"
3418c754c6d0c412d57cca00b6ccfbe2-p1,d10f23d669c51e0d983ba80de4d327e8-variant,179,2017-11-09T11:55:54+00:00,,,,True,,"{""payment_type"": ""credit_card"", ""payment_sequential"": 1, ""payment_installments"": 1, ""fault_id"": ""A""}"
3418c754c6d0c412d57cca00b6ccfbe2-p4,d10f23d669c51e0d983ba80de4d327e8-variant,439,2017-11-09T11:55:54+00:00,,,,True,,"{""payment_type"": ""voucher"", ""payment_sequential"": 4, ""payment_installments"": 1, ""fault_id"": ""A""}"
917738df2199692a3d9b6d85680a6595-p1,afe0c9c7e95054f1610d1d0595c411b5,12518,2017-11-08T12:31:00+00:00,917738df2199692a3d9b6d85680a6595,,,False,,"{""payment_type"": ""credit_card"", ""payment_sequential"": 1, ""payment_installments"": 2}"
31002d1cf4364e884a8a59e0e0bc2373-p1,4aa07246563f9674066866f92a2979c8,6660,2017-11-08T12:15:59+00:00,31002d1cf4364e884a8a59e0e0bc2373,,,False,,"{""payment_type"": ""credit_card"", ""payment_sequential"": 1, ""payment_installments"": 2}"
d7273b44707722d534c868f279e235cb-p1,3fa626c46f413742865a2cbfa914bb80,33851,2017-11-08T12:30:56+00:00,d7273b44707722d534c868f279e235cb,,,False,,"{""payment_type"": ""credit_card"", ""payment_sequential"": 1, ""payment_installments"": 6}"
98757611a90a81b5d191e3e5c78ceca8-p1,837b720668354ad30a5da42792f4c0a7,6861,2017-11-10T02:55:49+00:00,98757611a90a81b5d191e3e5c78ceca8,,,False,,"{""payment_type"": ""boleto"", ""payment_sequential"": 1, ""payment_installments"": 1}"
192e9f15d78654ec141918deca721334-p1,251e658613a224723f8a077946183b20,32595,2017-11-09T13:26:17+00:00,192e9f15d78654ec141918deca721334,,,False,,"{""payment_type"": ""credit_card"", ""payment_sequential"": 1, ""payment_installments"": 1}"
21d4d409001930a8266042afbc040039-p1,eafda923ca6479e3b9419010f0d96ade,25959,2017-11-09T04:31:08+00:00,21d4d409001930a8266042afbc040039,,,False,,"{""payment_type"": ""boleto"", ""payment_sequential"": 1, ""payment_installments"": 1}"
9524a52b2633d2f96da98b947c60a4de-p1,065b9e6198f11dbdf7fc1250f9e08afc,21764,2017-11-08T13:30:46+00:00,9524a52b2633d2f96da98b947c60a4de,,,False,,"{""payment_type"": ""credit_card"", ""payment_sequential"": 1, ""payment_installments"": 4}"
bde5891c6b5d690163ceae7143c288f4-p1,e172b745f906d16a3ab5ee68b06df0ae,6282,2017-11-08T12:56:53+00:00,bde5891c6b5d690163ceae7143c288f4,,,False,,"{""payment_type"": ""credit_card"", ""payment_sequential"": 1, ""payment_installments"": 5}"
8029473fa5eb709b746a665b0597b8c1-p1,56b579a2b53c22ca99dde61e69082f01,3590,2017-11-08T13:30:46+00:00,8029473fa5eb709b746a665b0597b8c1,,,False,,"{""payment_type"": ""credit_card"", ""payment_sequential"": 1, ""payment_installments"": 1}"
8029473fa5eb709b746a665b0597b8c1-p2,56b579a2b53c22ca99dde61e69082f01,3592,2017-11-08T13:30:46+00:00,8029473fa5eb709b746a665b0597b8c1,,,False,,"{""payment_type"": ""credit_card"", ""payment_sequential"": 2, ""payment_installments"": 1}"
9c3201ec3feaf8e884f4fbaf33d37c5a-p1,fd61d48c0c567a32bb4ce4dc470bd892,22934,2017-11-08T13:15:34+00:00,9c3201ec3feaf8e884f4fbaf33d37c5a,,,False,,"{""payment_type"": ""credit_card"", ""payment_sequential"": 1, ""payment_installments"": 2}"
1fcbf9da01b8072e053902e28b52ac9f-p1,1e0fd284347b0ed8c11f03f342c8460a,14640,2017-11-08T13:30:44+00:00,1fcbf9da01b8072e053902e28b52ac9f,,,False,,"{""payment_type"": ""credit_card"", ""payment_sequential"": 1, ""payment_installments"": 2}"
74679da034802e519a33e412d6b3fba2-p1,b02afb84064c94e89492d4864e461569,5159,2017-11-09T13:07:53+00:00,74679da034802e519a33e412d6b3fba2,,,False,,"{""payment_type"": ""credit_card"", ""payment_sequential"": 1, ""payment_installments"": 4}"
d8db06da4e2a4c2b6eeafaaeaebc21fb-p1,a1cf0b1b6d8bdb6170db08446546b6f5,16388,2017-11-08T13:30:47+00:00,d8db06da4e2a4c2b6eeafaaeaebc21fb,,,False,,"{""payment_type"": ""credit_card"", ""payment_sequential"": 1, ""payment_installments"": 1}"
9b020e5824739b6431c878d26e85143a-p1,50cf292ee784789a931bdc4183404287,9680,2017-11-08T13:35:57+00:00,9b020e5824739b6431c878d26e85143a,,,False,,"{""payment_type"": ""credit_card"", ""payment_sequential"": 1, ""payment_installments"": 1}"
c9aca7a39b1655e0d52070203567e664-p1,f7d319c00224031393f1ba82343db3d6,5768,2017-11-09T04:31:09+00:00,c9aca7a39b1655e0d52070203567e664,,,False,,"{""payment_type"": ""boleto"", ""payment_sequential"": 1, ""payment_installments"": 1}"
5d7580967132673ebe6afb197e119dea-p1,d8764626d0d43e3f4fb34db9021a46ef,9116,2017-11-08T13:50:23+00:00,5d7580967132673ebe6afb197e119dea,,,False,,"{""payment_type"": ""credit_card"", ""payment_sequential"": 1, ""payment_installments"": 8}"
0081ce648af7d6a7bac2a93b6035d1e3-p1,83ae47dedb34563d71d7a406f282d2eb,11785,2017-11-09T05:31:39+00:00,0081c648af7d6a7bac2a93b6035d1e3,0081ce648af7d6a7bac2a93b6035d1e3,,True,,"{""payment_type"": ""boleto"", ""payment_sequential"": 1, ""payment_installments"": 1, ""fault_id"": ""B""}"
2459807af0cad1161d053ae93c170398-p1,ad37b0e34b70d1ed6fe35e602e2e4d51,5562,2017-11-08T13:50:33+00:00,2459807af0cad1161d053ae93c170398,,,False,,"{""payment_type"": ""credit_card"", ""payment_sequential"": 1, ""payment_installments"": 1}"
83af610e0c73e940f967ad32ad943625-p1,e2af1e4f7b1b25b6b9edf561515cc304,3572,2017-11-08T14:11:05+00:00,83af610e0c73e940f967ad32ad943625,,,False,,"{""payment_type"": ""credit_card"", ""payment_sequential"": 1, ""payment_installments"": 1}"
a058c79008ed0d21597ac66af7733642-p1,d3d9b7841c6c16621fb338399bd9d727,16353,2017-11-08T14:10:41+00:00,a058c79008ed0d21597ac66af7733642,,,False,,"{""payment_type"": ""credit_card"", ""payment_sequential"": 1, ""payment_installments"": 2}"
e4380a38a218569eb949095e934047fd-p1,4a782d1a71c00543f1a63a5373a956f1,6428,2017-11-08T14:16:12+00:00,e4380a38a218569eb949095e934047fd,,,False,,"{""payment_type"": ""credit_card"", ""payment_sequential"": 1, ""payment_installments"": 2}"
2d2d4e2aa4df8b00e751162c05be40e7-p1,5999816ff1d56338745213b9965e5f29,4209,2017-11-08T14:15:41+00:00,2d2d4e2aa4df8b00e751162c05be40e7,,,False,,"{""payment_type"": ""credit_card"", ""payment_sequential"": 1, ""payment_installments"": 1}"
36103705d12a975b5d3355253253f7c1-p1,cddb4f086c47a45b8bd01a44e117978c,10638,2017-11-08T14:31:02+00:00,36103705d12a975b5d3355253253f7c1,,,False,,"{""payment_type"": ""credit_card"", ""payment_sequential"": 1, ""payment_installments"": 10}"
b63f8bb50651b512f0c3aa52c78dc340-p1,0701df7ee7e9c7d3f7205b78b0d74110,19043,2017-11-09T14:26:38+00:00,b63f8bb50651b512f0c3aa52c78dc340,,,False,,"{""payment_type"": ""credit_card"", ""payment_sequential"": 1, ""payment_installments"": 2}"
4381a33db9b7771fc9ace541e507972e-p1,b40e465c7844a2ae74363a41c763de49,6762,2017-11-08T14:36:01+00:00,4381a33db9b7771fc9ace541e507972e,,,False,,"{""payment_type"": ""credit_card"", ""payment_sequential"": 1, ""payment_installments"": 1}"
b149455fa7496682b0416179a74cb8bb-p1,1743631071053f26bb95b0ca2ca4c5f6,5109,2017-11-08T14:50:50+00:00,b149455fa7496682b0416179a74cb8bb,,,False,,"{""payment_type"": ""credit_card"", ""payment_sequential"": 1, ""payment_installments"": 1}"
f9ea74a0ba3d0e01f8f3a2c98bb35b9b-p1,3a57500549c18c151a122ca04263a0ac,5859,2017-11-09T05:31:39+00:00,f9ea74a0ba3d0e01f8f3a2c98bb35b9b,,,False,,"{""payment_type"": ""boleto"", ""payment_sequential"": 1, ""payment_installments"": 1}"
ba9334a30d40bde13d58772361c9054a-p1,5521c1e3673a3db4e8eb0be0d32538d0,8545,2017-11-08T16:11:00+00:00,ba9334a30d40bde13d58772361c9054a,,,False,,"{""payment_type"": ""debit_card"", ""payment_sequential"": 1, ""payment_installments"": 1}"
291d343dc236d7dd2466e052890f5fc1-p1,174c4f9e8e008d9ef89b7113c8c8dd31,5524,2017-11-08T15:07:57+00:00,291d343dc236d7dd2466e052890f5fc1,,,False,,"{""payment_type"": ""credit_card"", ""payment_sequential"": 1, ""payment_installments"": 1}"
e249cff481eb91f18da21f1884e86324-p1,ec332007dbe4989e1dbce5f8a1c35abb,2468,2017-11-09T15:11:00+00:00,e249cff481eb91f18da21f1884e86324,,,False,,"{""payment_type"": ""credit_card"", ""payment_sequential"": 1, ""payment_installments"": 2}"
251426971212d3b3bae10ca7062c6241-p1,c42e856d89c0bc91a5a0da38a528b615,2143,2017-11-08T15:26:54+00:00,251426971212d3b3bae10ca7062c6241,,,False,,"{""payment_type"": ""credit_card"", ""payment_sequential"": 1, ""payment_installments"": 1}"
1446f87ab63443ca948c7faa3d7ef194-p1,7b7d74f88fc2cd98a1d69ec802f7d802,10917,2017-11-08T15:26:56+00:00,1446f87ab63443ca948c7faa3d7ef194,,,False,,"{""payment_type"": ""credit_card"", ""payment_sequential"": 1, ""payment_installments"": 1}"
043332e857863b02677c1e075e3cc0cf-p1,10afb8c989b931b11e486b35bc422419,13112,2017-11-08T15:47:14+00:00,043332e857863b02677c1e075e3cc0cf,,,True,,"{""payment_type"": ""credit_card"", ""payment_sequential"": 1, ""payment_installments"": 2, ""fault_id"": ""E"", ""fee_pct"": 2.5, ""shortfall_centavos"": 336}"
af6bc55bfd7ce78e903212e971ad1bfd-p1,74ba462fb8ab5c99b43159448025269a,5600,2017-11-09T04:31:16+00:00,af6bc55bfd7ce78e903212e971ad1bfd,,,False,,"{""payment_type"": ""boleto"", ""payment_sequential"": 1, ""payment_installments"": 1}"
b72ead808b9621ca4037dcfba0a226ef-p1,7b550af0077fe5ed9a016c4a757d9284,5678,2017-11-08T15:50:35+00:00,b72ead808b9621ca4037dcfba0a226ef,,,False,,"{""payment_type"": ""credit_card"", ""payment_sequential"": 1, ""payment_installments"": 2}"
9f10c0ea65a77a1a730fee1bd83c6ace-p1,10441388cc7d51b7348003037ce70bd2,38727,2017-11-08T15:50:57+00:00,9f10c0ea65a77a1a730fee1bd83c6ace,,,False,,"{""payment_type"": ""credit_card"", ""payment_sequential"": 1, ""payment_installments"": 2}"
3d93d8068cdb0206fc87b5d539a45f6b-p1,e353bc4671a2c377417307a9b539a48d,3277,2017-11-09T05:31:37+00:00,3d93d8068cdb0206fc87b5d539a45f6b,,,False,,"{""payment_type"": ""boleto"", ""payment_sequential"": 1, ""payment_installments"": 1}"
ff38e180176d38e46f43488a0571d6c2-p1,7a43409c4c6353f9e034bb5f4881e1c2,17827,2017-11-09T04:31:07+00:00,ff38e180176d38e46f43488a0571d6c2,,,False,,"{""payment_type"": ""boleto"", ""payment_sequential"": 1, ""payment_installments"": 1}"
6ee905cf5305257ae2f097619fb0c827-p1,755e7aeb86db3ffec17e020bd1a67ba5,3475,2017-11-09T05:31:39+00:00,6ee905cf5305257ae2f097619fb0c827,,,False,,"{""payment_type"": ""boleto"", ""payment_sequential"": 1, ""payment_installments"": 1}"
8c7dfc8db40e356b09b711d9382eb60e-p1,65d7c0904b51f5b432e71a14b25121dc,3584,2017-11-10T12:56:06+00:00,8c7dfc8db40e356b09b711d9382eb60e,,,False,,"{""payment_type"": ""credit_card"", ""payment_sequential"": 1, ""payment_installments"": 2}"
3529da555e9238eaa0ac000c0ee4fb05-p1,65d7c0904b51f5b432e71a14b25121dc,7242,2017-11-10T12:56:20+00:00,3529da555e9238eaa0ac000c0ee4fb05,,,False,,"{""payment_type"": ""credit_card"", ""payment_sequential"": 1, ""payment_installments"": 2}"
dcb2902b7af9841bf7aa832c33f69f1b-p1,a4d88b87369fd8065cb8a8af74cf82f9,31630,2017-11-08T16:11:03+00:00,dcb2902b7af9841bf7aa832c33f69f1b,,,False,,"{""payment_type"": ""credit_card"", ""payment_sequential"": 1, ""payment_installments"": 4}"
6a618b375464d738bf225aa25553e50c-p1,120790cc6e1dd501c54c03a3b7d8feec,6410,2017-11-08T16:16:02+00:00,6a618b375464d738bf225aa25553e50c,,,False,,"{""payment_type"": ""credit_card"", ""payment_sequential"": 1, ""payment_installments"": 1}"
01b94d6940365deb1eedb643ba43114a-p1,587ddeb2fbb61cb3659ae90a54003cd9,16282,2017-11-09T04:31:11+00:00,01b94d6943065deb1eedb643ba43114a,01b94d6940365deb1eedb643ba43114a,,True,,"{""payment_type"": ""boleto"", ""payment_sequential"": 1, ""payment_installments"": 1, ""fault_id"": ""B""}"
26543fb8b34f4547bcbbd431f998ee76-p1,45d7843cd73eb1cdd0af569b6b6e626e,10355,2017-11-08T16:30:48+00:00,26543fb8b34f4547bcbbd431f998ee76,,,False,,"{""payment_type"": ""credit_card"", ""payment_sequential"": 1, ""payment_installments"": 3}"
dfaca8a85d5a1ef947b32f44dc3817bd-p1,3dd017e92853d903c1e8307af6356aba,7463,2017-11-08T16:30:49+00:00,dfaca8a85d5a1ef947b32f44dc3817bd,,,False,,"{""payment_type"": ""credit_card"", ""payment_sequential"": 1, ""payment_installments"": 1}"
b8602ecb5d10f27cd89d0e7b5a8ec2a8-p1,b43fa872bef5450df02d9ee898d21f0a,63690,2017-11-08T16:31:06+00:00,b8602ecb5d10f27cd89d0e7b5a8ec2a8,,,False,,"{""payment_type"": ""credit_card"", ""payment_sequential"": 1, ""payment_installments"": 10}"
0aba4750be63d17b0b841afb6a84a629-p1,885f85d419d323a54c3f4645893fe568,21252,2017-11-08T16:47:30+00:00,0aba4750be63d17b0b841afb6a84a629,,,False,,"{""payment_type"": ""credit_card"", ""payment_sequential"": 1, ""payment_installments"": 5}"
7f5251463f48903ab101223e0021afc6-p1,524afe842d6b1220e2067a40157e09f9,8090,2017-11-08T17:30:48+00:00,7f5251463f48903ab101223e0021afc6,,,False,,"{""payment_type"": ""credit_card"", ""payment_sequential"": 1, ""payment_installments"": 3}"
2d33b505c88265921a04702415937e30-p1,2e0455b5d633bb654cd32ca63e9a96d1,29906,2017-11-08T17:30:48+00:00,2d33b505c88265921a04702415937e30,,,False,,"{""payment_type"": ""credit_card"", ""payment_sequential"": 1, ""payment_installments"": 8}"
b5620c351108ed4667886da53f3f8599-p1,7b7605b5797e73a668d8b55424f883f0,44492,2017-11-08T17:30:52+00:00,b5620c351108ed4667886da53f3f8599,,,False,,"{""payment_type"": ""credit_card"", ""payment_sequential"": 1, ""payment_installments"": 4}"
e6ba9a84acefba7db39ea4a3cca60fd7-p1,14bb46fd695776fae3ba087fc3fdf747,14000,2017-11-08T17:30:51+00:00,e6ba9a84acefba7db39ea4a3cca60fd7,,,False,,"{""payment_type"": ""credit_card"", ""payment_sequential"": 1, ""payment_installments"": 3}"
4316bb50be3f59538c354e3d820f1d9c-p1,c4df1c552768d563946ee1c9a716df55,30577,2017-11-08T17:30:51+00:00,4316bb50be3f59538c354e3d820f1d9c,,,False,,"{""payment_type"": ""credit_card"", ""payment_sequential"": 1, ""payment_installments"": 3}"
cf3a9fb2f3b7b0d71c3a8e59c01ad281-p1,48f8c279f6e0dd1931c8cb6d572cc99b,62044,2017-11-08T17:30:49+00:00,cf3a9fb2f3b7b0d71c3a8e59c01ad281,,,False,,"{""payment_type"": ""credit_card"", ""payment_sequential"": 1, ""payment_installments"": 10}"
73174cbe1a7108ca72fa9547cfd77e4e-p1,7994a533a361a38ea68da4b105bf09fb,3015,2017-11-08T16:55:59+00:00,73174cbe1a7108ca72fa9547cfd77e4e,,,False,,"{""payment_type"": ""credit_card"", ""payment_sequential"": 1, ""payment_installments"": 1}"
73174cbe1a7108ca72fa9547cfd77e4e-p2,7994a533a361a38ea68da4b105bf09fb,3090,2017-11-08T16:55:59+00:00,73174cbe1a7108ca72fa9547cfd77e4e,,,False,,"{""payment_type"": ""voucher"", ""payment_sequential"": 2, ""payment_installments"": 1}"
945edc9b56f1a08b87560bf946945f20-p1,7f0ed6e8c19420dc59f862c427f6d18b,31249,2017-11-09T05:31:34+00:00,945edc9b56f1a08b87560bf946945f20,,,False,,"{""payment_type"": ""boleto"", ""payment_sequential"": 1, ""payment_installments"": 1}"
57b49374c8a506e6a26dfef7b426f342-p1,b20a9b1d684eda5eaa2d6724d164286f,16668,2017-11-10T03:06:26+00:00,57b49374c8a506e6a26dfef7b426f342,,,False,,"{""payment_type"": ""boleto"", ""payment_sequential"": 1, ""payment_installments"": 1}"
952241c48f34d58c23ca57964d413834-p1,532576a973c55ab48fa2fa920d036e52,8820,2017-11-08T17:30:50+00:00,952241c48f34d58c23ca57964d413834,,,False,,"{""payment_type"": ""credit_card"", ""payment_sequential"": 1, ""payment_installments"": 2}"
94876636c0c9ddd3455bffe120d95c68-p1,cbcc5c5098cd32ef397d4231883f77c8,8837,2017-11-09T04:31:09+00:00,94876636c0c9ddd3455bffe120d95c68,,,False,,"{""payment_type"": ""boleto"", ""payment_sequential"": 1, ""payment_installments"": 1}"
0132451f29a10b66a5cf1bacc85f9afe-p1,aaff146bd210808c7d004a05966472a7,21556,2017-11-09T17:08:27+00:00,0132451f29a10b6a65cf1bacc85f9afe,0132451f29a10b66a5cf1bacc85f9afe,,True,,"{""payment_type"": ""credit_card"", ""payment_sequential"": 1, ""payment_installments"": 3, ""fault_id"": ""B""}"
2bee1f8f9eee93e1c28bc1a9ca98a896-p1,27a53659b6216c57d106d48be0c50264,5087,2017-11-10T02:56:19+00:00,2bee1f8f9eee93e1c28bc1a9ca98a896,,,False,,"{""payment_type"": ""boleto"", ""payment_sequential"": 1, ""payment_installments"": 1}"
afccc522bf13dddde0b240b86c7b9f21-p1,26e390cc5f19cc8c56c217fe5f6e700f,70958,2017-11-09T17:48:23+00:00,afccc522bf13dddde0b240b86c7b9f21,,,False,,"{""payment_type"": ""credit_card"", ""payment_sequential"": 1, ""payment_installments"": 10}"
00c842d0ae6462afc1d38fc055b02c75-p1,9065112d8c6b59afef09c2fc67c5025e,7757,2017-11-08T18:30:52+00:00,00c842d0ae662afc1d38fc055b02c75,00c842d0ae6462afc1d38fc055b02c75,,True,,"{""payment_type"": ""debit_card"", ""payment_sequential"": 1, ""payment_installments"": 1, ""fault_id"": ""B""}"
2d27ee9bbc377938d4a8c5a8efb16551-p1,163fb9fbf2ad50509f49ff664893b6b8,5109,2017-11-09T17:47:53+00:00,2d27ee9bbc377938d4a8c5a8efb16551,,,False,,"{""payment_type"": ""credit_card"", ""payment_sequential"": 1, ""payment_installments"": 2}"
d032ca8398bca294e452149d57c135ec-p1,a4161bd48581a3877d2a28315f7e6288,8459,2017-11-08T17:57:15+00:00,d032ca8398bca294e452149d57c135ec,,,False,,"{""payment_type"": ""credit_card"", ""payment_sequential"": 1, ""payment_installments"": 4}"
c676e726f8a14a9527b41b9dc50ca1bc-p1,8fb583f5dce8034af3119380a163d8f8,13620,2017-11-09T17:48:09+00:00,c676e726f8a14a9527b41b9dc50ca1bc,,,False,,"{""payment_type"": ""credit_card"", ""payment_sequential"": 1, ""payment_installments"": 4}"
63cd6c93d785b3b54d7955bc5fd74c3d-p1,aa68ea9af3ca240acd9fb5e416ede248,3500,2017-11-10T03:11:24+00:00,63cd6c93d785b3b54d7955bc5fd74c3d,,,False,,"{""payment_type"": ""boleto"", ""payment_sequential"": 1, ""payment_installments"": 1}"
4b6dab58b94da37d3bc2cce416a43f63-p1,6ddebbb0612bcbb6593d8c23b13229d7,11292,2017-11-08T18:30:52+00:00,4b6dab58b94da37d3bc2cce416a43f63,,,False,,"{""payment_type"": ""credit_card"", ""payment_sequential"": 1, ""payment_installments"": 2}"
e422d0e263d60b29075b7369ade6ace3-p1,4bac0dc665a22611249e258c819b8ec7,15016,2017-11-10T03:07:19+00:00,e422d0e263d60b29075b7369ade6ace3,,,False,,"{""payment_type"": ""boleto"", ""payment_sequential"": 1, ""payment_installments"": 1}"
1c8e9b2af72bd475a280fe4e56ca4364-p1,39513b1ac57bc82c9b3f298820a89bb6,7771,2017-11-09T04:31:07+00:00,1c8e9b2af72bd475a280fe4e56ca4364,,,False,,"{""payment_type"": ""boleto"", ""payment_sequential"": 1, ""payment_installments"": 1}"
e09ade3584e46696d27a94543784b695-p1,6a5bfec5287b37fd4196c78d7cf54cce,27910,2017-11-08T18:27:32+00:00,e09ade3584e46696d27a94543784b695,,,False,,"{""payment_type"": ""credit_card"", ""payment_sequential"": 1, ""payment_installments"": 3}"
3ff7c1060eb0e7df8516ff9025461875-p1,a11c0218bdc901d93bb5f7cc6dafbc39,10810,2017-11-09T22:35:28+00:00,3ff7c1060eb0e7df8516ff9025461875,,,False,,"{""payment_type"": ""credit_card"", ""payment_sequential"": 1, ""payment_installments"": 10}"
129c58b77c85a73933e98de57c705559-p1,3d0a011c5b53a6ce43496c80c269bd0f,13104,2017-11-08T18:35:56+00:00,129c58b77c85a73933e98de57c705559,,,False,,"{""payment_type"": ""credit_card"", ""payment_sequential"": 1, ""payment_installments"": 1}"
9d42a1c81eb3b04c83752029d1bb93fe-p1,24a366843796b68f1fc06adc4bc28b06,3709,2017-11-08T18:47:23+00:00,9d42a1c81eb3b04c83752029d1bb93fe,,,False,,"{""payment_type"": ""credit_card"", ""payment_sequential"": 1, ""payment_installments"": 1}"
955b3eccb8e0c21820f39caeb0309789-p1,31d8b860775ed59cb8aff5da28359367,3079,2017-11-08T18:51:06+00:00,955b3eccb8e0c21820f39caeb0309789,,,False,,"{""payment_type"": ""credit_card"", ""payment_sequential"": 1, ""payment_installments"": 3}"
0cf808a0c021f642770317ad30665b02-p1,a62b2006c8fff72dc98874abcfabca45,16743,2017-11-10T03:06:58+00:00,0cf808a0c021f642770317ad30665b02,,,False,,"{""payment_type"": ""boleto"", ""payment_sequential"": 1, ""payment_installments"": 1}"
76d85afd545b8fc877273a68455675c1-p1,beaac6850b22bcbab22a72f9d8e31456,17382,2017-11-08T18:40:21+00:00,76d85afd545b8fc877273a68455675c1,,,False,,"{""payment_type"": ""credit_card"", ""payment_sequential"": 1, ""payment_installments"": 8, ""simulated_date"": true}"
675ea662391ef609e39645b25940d453-p1,24abf93a73a57ab3fe56df52deb2c6c5,7757,2017-11-10T03:06:36+00:00,675ea662391ef609e39645b25940d453,,,False,,"{""payment_type"": ""boleto"", ""payment_sequential"": 1, ""payment_installments"": 1}"
ac80289f28f597052345117f4d4720ea-p1,5228300dddf25d07706cef4490cc5b2a,4509,2017-11-08T18:55:55+00:00,ac80289f28f597052345117f4d4720ea,,,False,,"{""payment_type"": ""credit_card"", ""payment_sequential"": 1, ""payment_installments"": 4}"
03a4aaab0b783a1be23b30e360c067d4-p1,381865bb5f82d4d601fa3026a283b47e,9917,2017-11-08T19:30:50+00:00,03a4aaab0b783a1be23b30e360c067d4,,,True,,"{""payment_type"": ""credit_card"", ""payment_sequential"": 1, ""payment_installments"": 1, ""fault_id"": ""E"", ""fee_pct"": 2.5, ""shortfall_centavos"": 254}"
719769cb35a220eca4b7e96e588c6a19-p1,01413c132b54b9b7dfadc2ee71ef78c8,5169,2017-11-08T19:30:54+00:00,719769cb35a220eca4b7e96e588c6a19,,,False,,"{""payment_type"": ""credit_card"", ""payment_sequential"": 1, ""payment_installments"": 1}"
195f299b40b4d78afa81a4109b618c02-p1,6dc16c31f4c57727d3bd51e10a977270,6833,2017-11-08T20:31:00+00:00,195f299b40b4d78afa81a4109b618c02,,,False,,"{""payment_type"": ""credit_card"", ""payment_sequential"": 1, ""payment_installments"": 6}"
c11fda48e1e32d80cdded371a3ffa4b9-p1,16045f15f9bb021ce4c027dacd979ecc,14815,2017-11-08T19:30:49+00:00,c11fda48e1e32d80cdded371a3ffa4b9,,,False,,"{""payment_type"": ""credit_card"", ""payment_sequential"": 1, ""payment_installments"": 1}"
5e57d61ff3a5b4ce52915cdeb62b2571-p1,3df11e3b6c22394922f7918cb3f0e406,3777,2017-11-08T19:47:12+00:00,5e57d61ff3a5b4ce52915cdeb62b2571,,,False,,"{""payment_type"": ""credit_card"", ""payment_sequential"": 1, ""payment_installments"": 1}"
b05c947b44026d14b7e7db05402d206a-p1,1820476fff8ba8ba159411cf19839394,20021,2017-11-08T19:47:12+00:00,b05c947b44026d14b7e7db05402d206a,,,False,,"{""payment_type"": ""credit_card"", ""payment_sequential"": 1, ""payment_installments"": 4}"
41b3745609d5c6c750f838cae9f18804-p1,c8776c8299d92ce2f4895fabe9bc6c5c,11794,2017-11-08T19:47:16+00:00,41b3745609d5c6c750f838cae9f18804,,,False,,"{""payment_type"": ""credit_card"", ""payment_sequential"": 1, ""payment_installments"": 5}"
6779326a03f96624c0f23a80b2d4d2e4-p1,63e04bc577f584679fb4d0cf588f51d2,5801,2017-11-08T19:47:11+00:00,6779326a03f96624c0f23a80b2d4d2e4,,,False,,"{""payment_type"": ""credit_card"", ""payment_sequential"": 1, ""payment_installments"": 1}"
7aec7aea70b4d42cdb349810c4475051-p1,81ee975c650a669140bc1403fb325d67,6410,2017-11-09T05:31:36+00:00,7aec7aea70b4d42cdb349810c4475051,,,False,,"{""payment_type"": ""boleto"", ""payment_sequential"": 1, ""payment_installments"": 1}"
60f62691c52a18ebeccd7cb2539d6c63-p1,8ecc65bf549b6c7ef0ca02f4e115c419,15673,2017-11-08T19:47:12+00:00,60f62691c52a18ebeccd7cb2539d6c63,,,False,,"{""payment_type"": ""credit_card"", ""payment_sequential"": 1, ""payment_installments"": 4}"
f351c922b3d5947bcadbeeab096796b8-p1,13d7e67a187b037979c76c75b2e79102,40395,2017-11-08T20:30:59+00:00,f351c922b3d5947bcadbeeab096796b8,,,False,,"{""payment_type"": ""credit_card"", ""payment_sequential"": 1, ""payment_installments"": 6}"
b541ddf0b037dc357b232eac15bca4a7-p1,3ef631133c6cd69283463c9d2302ecc5,5862,2017-11-08T20:30:58+00:00,b541ddf0b037dc357b232eac15bca4a7,,,False,,"{""payment_type"": ""credit_card"", ""payment_sequential"": 1, ""payment_installments"": 1}"
34d0b73ffe40c22d8537270e7ffe7517-p1,c28303a34749f370337038914e7453e5,3301,2017-11-08T20:30:57+00:00,34d0b73ffe40c22d8537270e7ffe7517,,,False,,"{""payment_type"": ""credit_card"", ""payment_sequential"": 1, ""payment_installments"": 1}"
8f601ac781af24a47c8faaa3ae3e2f1c-p1,76c035bf0962d324fb4f8a8dbabaa4a0,3727,2017-11-10T03:10:47+00:00,8f601ac781af24a47c8faaa3ae3e2f1c,,,False,,"{""payment_type"": ""boleto"", ""payment_sequential"": 1, ""payment_installments"": 1}"
37d98f73718806be808b9e73e5d5d93a-p1,afe73cfac99dbc1c8e67cf99091d61a6,24535,2017-11-08T20:26:38+00:00,37d98f73718806be808b9e73e5d5d93a,,,False,,"{""payment_type"": ""credit_card"", ""payment_sequential"": 1, ""payment_installments"": 1}"
aded763e095ef505747ec7376f7310ef-p1,23a241c42bef9b80bfe4243017a50837,11544,2017-11-08T20:35:54+00:00,aded763e095ef505747ec7376f7310ef,,,False,,"{""payment_type"": ""credit_card"", ""payment_sequential"": 1, ""payment_installments"": 1}"
9ac562006aa17a79364b32560651dd5b-p2,50ad7151ad494370e8dc57a57351d17e,10000,2017-11-08T20:46:19+00:00,9ac562006aa17a79364b32560651dd5b,,,False,,"{""payment_type"": ""voucher"", ""payment_sequential"": 2, ""payment_installments"": 1}"
9ac562006aa17a79364b32560651dd5b-p1,50ad7151ad494370e8dc57a57351d17e,6690,2017-11-08T20:46:19+00:00,9ac562006aa17a79364b32560651dd5b,,,False,,"{""payment_type"": ""credit_card"", ""payment_sequential"": 1, ""payment_installments"": 2}"
44623b600f074e7c76dc280274e437f8-p1,bfcaaed690e508471e9169e69f146324,4409,2017-11-08T20:46:22+00:00,44623b600f074e7c76dc280274e437f8,,,False,,"{""payment_type"": ""credit_card"", ""payment_sequential"": 1, ""payment_installments"": 1}"
8dca52c1ec5a814dc9ebd26524ae8b3e-p1,14e66b7268fef09f5183f5e3a84cdd91,14806,2017-11-10T12:28:15+00:00,8dca52c1ec5a814dc9ebd26524ae8b3e,,,False,,"{""payment_type"": ""boleto"", ""payment_sequential"": 1, ""payment_installments"": 1}"
0fa425ec819100fb29a4838e37e5d27e-p1,3a502a4d1e63887120fdc3b323224d70,9883,2017-11-08T20:56:37+00:00,0fa425ec819100fb29a4838e37e5d27e,,,False,,"{""payment_type"": ""credit_card"", ""payment_sequential"": 1, ""payment_installments"": 5}"
79dbadc3cd0a6aa1b1fc17d005721668-p1,3a502a4d1e63887120fdc3b323224d70,5434,2017-11-08T20:56:07+00:00,79dbadc3cd0a6aa1b1fc17d005721668,,,False,,"{""payment_type"": ""credit_card"", ""payment_sequential"": 1, ""payment_installments"": 5}"
57a7a016ca8904a8f90708dff70e7ef7-p1,8cfef84e2f4a8165cd749543ebfb0fab,7515,2017-11-08T21:06:23+00:00,57a7a016ca8904a8f90708dff70e7ef7,,,False,,"{""payment_type"": ""credit_card"", ""payment_sequential"": 1, ""payment_installments"": 1}"
71385d0c646fbc757cfd07df085986d7-p1,c4c088737a539f84fab061a3299dfe58,15999,2017-11-08T20:56:03+00:00,71385d0c646fbc757cfd07df085986d7,,,False,,"{""payment_type"": ""credit_card"", ""payment_sequential"": 1, ""payment_installments"": 3}"
0b1e7d45ede8adf7964c242ce45846f6-p1,c8d14082e78aa5dc1d332386f18b9547,7916,2017-11-10T02:55:56+00:00,0b1e7d45ede8adf7964c242ce45846f6,,,False,,"{""payment_type"": ""boleto"", ""payment_sequential"": 1, ""payment_installments"": 1}"
a8b9282d0c831ea24e2884c9620c38c9-p1,762d95e6254ec7735e906476e047f333,7334,2017-11-09T05:31:35+00:00,a8b9282d0c831ea24e2884c9620c38c9,,,False,,"{""payment_type"": ""boleto"", ""payment_sequential"": 1, ""payment_installments"": 1}"
32c0f2887a1713ac4c720ebd9a65bae9-p1,dd493718ff91bbd78cc0183714db5e41,5760,2017-11-08T21:26:57+00:00,32c0f2887a1713ac4c720ebd9a65bae9,,,False,,"{""payment_type"": ""credit_card"", ""payment_sequential"": 1, ""payment_installments"": 2}"
02346fd715e28d8e4fdb6893cd121f71-p1,4e43a8dc4b83f80e615beed495cd2229,16365,2017-11-08T21:26:31+00:00,02346fd715e28d8e4db6893cd121f71,02346fd715e28d8e4fdb6893cd121f71,,True,,"{""payment_type"": ""credit_card"", ""payment_sequential"": 1, ""payment_installments"": 1, ""fault_id"": ""B""}"
b4cfa6c1beefe05bb9c7d2ec59a3773a-p1,8b1ccc13f7b4f43b1086e25ad6de62fe,12068,2017-11-10T03:06:28+00:00,b4cfa6c1beefe05bb9c7d2ec59a3773a,,,False,,"{""payment_type"": ""boleto"", ""payment_sequential"": 1, ""payment_installments"": 1}"
25565bbcafc22cee9f5789413e9a6ac9-p1,3ea232fed25a7658e342455efdf64e47,4253,2017-11-08T21:26:32+00:00,25565bbcafc22cee9f5789413e9a6ac9,,,False,,"{""payment_type"": ""credit_card"", ""payment_sequential"": 1, ""payment_installments"": 1}"
7577e6378383be8d29e8e0cc18a880cb-p1,4fc8594d4bd9b2157025e4bb48c2d30c,7334,2017-11-08T21:26:28+00:00,7577e6378383be8d29e8e0cc18a880cb,,,False,,"{""payment_type"": ""credit_card"", ""payment_sequential"": 1, ""payment_installments"": 3}"
d774b8d135addfe83ea0616b71a2f32a-p1,ee2e6bc257be86dc7ddd9e85736cc5ec,8341,2017-11-08T21:26:59+00:00,d774b8d135addfe83ea0616b71a2f32a,,,False,,"{""payment_type"": ""credit_card"", ""payment_sequential"": 1, ""payment_installments"": 1}"
328f1e996c8251549a0e319d7eaa0f31-p1,1cefd0f4bd73d31db705295737c02e2f,7804,2017-11-08T21:46:24+00:00,328f1e996c8251549a0e319d7eaa0f31,,,False,,"{""payment_type"": ""voucher"", ""payment_sequential"": 1, ""payment_installments"": 1}"
fdc0c4c2efc395cf5b80b60f573097cd-p1,8f27be984f3f629801e5135210e0b54e,13376,2017-11-08T21:50:25+00:00,fdc0c4c2efc395cf5b80b60f573097cd,,,False,,"{""payment_type"": ""credit_card"", ""payment_sequential"": 1, ""payment_installments"": 1}"
260ec445d18b2120c8ab6f87ecae2a1d-p2,fb858ea00ed6b2356f27e1383e717ae3,9117,2017-11-08T21:55:24+00:00,260ec445d18b2120c8ab6f87ecae2a1d,,,False,,"{""payment_type"": ""voucher"", ""payment_sequential"": 2, ""payment_installments"": 1}"
260ec445d18b2120c8ab6f87ecae2a1d-p1,fb858ea00ed6b2356f27e1383e717ae3,12942,2017-11-08T21:55:24+00:00,260ec445d18b2120c8ab6f87ecae2a1d,,,False,,"{""payment_type"": ""voucher"", ""payment_sequential"": 1, ""payment_installments"": 1}"
b552361bfa71f85d48c308d95c713f23-p1,9a9d85004f4f005b3a475df96187fe05,5759,2017-11-08T22:10:20+00:00,b552361bfa71f85d48c308d95c713f23,,,False,,"{""payment_type"": ""credit_card"", ""payment_sequential"": 1, ""payment_installments"": 1}"
359a6c8d5dfa54332e03367d0da42034-p1,ec0984f82dabc7a4737e13d8b0dbe85f,9933,2017-11-08T22:11:06+00:00,359a6c8d5dfa54332e03367d0da42034,,,False,,"{""payment_type"": ""credit_card"", ""payment_sequential"": 1, ""payment_installments"": 4}"
8343719a3a2ba5f03b26696bccdc754c-p1,999397669bd546fee85ffa4a5124abe3,3700,2017-11-08T22:16:03+00:00,8343719a3a2ba5f03b26696bccdc754c,,,False,,"{""payment_type"": ""credit_card"", ""payment_sequential"": 1, ""payment_installments"": 1}"
eb97cb9c0ed7c74852c09b053bf513c0-p1,51186e97f76f5e2c6feb3be05065b977,1778,2017-11-10T03:10:24+00:00,eb97cb9c0ed7c74852c09b053bf513c0,,,False,,"{""payment_type"": ""boleto"", ""payment_sequential"": 1, ""payment_installments"": 1}"
356fd0826eb73e2f62ab842bfe38b4c3-p1,c65cd71596c64eb012337d19ec8c7ec7,21128,2017-11-08T22:50:27+00:00,356fd0826eb73e2f62ab842bfe38b4c3,,,False,,"{""payment_type"": ""credit_card"", ""payment_sequential"": 1, ""payment_installments"": 4}"
be6619cf0f41dbf6491aafc3b5a0d638-p1,3490168e3acaf7c79dc72a00dfaa500b,19264,2017-11-09T05:31:31+00:00,be6619cf0f41dbf6491aafc3b5a0d638,,,False,,"{""payment_type"": ""boleto"", ""payment_sequential"": 1, ""payment_installments"": 1}"
24385282a9d0bd77f93f0dd5accbb592-p1,f093c0084073c0a6eb9e3da83fb205bf,13900,2017-11-09T22:47:08+00:00,24385282a9d0bd77f93f0dd5accbb592,,,False,,"{""payment_type"": ""credit_card"", ""payment_sequential"": 1, ""payment_installments"": 2}"
164dbb4002232a772ca7a4c9b51eec97-p1,efa386c68ee843c10ab73a3f506b8f7c,3215,2017-11-08T23:11:11+00:00,164dbb4002232a772ca7a4c9b51eec97,,,False,,"{""payment_type"": ""credit_card"", ""payment_sequential"": 1, ""payment_installments"": 1}"
05b3b36808b4c685d4a2753ad6fec9a3-p1,1b3f87983f51dc8069dbb2fa88d6303f,7416,2017-11-08T23:11:11+00:00,05b3b36808b4c685d4a2753ad6fec9a3,,,False,,"{""payment_type"": ""credit_card"", ""payment_sequential"": 1, ""payment_installments"": 3}"
4c5c8e4d5eb79a80f344aa59a4d8d04c-p1,4eb6fcfd481ef3c2ab3afba135ef4bcc,20790,2017-11-08T23:10:56+00:00,4c5c8e4d5eb79a80f344aa59a4d8d04c,,,False,,"{""payment_type"": ""voucher"", ""payment_sequential"": 1, ""payment_installments"": 1}"
5b30ad24f4e7ba20015ff2f3c2c30aa5-p1,cf54a1aa8d1c6a5c89a1e006503fe3b4,11785,2017-11-08T23:12:12+00:00,5b30ad24f4e7ba20015ff2f3c2c30aa5,,,False,,"{""payment_type"": ""credit_card"", ""payment_sequential"": 1, ""payment_installments"": 10}"
6a3f1f1fc8944e768c77c0df361679f4-p1,03a9caea366a84e3e6015a26f097c83a,7507,2017-11-08T23:15:49+00:00,6a3f1f1fc8944e768c77c0df361679f4,,,False,,"{""payment_type"": ""credit_card"", ""payment_sequential"": 1, ""payment_installments"": 3}"
c2e69397a4831c2a5860d032ddbbe8f0-p1,8b4a48873b894bf55ec077439584a8d8,4759,2017-11-10T03:27:05+00:00,c2e69397a4831c2a5860d032ddbbe8f0,,,False,,"{""payment_type"": ""boleto"", ""payment_sequential"": 1, ""payment_installments"": 1}"
c464b6868164be2381b58e1fc6caa2f7-p1,de7aaf28dc616344f3b9549f1716d70c,82075,2017-11-08T23:31:13+00:00,c464b6868164be2381b58e1fc6caa2f7,,,False,,"{""payment_type"": ""credit_card"", ""payment_sequential"": 1, ""payment_installments"": 8}"
e130e08b65b9f7e69f6d1d02faf39488-p1,7456e305ab57ae3df0391f4275d1ba3c,12738,2017-11-09T00:31:18+00:00,e130e08b65b9f7e69f6d1d02faf39488,,,False,,"{""payment_type"": ""credit_card"", ""payment_sequential"": 1, ""payment_installments"": 2}"
90f6254d7d1be81c8b501dec6668d86a-p1,29b36e8709db24db3e302e60a2245a1c,6540,2017-11-09T00:31:18+00:00,90f6254d7d1be81c8b501dec6668d86a,,,False,,"{""payment_type"": ""credit_card"", ""payment_sequential"": 1, ""payment_installments"": 3}"
29bfedddd3697cd54c2388547b1864b5-p1,776cad3fee13e08b582b75eb3cff929b,16572,2017-11-09T00:32:04+00:00,29bfedddd3697cd54c2388547b1864b5,,,False,,"{""payment_type"": ""credit_card"", ""payment_sequential"": 1, ""payment_installments"": 2}"
f7666cba3dd9242a500443d3a1c9ad46-p1,c24e666b3337f7fc472cb2312efe1e24,9073,2017-11-10T16:33:24+00:00,f7666cba3dd9242a500443d3a1c9ad46,,,False,,"{""payment_type"": ""credit_card"", ""payment_sequential"": 1, ""payment_installments"": 1}"
400a23ca82e66aa5fb9d5017c381f27d-p1,b63b174849b8c1f8eeb009d2d57db644,16079,2017-11-09T01:31:03+00:00,400a23ca82e66aa5fb9d5017c381f27d,,,False,,"{""payment_type"": ""credit_card"", ""payment_sequential"": 1, ""payment_installments"": 1}"
30fd7baf715c4bcd55f1a39c84e56b1d-p1,79f702881c53df79e17ca351f94d9eec,4129,2017-11-09T01:31:02+00:00,30fd7baf715c4bcd55f1a39c84e56b1d,,,False,,"{""payment_type"": ""credit_card"", ""payment_sequential"": 1, ""payment_installments"": 1}"
a68dcfa331c5289cc9a15c24e3c1e476-p1,13e6b0e350ed161c70ce5447dfa173a5,17382,2017-11-09T02:30:58+00:00,a68dcfa331c5289cc9a15c24e3c1e476,,,False,,"{""payment_type"": ""credit_card"", ""payment_sequential"": 1, ""payment_installments"": 2}"
c19151387b76297886c53149367cac4d-p1,d51f2db09ab57334edc3b1db9db5f9ba,6008,2017-11-09T02:30:59+00:00,c19151387b76297886c53149367cac4d,,,False,,"{""payment_type"": ""credit_card"", ""payment_sequential"": 1, ""payment_installments"": 1}"
c1d2b34febe9cd269e378117d6681172-p1,9eae34bbd3a474ec5d07949ca7de67c0,27579,2017-11-10T00:47:48+00:00,c1d2b34febe9cd269e378117d6681172,,,False,,"{""payment_type"": ""credit_card"", ""payment_sequential"": 1, ""payment_installments"": 1}"
c3341ac81d23f61418efcca37cff454d-p1,524b08d2c1603df81425b422efcae7bf,15728,2017-11-09T03:31:16+00:00,c3341ac81d23f61418efcca37cff454d,,,False,,"{""payment_type"": ""credit_card"", ""payment_sequential"": 1, ""payment_installments"": 5}"
b3c1851a1730d45ed539eec30414e580-p1,de737e1b461fd8095d3f4e1eed55afaa,21891,2017-11-09T04:31:11+00:00,b3c1851a1730d45ed539eec30414e580,,,False,,"{""payment_type"": ""credit_card"", ""payment_sequential"": 1, ""payment_installments"": 4}"
ae5006e8bc74e1aba0f5f41bd117cdaa-p1,49f5ddfc3fee09b6f009d45c5c947b7d,10730,2017-11-09T06:30:43+00:00,ae5006e8bc74e1aba0f5f41bd117cdaa,,,False,,"{""payment_type"": ""credit_card"", ""payment_sequential"": 1, ""payment_installments"": 1}"
79fe48b364804e62431c8f465e16f76e-p1,f0d35e234997ee63e62d77f2c863fd3c,8271,2017-11-10T06:10:31+00:00,79fe48b364804e62431c8f465e16f76e,,,False,,"{""payment_type"": ""credit_card"", ""payment_sequential"": 1, ""payment_installments"": 3}"
a2631791e4e10f8982af38bcdc3e09eb-p1,af29e646c569f6ecdc3c6a6c83a22043,11817,2017-11-09T07:46:08+00:00,a2631791e4e10f8982af38bcdc3e09eb,,,False,,"{""payment_type"": ""credit_card"", ""payment_sequential"": 1, ""payment_installments"": 8}"
3bb9b0ab151de6d32543f721e301d58b-p1,1e4433d38115fa06e1276c9fe9dc9c16,21782,2017-11-09T08:15:34+00:00,3bb9b0ab151de6d32543f721e301d58b,,,False,,"{""payment_type"": ""credit_card"", ""payment_sequential"": 1, ""payment_installments"": 10}"
5d7e30ce84d0d3813b10a6d0ffb7884f-p1,318bd12e1c1068f2f0893f1c225813fe,14786,2017-11-09T08:46:37+00:00,5d7e30ce84d0d3813b10a6d0ffb7884f,,,False,,"{""payment_type"": ""credit_card"", ""payment_sequential"": 1, ""payment_installments"": 1}"
6e23efed2925ed4ed5a1f1d9e14aef78-p1,e3753196e6a35f591e5bc087ec011abc,18672,2017-11-09T08:50:36+00:00,6e23efed2925ed4ed5a1f1d9e14aef78,,,False,,"{""payment_type"": ""credit_card"", ""payment_sequential"": 1, ""payment_installments"": 3}"
578d7094e744d84a1f539b5bf4aa4928-p1,df492b4304f78ee528c63813d1ad2e06,13907,2017-11-09T09:06:43+00:00,578d7094e744d84a1f539b5bf4aa4928,,,False,,"{""payment_type"": ""credit_card"", ""payment_sequential"": 1, ""payment_installments"": 2}"
40ec2cf5cb1eb0bf1ea2b117552fecb5-p1,668a97d6246427dbd84719e055c7c2f6,9028,2017-11-09T09:06:35+00:00,40ec2cf5cb1eb0bf1ea2b117552fecb5,,,False,,"{""payment_type"": ""credit_card"", ""payment_sequential"": 1, ""payment_installments"": 2}"
79a68130386b697623d584437942d0b5-p1,13c9dda47d33c5e8f7794e17aaa38be1,17836,2017-11-11T03:10:28+00:00,79a68130386b697623d584437942d0b5,,,False,,"{""payment_type"": ""boleto"", ""payment_sequential"": 1, ""payment_installments"": 1}"
10747be3ee825f1a6d8bead521a4e55a-p1,3714b9d31c4561ee723a2d90f69606a1,5169,2017-11-09T09:30:30+00:00,10747be3ee825f1a6d8bead521a4e55a,,,False,,"{""payment_type"": ""credit_card"", ""payment_sequential"": 1, ""payment_installments"": 5}"
7b8adf17d100cd7c851eff1f6496083a-p1,9981513022a8761127f65c03c1d9d5f7,16751,2017-11-09T09:50:19+00:00,7b8adf17d100cd7c851eff1f6496083a,,,False,,"{""payment_type"": ""credit_card"", ""payment_sequential"": 1, ""payment_installments"": 2}"
5720bc11a86749d980e65cac6e3ff08f-p1,30a0640ac0c764b1bb8622eaa476de2f,18648,2017-11-09T09:50:45+00:00,5720bc11a86749d980e65cac6e3ff08f,,,False,,"{""payment_type"": ""credit_card"", ""payment_sequential"": 1, ""payment_installments"": 3}"
57597099a6ac29d8c13878e3945ce6ad-p1,85b8e57bd6da1c3c8d360436213b9a9b,12701,2017-11-09T09:50:37+00:00,57597099a6ac29d8c13878e3945ce6ad,,,False,,"{""payment_type"": ""credit_card"", ""payment_sequential"": 1, ""payment_installments"": 2}"
35db0e3e9fffd2d0187b56f434931db4-p1,d25cd3919a16f7166425b3d00717e60a,18594,2017-11-10T09:50:25+00:00,35db0e3e9fffd2d0187b56f434931db4,,,False,,"{""payment_type"": ""credit_card"", ""payment_sequential"": 1, ""payment_installments"": 1}"
a7c15b0c36e82951ecee0ed6d850ebb0-p1,bb490ef16aa39f140bfeb172ee89a45b,7275,2017-11-09T10:06:41+00:00,a7c15b0c36e82951ecee0ed6d850ebb0,,,False,,"{""payment_type"": ""credit_card"", ""payment_sequential"": 1, ""payment_installments"": 2}"
3aa2bb5da854c543e0478288f4bb4301-p1,ec0eaa175bd25624410b15627f6197df,5333,2017-11-10T22:30:51+00:00,3aa2bb5da854c543e0478288f4bb4301,,,False,,"{""payment_type"": ""credit_card"", ""payment_sequential"": 1, ""payment_installments"": 5}"
507ade1b30ebcd50657684efabcd135f-p1,2eac18b475d7d985f0ab52b9c010f59f,4593,2017-11-09T10:26:52+00:00,507ade1b30ebcd50657684efabcd135f,,,False,,"{""payment_type"": ""credit_card"", ""payment_sequential"": 1, ""payment_installments"": 1}"
b479bb7a8182b9fcf71fccba6cfcf859-p1,9aadb05aceef3671ab1ac129837e6a19,8415,2017-11-09T10:35:32+00:00,b479bb7a8182b9fcf71fccba6cfcf859,,,False,,"{""payment_type"": ""credit_card"", ""payment_sequential"": 1, ""payment_installments"": 5}"
e936ad2dc09aa59fa1d6647ee72f1ead-p1,f8945c1122a948f727f6cc5f56f02532,34195,2017-11-11T03:10:42+00:00,e936ad2dc09aa59fa1d6647ee72f1ead,,,False,,"{""payment_type"": ""boleto"", ""payment_sequential"": 1, ""payment_installments"": 1}"
e32a917953bcef4f0dc22172bb6dec57-p1,a13ea5067343ece449a13ccdfa4b388b,23528,2017-11-09T10:46:47+00:00,e32a917953bcef4f0dc22172bb6dec57,,,False,,"{""payment_type"": ""credit_card"", ""payment_sequential"": 1, ""payment_installments"": 4}"
3e1f23a0732ed12cf355a855e7b84a58-p1,27f88ecdda08ca7521374e9644642bba,5811,2017-11-10T03:27:26+00:00,3e1f23a0732ed12cf355a855e7b84a58,,,False,,"{""payment_type"": ""boleto"", ""payment_sequential"": 1, ""payment_installments"": 1}"
a07355f9fa72ba9605c5e87a93ceac0c-p1,82b10cac246970ffdf60e1d93a9a9816,7757,2017-11-09T11:10:59+00:00,a07355f9fa72ba9605c5e87a93ceac0c,,,False,,"{""payment_type"": ""credit_card"", ""payment_sequential"": 1, ""payment_installments"": 1}"
670c2c5576afd689e7694569bd7a16fc-p1,46ae1d535796f9407468dc3de56463c3,8514,2017-11-10T02:56:52+00:00,670c2c5576afd689e7694569bd7a16fc,,,False,,"{""payment_type"": ""boleto"", ""payment_sequential"": 1, ""payment_installments"": 1}"
d1292690e5d721165cfcbc331e8c46ca-p1,c6b6b60c58ee97f4536c1eba5c2d110c,15122,2017-11-09T11:15:51+00:00,d1292690e5d721165cfcbc331e8c46ca,,,False,,"{""payment_type"": ""credit_card"", ""payment_sequential"": 1, ""payment_installments"": 1}"
97e25bac8d2e92f5d90a5e43925bb85f-p1,b671e82f0b2f2e714a51d67da28843e9,4410,2017-11-09T11:15:39+00:00,97e25bac8d2e92f5d90a5e43925bb85f,,,False,,"{""payment_type"": ""credit_card"", ""payment_sequential"": 1, ""payment_installments"": 4}"
0f13cc32312efa26fb2a0f9176f070d2-p1,3ed0874522994e4546f6867dd2e15e7f,6246,2017-11-09T11:15:51+00:00,0f13cc32312efa26fb2a0f9176f070d2,,,False,,"{""payment_type"": ""credit_card"", ""payment_sequential"": 1, ""payment_installments"": 2}"
97b29283af3491c2c82f26f6f848d210-p1,13f6b0a02ae595d07b4754cd8d2cfaca,13805,2017-11-09T11:26:38+00:00,97b29283af3491c2c82f26f6f848d210,,,False,,"{""payment_type"": ""credit_card"", ""payment_sequential"": 1, ""payment_installments"": 2}"
9c4f3693a36ba481e0d9da739679660c-p1,f9242445fc633a8871f2a6c4a033c8bf,36027,2017-11-09T11:26:38+00:00,9c4f3693a36ba481e0d9da739679660c,,,True,,"{""payment_type"": ""credit_card"", ""payment_sequential"": 1, ""payment_installments"": 3, ""fault_id"": ""D"", ""shortfall_centavos"": 1257}"
c4644f8b9bfad66c5105dbfa8f74b65b-p1,e1cc99aeefde14c615a58d95db131e1b,6500,2017-11-09T11:31:06+00:00,c4644f8b9bfad66c5105dbfa8f74b65b,,,False,,"{""payment_type"": ""credit_card"", ""payment_sequential"": 1, ""payment_installments"": 2}"
8193580d95dea97d43937711060b2846-p1,da1e7179b9c5a1494d78528cbcf05aa0,139179,2017-11-10T02:55:59+00:00,8193580d95dea97d43937711060b2846,,,False,,"{""payment_type"": ""boleto"", ""payment_sequential"": 1, ""payment_installments"": 1}"
b04d84637e699400841a0140b25cf027-p1,10407344bb5d7f2c0f855f00aa03a256,5301,2017-11-10T03:26:55+00:00,b04d84637e699400841a0140b25cf027,,,False,,"{""payment_type"": ""boleto"", ""payment_sequential"": 1, ""payment_installments"": 1}"
caf1e4cf5f0a231f4b65e485884dc4aa-p1,0f07f80fc5d33a2d274a55d022b88346,34202,2017-11-09T12:06:34+00:00,caf1e4cf5f0a231f4b65e485884dc4aa,,,False,,"{""payment_type"": ""credit_card"", ""payment_sequential"": 1, ""payment_installments"": 8}"
024d4903890a56c2e98df63a32206bd9-p1-dup,d1977d0dffcab41b61db477ceecc3746,7617,2017-11-05T09:50:38+00:00,024d4903890a56c2e98df63a32206bd9,,,True,,"{""payment_type"": ""credit_card"", ""payment_sequential"": 1, ""payment_installments"": 1, ""fault_id"": ""C"", ""duplicate_source_id"": ""024d4903890a56c2e98df63a32206bd9-p1""}"
02542d42d329f6514533eef3af91edf9-p1-dup,1b61b6490c6d609224d6e8bb4bc415a4,15852,2017-11-07T19:51:15+00:00,02542d42d329f6514533eef3af91edf9,,,True,,"{""payment_type"": ""credit_card"", ""payment_sequential"": 1, ""payment_installments"": 2, ""fault_id"": ""C"", ""duplicate_source_id"": ""02542d42d329f6514533eef3af91edf9-p1""}"
029f37989dcd7c9b928028086d68034b-p1-dup,c8f4f0e903ec33304d2c7a5301a94c7e,8615,2017-11-01T08:15:19+00:00,029f37989dcd7c9b928028086d68034b,,,True,,"{""payment_type"": ""credit_card"", ""payment_sequential"": 1, ""payment_installments"": 2, ""fault_id"": ""C"", ""duplicate_source_id"": ""029f37989dcd7c9b928028086d68034b-p1""}"
02c371100bf54facae80322579c7fefb-p1-dup,57687546c853c106a30036e7c483dc7d,5924,2017-11-07T06:31:37+00:00,02c371100bf54facae80322579c7fefb,,,True,,"{""payment_type"": ""credit_card"", ""payment_sequential"": 1, ""payment_installments"": 1, ""fault_id"": ""C"", ""duplicate_source_id"": ""02c371100bf54facae80322579c7fefb-p1""}"
02e8498a91ec0e72dfaff47b27c805a3-p1-dup,d2e88d9c50422550ee9b0fc82c8208c4,10274,2017-11-04T07:30:41+00:00,02e8498a91ec0e72dfaff47b27c805a3,,,True,,"{""payment_type"": ""boleto"", ""payment_sequential"": 1, ""payment_installments"": 1, ""fault_id"": ""C"", ""duplicate_source_id"": ""02e8498a91ec0e72dfaff47b27c805a3-p1""}"
02f886b28af7079755677a544bc54fda-p1-dup,eba485f19136a2796edc73bc0dd274e7,12414,2017-11-09T05:31:39+00:00,02f886b28af7079755677a544bc54fda,,,True,,"{""payment_type"": ""boleto"", ""payment_sequential"": 1, ""payment_installments"": 1, ""fault_id"": ""C"", ""duplicate_source_id"": ""02f886b28af7079755677a544bc54fda-p1""}"
034e643b615bc5da33b1ede13e2ae803-p1-dup,e696aa94a87c8e7c24562a26491c2e69,18505,2017-11-05T13:55:26+00:00,034e643b615bc5da33b1ede13e2ae803,,,True,,"{""payment_type"": ""credit_card"", ""payment_sequential"": 1, ""payment_installments"": 8, ""fault_id"": ""C"", ""duplicate_source_id"": ""034e643b615bc5da33b1ede13e2ae803-p1""}"
03604d9c184f9290e997c49fb585b2b5-p1-dup,555ff7c7aa057a4f340c8ec9e26986f2,1381,2017-11-08T17:30:52+00:00,03604d9c184f9290e997c49fb585b2b5,,,True,,"{""payment_type"": ""voucher"", ""payment_sequential"": 1, ""payment_installments"": 1, ""fault_id"": ""C"", ""duplicate_source_id"": ""03604d9c184f9290e997c49fb585b2b5-p1""}"
03604d9c184f9290e997c49fb585b2b5-p2-dup,555ff7c7aa057a4f340c8ec9e26986f2,33929,2017-11-08T17:30:52+00:00,03604d9c184f9290e997c49fb585b2b5,,,True,,"{""payment_type"": ""voucher"", ""payment_sequential"": 2, ""payment_installments"": 1, ""fault_id"": ""C"", ""duplicate_source_id"": ""03604d9c184f9290e997c49fb585b2b5-p2""}"
cf196f76ab79db89d7a714a242256df1-p1-merged,12b62a8d3c4911b9a80b935037842fc0,21062,2017-11-07T23:06:19+00:00,cf196f76ab79db89d7a714a242256df1,,,True,,"{""payment_type"": ""credit_card"", ""payment_sequential"": 1, ""payment_installments"": 4, ""fault_id"": ""F"", ""merged_order_ids"": [""cf196f76ab79db89d7a714a242256df1"", ""dede3c730917196be4447afe5e985528""]}"
f83c07d038cf7ce0132a5797f823e4fe-p1-merged,2fc5e667ccf2a1c87a798be23f1c920a,43741,2017-11-04T14:10:38+00:00,f83c07d038cf7ce0132a5797f823e4fe,,,True,,"{""payment_type"": ""credit_card"", ""payment_sequential"": 1, ""payment_installments"": 4, ""fault_id"": ""F"", ""merged_order_ids"": [""f83c07d038cf7ce0132a5797f823e4fe"", ""f8e76bb341db0c60411beac8a83f312a""]}"
857c7d158a6669fae8d2aa86c645f021-p1-merged,3a131e6c88849b1d0b28020c3809ea29,19881,2017-11-07T07:30:40+00:00,857c7d158a6669fae8d2aa86c645f021,,,True,,"{""payment_type"": ""boleto"", ""payment_sequential"": 1, ""payment_installments"": 1, ""fault_id"": ""F"", ""merged_order_ids"": [""857c7d158a6669fae8d2aa86c645f021"", ""8c2c2b26ae4677e7457b0daaea13a8d3""]}"
